# * COMPONENTS * 
#
# file generated by ** cup.H ** 
#
# a drude model was used for silver
# ------------- 
# ome (eV)	real(eps1)	imag(eps1)	real(eps2)	imag(eps2)
#
  2.3     	2.11129    	-0.00297343	-12.1198   	0.172684   
  2.3001  	2.11129    	-0.00297457	-12.1183   	0.172661   
  2.3002  	2.11129    	-0.0029757 	-12.1168   	0.172639   
  2.3003  	2.11128    	-0.00297684	-12.1153   	0.172616   
  2.3004  	2.11128    	-0.00297798	-12.1138   	0.172594   
  2.3005  	2.11127    	-0.00297912	-12.1123   	0.172571   
  2.3006  	2.11127    	-0.00298026	-12.1108   	0.172549   
  2.3007  	2.11127    	-0.0029814 	-12.1092   	0.172526   
  2.3008  	2.11126    	-0.00298254	-12.1077   	0.172504   
  2.3009  	2.11126    	-0.00298368	-12.1062   	0.172481   
  2.301   	2.11126    	-0.00298483	-12.1047   	0.172459   
  2.3011  	2.11125    	-0.00298597	-12.1032   	0.172436   
  2.3012  	2.11125    	-0.00298711	-12.1017   	0.172414   
  2.3013  	2.11124    	-0.00298826	-12.1002   	0.172391   
  2.3014  	2.11124    	-0.00298941	-12.0987   	0.172369   
  2.3015  	2.11124    	-0.00299055	-12.0971   	0.172346   
  2.3016  	2.11123    	-0.0029917 	-12.0956   	0.172324   
  2.3017  	2.11123    	-0.00299285	-12.0941   	0.172301   
  2.3018  	2.11122    	-0.00299399	-12.0926   	0.172279   
  2.3019  	2.11122    	-0.00299514	-12.0911   	0.172256   
  2.302   	2.11122    	-0.00299629	-12.0896   	0.172234   
  2.3021  	2.11121    	-0.00299744	-12.0881   	0.172212   
  2.3022  	2.11121    	-0.00299859	-12.0866   	0.172189   
  2.3023  	2.11121    	-0.00299974	-12.0851   	0.172167   
  2.3024  	2.1112     	-0.0030009 	-12.0835   	0.172144   
  2.3025  	2.1112     	-0.00300205	-12.082    	0.172122   
  2.3026  	2.11119    	-0.0030032 	-12.0805   	0.172099   
  2.3027  	2.11119    	-0.00300436	-12.079    	0.172077   
  2.3028  	2.11119    	-0.00300551	-12.0775   	0.172055   
  2.3029  	2.11118    	-0.00300667	-12.076    	0.172032   
  2.303   	2.11118    	-0.00300782	-12.0745   	0.17201    
  2.3031  	2.11118    	-0.00300898	-12.073    	0.171987   
  2.3032  	2.11117    	-0.00301014	-12.0715   	0.171965   
  2.3033  	2.11117    	-0.00301129	-12.07     	0.171943   
  2.3034  	2.11116    	-0.00301245	-12.0685   	0.17192    
  2.3035  	2.11116    	-0.00301361	-12.0669   	0.171898   
  2.3036  	2.11116    	-0.00301477	-12.0654   	0.171875   
  2.3037  	2.11115    	-0.00301593	-12.0639   	0.171853   
  2.3038  	2.11115    	-0.00301709	-12.0624   	0.171831   
  2.3039  	2.11114    	-0.00301826	-12.0609   	0.171808   
  2.304   	2.11114    	-0.00301942	-12.0594   	0.171786   
  2.3041  	2.11114    	-0.00302058	-12.0579   	0.171763   
  2.3042  	2.11113    	-0.00302175	-12.0564   	0.171741   
  2.3043  	2.11113    	-0.00302291	-12.0549   	0.171719   
  2.3044  	2.11113    	-0.00302408	-12.0534   	0.171696   
  2.3045  	2.11112    	-0.00302524	-12.0519   	0.171674   
  2.3046  	2.11112    	-0.00302641	-12.0504   	0.171652   
  2.3047  	2.11111    	-0.00302758	-12.0489   	0.171629   
  2.3048  	2.11111    	-0.00302874	-12.0474   	0.171607   
  2.3049  	2.11111    	-0.00302991	-12.0459   	0.171585   
  2.305   	2.1111     	-0.00303108	-12.0444   	0.171562   
  2.3051  	2.1111     	-0.00303225	-12.0428   	0.17154    
  2.3052  	2.11109    	-0.00303342	-12.0413   	0.171518   
  2.3053  	2.11109    	-0.00303459	-12.0398   	0.171495   
  2.3054  	2.11109    	-0.00303577	-12.0383   	0.171473   
  2.3055  	2.11108    	-0.00303694	-12.0368   	0.171451   
  2.3056  	2.11108    	-0.00303811	-12.0353   	0.171428   
  2.3057  	2.11107    	-0.00303929	-12.0338   	0.171406   
  2.3058  	2.11107    	-0.00304046	-12.0323   	0.171384   
  2.3059  	2.11107    	-0.00304164	-12.0308   	0.171362   
  2.306   	2.11106    	-0.00304281	-12.0293   	0.171339   
  2.3061  	2.11106    	-0.00304399	-12.0278   	0.171317   
  2.3062  	2.11106    	-0.00304517	-12.0263   	0.171295   
  2.3063  	2.11105    	-0.00304634	-12.0248   	0.171272   
  2.3064  	2.11105    	-0.00304752	-12.0233   	0.17125    
  2.3065  	2.11104    	-0.0030487 	-12.0218   	0.171228   
  2.3066  	2.11104    	-0.00304988	-12.0203   	0.171206   
  2.3067  	2.11104    	-0.00305106	-12.0188   	0.171183   
  2.3068  	2.11103    	-0.00305224	-12.0173   	0.171161   
  2.3069  	2.11103    	-0.00305343	-12.0158   	0.171139   
  2.307   	2.11102    	-0.00305461	-12.0143   	0.171117   
  2.3071  	2.11102    	-0.00305579	-12.0128   	0.171094   
  2.3072  	2.11102    	-0.00305698	-12.0113   	0.171072   
  2.3073  	2.11101    	-0.00305816	-12.0098   	0.17105    
  2.3074  	2.11101    	-0.00305935	-12.0083   	0.171028   
  2.3075  	2.111      	-0.00306053	-12.0068   	0.171005   
  2.3076  	2.111      	-0.00306172	-12.0053   	0.170983   
  2.3077  	2.111      	-0.00306291	-12.0038   	0.170961   
  2.3078  	2.11099    	-0.0030641 	-12.0023   	0.170939   
  2.3079  	2.11099    	-0.00306529	-12.0008   	0.170916   
  2.308   	2.11099    	-0.00306648	-11.9993   	0.170894   
  2.3081  	2.11098    	-0.00306767	-11.9978   	0.170872   
  2.3082  	2.11098    	-0.00306886	-11.9963   	0.17085    
  2.3083  	2.11097    	-0.00307005	-11.9948   	0.170828   
  2.3084  	2.11097    	-0.00307124	-11.9933   	0.170805   
  2.3085  	2.11097    	-0.00307243	-11.9918   	0.170783   
  2.3086  	2.11096    	-0.00307363	-11.9903   	0.170761   
  2.3087  	2.11096    	-0.00307482	-11.9888   	0.170739   
  2.3088  	2.11095    	-0.00307602	-11.9873   	0.170717   
  2.3089  	2.11095    	-0.00307721	-11.9858   	0.170695   
  2.309   	2.11095    	-0.00307841	-11.9843   	0.170672   
  2.3091  	2.11094    	-0.00307961	-11.9828   	0.17065    
  2.3092  	2.11094    	-0.00308081	-11.9813   	0.170628   
  2.3093  	2.11093    	-0.003082  	-11.9798   	0.170606   
  2.3094  	2.11093    	-0.0030832 	-11.9783   	0.170584   
  2.3095  	2.11093    	-0.0030844 	-11.9768   	0.170562   
  2.3096  	2.11092    	-0.0030856 	-11.9753   	0.170539   
  2.3097  	2.11092    	-0.00308681	-11.9738   	0.170517   
  2.3098  	2.11091    	-0.00308801	-11.9723   	0.170495   
  2.3099  	2.11091    	-0.00308921	-11.9709   	0.170473   
  2.31    	2.11091    	-0.00309041	-11.9694   	0.170451   
  2.3101  	2.1109     	-0.00309162	-11.9679   	0.170429   
  2.3102  	2.1109     	-0.00309282	-11.9664   	0.170407   
  2.3103  	2.11089    	-0.00309403	-11.9649   	0.170384   
  2.3104  	2.11089    	-0.00309524	-11.9634   	0.170362   
  2.3105  	2.11089    	-0.00309644	-11.9619   	0.17034    
  2.3106  	2.11088    	-0.00309765	-11.9604   	0.170318   
  2.3107  	2.11088    	-0.00309886	-11.9589   	0.170296   
  2.3108  	2.11088    	-0.00310007	-11.9574   	0.170274   
  2.3109  	2.11087    	-0.00310128	-11.9559   	0.170252   
  2.311   	2.11087    	-0.00310249	-11.9544   	0.17023    
  2.3111  	2.11086    	-0.0031037 	-11.9529   	0.170208   
  2.3112  	2.11086    	-0.00310491	-11.9514   	0.170185   
  2.3113  	2.11086    	-0.00310612	-11.9499   	0.170163   
  2.3114  	2.11085    	-0.00310734	-11.9484   	0.170141   
  2.3115  	2.11085    	-0.00310855	-11.947    	0.170119   
  2.3116  	2.11084    	-0.00310977	-11.9455   	0.170097   
  2.3117  	2.11084    	-0.00311098	-11.944    	0.170075   
  2.3118  	2.11084    	-0.0031122 	-11.9425   	0.170053   
  2.3119  	2.11083    	-0.00311342	-11.941    	0.170031   
  2.312   	2.11083    	-0.00311463	-11.9395   	0.170009   
  2.3121  	2.11082    	-0.00311585	-11.938    	0.169987   
  2.3122  	2.11082    	-0.00311707	-11.9365   	0.169965   
  2.3123  	2.11082    	-0.00311829	-11.935    	0.169943   
  2.3124  	2.11081    	-0.00311951	-11.9335   	0.169921   
  2.3125  	2.11081    	-0.00312073	-11.932    	0.169899   
  2.3126  	2.1108     	-0.00312195	-11.9306   	0.169877   
  2.3127  	2.1108     	-0.00312318	-11.9291   	0.169855   
  2.3128  	2.1108     	-0.0031244 	-11.9276   	0.169833   
  2.3129  	2.11079    	-0.00312562	-11.9261   	0.169811   
  2.313   	2.11079    	-0.00312685	-11.9246   	0.169788   
  2.3131  	2.11078    	-0.00312807	-11.9231   	0.169766   
  2.3132  	2.11078    	-0.0031293 	-11.9216   	0.169744   
  2.3133  	2.11078    	-0.00313053	-11.9201   	0.169722   
  2.3134  	2.11077    	-0.00313175	-11.9186   	0.1697     
  2.3135  	2.11077    	-0.00313298	-11.9172   	0.169678   
  2.3136  	2.11076    	-0.00313421	-11.9157   	0.169656   
  2.3137  	2.11076    	-0.00313544	-11.9142   	0.169634   
  2.3138  	2.11076    	-0.00313667	-11.9127   	0.169612   
  2.3139  	2.11075    	-0.0031379 	-11.9112   	0.16959    
  2.314   	2.11075    	-0.00313914	-11.9097   	0.169568   
  2.3141  	2.11074    	-0.00314037	-11.9082   	0.169546   
  2.3142  	2.11074    	-0.0031416 	-11.9067   	0.169525   
  2.3143  	2.11074    	-0.00314284	-11.9053   	0.169503   
  2.3144  	2.11073    	-0.00314407	-11.9038   	0.169481   
  2.3145  	2.11073    	-0.00314531	-11.9023   	0.169459   
  2.3146  	2.11072    	-0.00314654	-11.9008   	0.169437   
  2.3147  	2.11072    	-0.00314778	-11.8993   	0.169415   
  2.3148  	2.11072    	-0.00314902	-11.8978   	0.169393   
  2.3149  	2.11071    	-0.00315025	-11.8963   	0.169371   
  2.315   	2.11071    	-0.00315149	-11.8948   	0.169349   
  2.3151  	2.1107     	-0.00315273	-11.8934   	0.169327   
  2.3152  	2.1107     	-0.00315397	-11.8919   	0.169305   
  2.3153  	2.1107     	-0.00315522	-11.8904   	0.169283   
  2.3154  	2.11069    	-0.00315646	-11.8889   	0.169261   
  2.3155  	2.11069    	-0.0031577 	-11.8874   	0.169239   
  2.3156  	2.11068    	-0.00315894	-11.8859   	0.169217   
  2.3157  	2.11068    	-0.00316019	-11.8845   	0.169195   
  2.3158  	2.11068    	-0.00316143	-11.883    	0.169173   
  2.3159  	2.11067    	-0.00316268	-11.8815   	0.169151   
  2.316   	2.11067    	-0.00316393	-11.88     	0.16913    
  2.3161  	2.11066    	-0.00316517	-11.8785   	0.169108   
  2.3162  	2.11066    	-0.00316642	-11.877    	0.169086   
  2.3163  	2.11066    	-0.00316767	-11.8756   	0.169064   
  2.3164  	2.11065    	-0.00316892	-11.8741   	0.169042   
  2.3165  	2.11065    	-0.00317017	-11.8726   	0.16902    
  2.3166  	2.11064    	-0.00317142	-11.8711   	0.168998   
  2.3167  	2.11064    	-0.00317267	-11.8696   	0.168976   
  2.3168  	2.11064    	-0.00317392	-11.8681   	0.168954   
  2.3169  	2.11063    	-0.00317518	-11.8667   	0.168933   
  2.317   	2.11063    	-0.00317643	-11.8652   	0.168911   
  2.3171  	2.11062    	-0.00317768	-11.8637   	0.168889   
  2.3172  	2.11062    	-0.00317894	-11.8622   	0.168867   
  2.3173  	2.11062    	-0.0031802 	-11.8607   	0.168845   
  2.3174  	2.11061    	-0.00318145	-11.8593   	0.168823   
  2.3175  	2.11061    	-0.00318271	-11.8578   	0.168801   
  2.3176  	2.1106     	-0.00318397	-11.8563   	0.16878    
  2.3177  	2.1106     	-0.00318523	-11.8548   	0.168758   
  2.3178  	2.11059    	-0.00318649	-11.8533   	0.168736   
  2.3179  	2.11059    	-0.00318775	-11.8519   	0.168714   
  2.318   	2.11059    	-0.00318901	-11.8504   	0.168692   
  2.3181  	2.11058    	-0.00319027	-11.8489   	0.16867    
  2.3182  	2.11058    	-0.00319153	-11.8474   	0.168649   
  2.3183  	2.11057    	-0.0031928 	-11.8459   	0.168627   
  2.3184  	2.11057    	-0.00319406	-11.8445   	0.168605   
  2.3185  	2.11057    	-0.00319533	-11.843    	0.168583   
  2.3186  	2.11056    	-0.00319659	-11.8415   	0.168561   
  2.3187  	2.11056    	-0.00319786	-11.84     	0.168539   
  2.3188  	2.11055    	-0.00319912	-11.8385   	0.168518   
  2.3189  	2.11055    	-0.00320039	-11.8371   	0.168496   
  2.319   	2.11055    	-0.00320166	-11.8356   	0.168474   
  2.3191  	2.11054    	-0.00320293	-11.8341   	0.168452   
  2.3192  	2.11054    	-0.0032042 	-11.8326   	0.16843    
  2.3193  	2.11053    	-0.00320547	-11.8312   	0.168409   
  2.3194  	2.11053    	-0.00320674	-11.8297   	0.168387   
  2.3195  	2.11053    	-0.00320801	-11.8282   	0.168365   
  2.3196  	2.11052    	-0.00320929	-11.8267   	0.168343   
  2.3197  	2.11052    	-0.00321056	-11.8252   	0.168322   
  2.3198  	2.11051    	-0.00321184	-11.8238   	0.1683     
  2.3199  	2.11051    	-0.00321311	-11.8223   	0.168278   
  2.32    	2.11051    	-0.00321439	-11.8208   	0.168256   
  2.3201  	2.1105     	-0.00321566	-11.8193   	0.168235   
  2.3202  	2.1105     	-0.00321694	-11.8179   	0.168213   
  2.3203  	2.11049    	-0.00321822	-11.8164   	0.168191   
  2.3204  	2.11049    	-0.0032195 	-11.8149   	0.168169   
  2.3205  	2.11048    	-0.00322078	-11.8134   	0.168148   
  2.3206  	2.11048    	-0.00322206	-11.812    	0.168126   
  2.3207  	2.11048    	-0.00322334	-11.8105   	0.168104   
  2.3208  	2.11047    	-0.00322462	-11.809    	0.168082   
  2.3209  	2.11047    	-0.00322591	-11.8075   	0.168061   
  2.321   	2.11046    	-0.00322719	-11.8061   	0.168039   
  2.3211  	2.11046    	-0.00322848	-11.8046   	0.168017   
  2.3212  	2.11046    	-0.00322976	-11.8031   	0.167996   
  2.3213  	2.11045    	-0.00323105	-11.8017   	0.167974   
  2.3214  	2.11045    	-0.00323233	-11.8002   	0.167952   
  2.3215  	2.11044    	-0.00323362	-11.7987   	0.16793    
  2.3216  	2.11044    	-0.00323491	-11.7972   	0.167909   
  2.3217  	2.11044    	-0.0032362 	-11.7958   	0.167887   
  2.3218  	2.11043    	-0.00323749	-11.7943   	0.167865   
  2.3219  	2.11043    	-0.00323878	-11.7928   	0.167844   
  2.322   	2.11042    	-0.00324007	-11.7913   	0.167822   
  2.3221  	2.11042    	-0.00324136	-11.7899   	0.1678     
  2.3222  	2.11041    	-0.00324265	-11.7884   	0.167779   
  2.3223  	2.11041    	-0.00324395	-11.7869   	0.167757   
  2.3224  	2.11041    	-0.00324524	-11.7855   	0.167735   
  2.3225  	2.1104     	-0.00324654	-11.784    	0.167714   
  2.3226  	2.1104     	-0.00324783	-11.7825   	0.167692   
  2.3227  	2.11039    	-0.00324913	-11.781    	0.16767    
  2.3228  	2.11039    	-0.00325043	-11.7796   	0.167649   
  2.3229  	2.11039    	-0.00325173	-11.7781   	0.167627   
  2.323   	2.11038    	-0.00325303	-11.7766   	0.167605   
  2.3231  	2.11038    	-0.00325432	-11.7752   	0.167584   
  2.3232  	2.11037    	-0.00325563	-11.7737   	0.167562   
  2.3233  	2.11037    	-0.00325693	-11.7722   	0.16754    
  2.3234  	2.11037    	-0.00325823	-11.7708   	0.167519   
  2.3235  	2.11036    	-0.00325953	-11.7693   	0.167497   
  2.3236  	2.11036    	-0.00326084	-11.7678   	0.167476   
  2.3237  	2.11035    	-0.00326214	-11.7663   	0.167454   
  2.3238  	2.11035    	-0.00326345	-11.7649   	0.167432   
  2.3239  	2.11034    	-0.00326475	-11.7634   	0.167411   
  2.324   	2.11034    	-0.00326606	-11.7619   	0.167389   
  2.3241  	2.11034    	-0.00326737	-11.7605   	0.167367   
  2.3242  	2.11033    	-0.00326867	-11.759    	0.167346   
  2.3243  	2.11033    	-0.00326998	-11.7575   	0.167324   
  2.3244  	2.11032    	-0.00327129	-11.7561   	0.167303   
  2.3245  	2.11032    	-0.0032726 	-11.7546   	0.167281   
  2.3246  	2.11032    	-0.00327391	-11.7531   	0.16726    
  2.3247  	2.11031    	-0.00327523	-11.7517   	0.167238   
  2.3248  	2.11031    	-0.00327654	-11.7502   	0.167216   
  2.3249  	2.1103     	-0.00327785	-11.7487   	0.167195   
  2.325   	2.1103     	-0.00327917	-11.7473   	0.167173   
  2.3251  	2.11029    	-0.00328048	-11.7458   	0.167152   
  2.3252  	2.11029    	-0.0032818 	-11.7443   	0.16713    
  2.3253  	2.11029    	-0.00328312	-11.7429   	0.167109   
  2.3254  	2.11028    	-0.00328443	-11.7414   	0.167087   
  2.3255  	2.11028    	-0.00328575	-11.7399   	0.167065   
  2.3256  	2.11027    	-0.00328707	-11.7385   	0.167044   
  2.3257  	2.11027    	-0.00328839	-11.737    	0.167022   
  2.3258  	2.11027    	-0.00328971	-11.7355   	0.167001   
  2.3259  	2.11026    	-0.00329104	-11.7341   	0.166979   
  2.326   	2.11026    	-0.00329236	-11.7326   	0.166958   
  2.3261  	2.11025    	-0.00329368	-11.7312   	0.166936   
  2.3262  	2.11025    	-0.003295  	-11.7297   	0.166915   
  2.3263  	2.11024    	-0.00329633	-11.7282   	0.166893   
  2.3264  	2.11024    	-0.00329766	-11.7268   	0.166872   
  2.3265  	2.11024    	-0.00329898	-11.7253   	0.16685    
  2.3266  	2.11023    	-0.00330031	-11.7238   	0.166829   
  2.3267  	2.11023    	-0.00330164	-11.7224   	0.166807   
  2.3268  	2.11022    	-0.00330297	-11.7209   	0.166786   
  2.3269  	2.11022    	-0.0033043 	-11.7194   	0.166764   
  2.327   	2.11021    	-0.00330563	-11.718    	0.166743   
  2.3271  	2.11021    	-0.00330696	-11.7165   	0.166721   
  2.3272  	2.11021    	-0.00330829	-11.7151   	0.1667     
  2.3273  	2.1102     	-0.00330962	-11.7136   	0.166678   
  2.3274  	2.1102     	-0.00331096	-11.7121   	0.166657   
  2.3275  	2.11019    	-0.00331229	-11.7107   	0.166635   
  2.3276  	2.11019    	-0.00331362	-11.7092   	0.166614   
  2.3277  	2.11019    	-0.00331496	-11.7077   	0.166592   
  2.3278  	2.11018    	-0.0033163 	-11.7063   	0.166571   
  2.3279  	2.11018    	-0.00331764	-11.7048   	0.166549   
  2.328   	2.11017    	-0.00331897	-11.7034   	0.166528   
  2.3281  	2.11017    	-0.00332031	-11.7019   	0.166506   
  2.3282  	2.11016    	-0.00332165	-11.7004   	0.166485   
  2.3283  	2.11016    	-0.00332299	-11.699    	0.166463   
  2.3284  	2.11016    	-0.00332434	-11.6975   	0.166442   
  2.3285  	2.11015    	-0.00332568	-11.6961   	0.166421   
  2.3286  	2.11015    	-0.00332702	-11.6946   	0.166399   
  2.3287  	2.11014    	-0.00332836	-11.6931   	0.166378   
  2.3288  	2.11014    	-0.00332971	-11.6917   	0.166356   
  2.3289  	2.11013    	-0.00333106	-11.6902   	0.166335   
  2.329   	2.11013    	-0.0033324 	-11.6888   	0.166313   
  2.3291  	2.11013    	-0.00333375	-11.6873   	0.166292   
  2.3292  	2.11012    	-0.0033351 	-11.6859   	0.166271   
  2.3293  	2.11012    	-0.00333645	-11.6844   	0.166249   
  2.3294  	2.11011    	-0.0033378 	-11.6829   	0.166228   
  2.3295  	2.11011    	-0.00333915	-11.6815   	0.166206   
  2.3296  	2.11011    	-0.0033405 	-11.68     	0.166185   
  2.3297  	2.1101     	-0.00334185	-11.6786   	0.166164   
  2.3298  	2.1101     	-0.0033432 	-11.6771   	0.166142   
  2.3299  	2.11009    	-0.00334456	-11.6756   	0.166121   
  2.33    	2.11009    	-0.00334591	-11.6742   	0.166099   
  2.3301  	2.11008    	-0.00334727	-11.6727   	0.166078   
  2.3302  	2.11008    	-0.00334862	-11.6713   	0.166057   
  2.3303  	2.11008    	-0.00334998	-11.6698   	0.166035   
  2.3304  	2.11007    	-0.00335134	-11.6684   	0.166014   
  2.3305  	2.11007    	-0.0033527 	-11.6669   	0.165992   
  2.3306  	2.11006    	-0.00335406	-11.6655   	0.165971   
  2.3307  	2.11006    	-0.00335542	-11.664    	0.16595    
  2.3308  	2.11005    	-0.00335678	-11.6625   	0.165928   
  2.3309  	2.11005    	-0.00335814	-11.6611   	0.165907   
  2.331   	2.11005    	-0.0033595 	-11.6596   	0.165886   
  2.3311  	2.11004    	-0.00336087	-11.6582   	0.165864   
  2.3312  	2.11004    	-0.00336223	-11.6567   	0.165843   
  2.3313  	2.11003    	-0.0033636 	-11.6553   	0.165822   
  2.3314  	2.11003    	-0.00336496	-11.6538   	0.1658     
  2.3315  	2.11002    	-0.00336633	-11.6524   	0.165779   
  2.3316  	2.11002    	-0.0033677 	-11.6509   	0.165758   
  2.3317  	2.11002    	-0.00336906	-11.6494   	0.165736   
  2.3318  	2.11001    	-0.00337043	-11.648    	0.165715   
  2.3319  	2.11001    	-0.0033718 	-11.6465   	0.165694   
  2.332   	2.11       	-0.00337318	-11.6451   	0.165672   
  2.3321  	2.11       	-0.00337455	-11.6436   	0.165651   
  2.3322  	2.10999    	-0.00337592	-11.6422   	0.16563    
  2.3323  	2.10999    	-0.00337729	-11.6407   	0.165608   
  2.3324  	2.10999    	-0.00337867	-11.6393   	0.165587   
  2.3325  	2.10998    	-0.00338004	-11.6378   	0.165566   
  2.3326  	2.10998    	-0.00338142	-11.6364   	0.165545   
  2.3327  	2.10997    	-0.0033828 	-11.6349   	0.165523   
  2.3328  	2.10997    	-0.00338417	-11.6335   	0.165502   
  2.3329  	2.10996    	-0.00338555	-11.632    	0.165481   
  2.333   	2.10996    	-0.00338693	-11.6306   	0.165459   
  2.3331  	2.10996    	-0.00338831	-11.6291   	0.165438   
  2.3332  	2.10995    	-0.00338969	-11.6277   	0.165417   
  2.3333  	2.10995    	-0.00339107	-11.6262   	0.165396   
  2.3334  	2.10994    	-0.00339246	-11.6248   	0.165374   
  2.3335  	2.10994    	-0.00339384	-11.6233   	0.165353   
  2.3336  	2.10993    	-0.00339523	-11.6219   	0.165332   
  2.3337  	2.10993    	-0.00339661	-11.6204   	0.165311   
  2.3338  	2.10993    	-0.003398  	-11.619    	0.165289   
  2.3339  	2.10992    	-0.00339938	-11.6175   	0.165268   
  2.334   	2.10992    	-0.00340077	-11.6161   	0.165247   
  2.3341  	2.10991    	-0.00340216	-11.6146   	0.165226   
  2.3342  	2.10991    	-0.00340355	-11.6132   	0.165204   
  2.3343  	2.1099     	-0.00340494	-11.6117   	0.165183   
  2.3344  	2.1099     	-0.00340633	-11.6103   	0.165162   
  2.3345  	2.1099     	-0.00340772	-11.6088   	0.165141   
  2.3346  	2.10989    	-0.00340912	-11.6074   	0.16512    
  2.3347  	2.10989    	-0.00341051	-11.6059   	0.165098   
  2.3348  	2.10988    	-0.0034119 	-11.6045   	0.165077   
  2.3349  	2.10988    	-0.0034133 	-11.603    	0.165056   
  2.335   	2.10987    	-0.0034147 	-11.6016   	0.165035   
  2.3351  	2.10987    	-0.00341609	-11.6001   	0.165013   
  2.3352  	2.10986    	-0.00341749	-11.5987   	0.164992   
  2.3353  	2.10986    	-0.00341889	-11.5972   	0.164971   
  2.3354  	2.10986    	-0.00342029	-11.5958   	0.16495    
  2.3355  	2.10985    	-0.00342169	-11.5943   	0.164929   
  2.3356  	2.10985    	-0.00342309	-11.5929   	0.164908   
  2.3357  	2.10984    	-0.00342449	-11.5915   	0.164886   
  2.3358  	2.10984    	-0.0034259 	-11.59     	0.164865   
  2.3359  	2.10983    	-0.0034273 	-11.5886   	0.164844   
  2.336   	2.10983    	-0.0034287 	-11.5871   	0.164823   
  2.3361  	2.10983    	-0.00343011	-11.5857   	0.164802   
  2.3362  	2.10982    	-0.00343152	-11.5842   	0.164781   
  2.3363  	2.10982    	-0.00343292	-11.5828   	0.164759   
  2.3364  	2.10981    	-0.00343433	-11.5813   	0.164738   
  2.3365  	2.10981    	-0.00343574	-11.5799   	0.164717   
  2.3366  	2.1098     	-0.00343715	-11.5784   	0.164696   
  2.3367  	2.1098     	-0.00343856	-11.577    	0.164675   
  2.3368  	2.1098     	-0.00343997	-11.5756   	0.164654   
  2.3369  	2.10979    	-0.00344139	-11.5741   	0.164633   
  2.337   	2.10979    	-0.0034428 	-11.5727   	0.164611   
  2.3371  	2.10978    	-0.00344421	-11.5712   	0.16459    
  2.3372  	2.10978    	-0.00344563	-11.5698   	0.164569   
  2.3373  	2.10977    	-0.00344704	-11.5683   	0.164548   
  2.3374  	2.10977    	-0.00344846	-11.5669   	0.164527   
  2.3375  	2.10976    	-0.00344988	-11.5654   	0.164506   
  2.3376  	2.10976    	-0.0034513 	-11.564    	0.164485   
  2.3377  	2.10976    	-0.00345272	-11.5626   	0.164464   
  2.3378  	2.10975    	-0.00345414	-11.5611   	0.164442   
  2.3379  	2.10975    	-0.00345556	-11.5597   	0.164421   
  2.338   	2.10974    	-0.00345698	-11.5582   	0.1644     
  2.3381  	2.10974    	-0.0034584 	-11.5568   	0.164379   
  2.3382  	2.10973    	-0.00345983	-11.5554   	0.164358   
  2.3383  	2.10973    	-0.00346125	-11.5539   	0.164337   
  2.3384  	2.10973    	-0.00346268	-11.5525   	0.164316   
  2.3385  	2.10972    	-0.0034641 	-11.551    	0.164295   
  2.3386  	2.10972    	-0.00346553	-11.5496   	0.164274   
  2.3387  	2.10971    	-0.00346696	-11.5481   	0.164253   
  2.3388  	2.10971    	-0.00346839	-11.5467   	0.164232   
  2.3389  	2.1097     	-0.00346982	-11.5453   	0.164211   
  2.339   	2.1097     	-0.00347125	-11.5438   	0.16419    
  2.3391  	2.10969    	-0.00347268	-11.5424   	0.164168   
  2.3392  	2.10969    	-0.00347411	-11.5409   	0.164147   
  2.3393  	2.10969    	-0.00347555	-11.5395   	0.164126   
  2.3394  	2.10968    	-0.00347698	-11.5381   	0.164105   
  2.3395  	2.10968    	-0.00347842	-11.5366   	0.164084   
  2.3396  	2.10967    	-0.00347985	-11.5352   	0.164063   
  2.3397  	2.10967    	-0.00348129	-11.5338   	0.164042   
  2.3398  	2.10966    	-0.00348273	-11.5323   	0.164021   
  2.3399  	2.10966    	-0.00348416	-11.5309   	0.164      
  2.34    	2.10965    	-0.0034856 	-11.5294   	0.163979   
  2.3401  	2.10965    	-0.00348704	-11.528    	0.163958   
  2.3402  	2.10965    	-0.00348849	-11.5266   	0.163937   
  2.3403  	2.10964    	-0.00348993	-11.5251   	0.163916   
  2.3404  	2.10964    	-0.00349137	-11.5237   	0.163895   
  2.3405  	2.10963    	-0.00349282	-11.5222   	0.163874   
  2.3406  	2.10963    	-0.00349426	-11.5208   	0.163853   
  2.3407  	2.10962    	-0.00349571	-11.5194   	0.163832   
  2.3408  	2.10962    	-0.00349715	-11.5179   	0.163811   
  2.3409  	2.10961    	-0.0034986 	-11.5165   	0.16379    
  2.341   	2.10961    	-0.00350005	-11.5151   	0.163769   
  2.3411  	2.10961    	-0.0035015 	-11.5136   	0.163748   
  2.3412  	2.1096     	-0.00350295	-11.5122   	0.163727   
  2.3413  	2.1096     	-0.0035044 	-11.5108   	0.163706   
  2.3414  	2.10959    	-0.00350585	-11.5093   	0.163685   
  2.3415  	2.10959    	-0.0035073 	-11.5079   	0.163664   
  2.3416  	2.10958    	-0.00350876	-11.5064   	0.163643   
  2.3417  	2.10958    	-0.00351021	-11.505    	0.163622   
  2.3418  	2.10957    	-0.00351167	-11.5036   	0.163601   
  2.3419  	2.10957    	-0.00351313	-11.5021   	0.16358    
  2.342   	2.10957    	-0.00351458	-11.5007   	0.163559   
  2.3421  	2.10956    	-0.00351604	-11.4993   	0.163538   
  2.3422  	2.10956    	-0.0035175 	-11.4978   	0.163517   
  2.3423  	2.10955    	-0.00351896	-11.4964   	0.163497   
  2.3424  	2.10955    	-0.00352042	-11.495    	0.163476   
  2.3425  	2.10954    	-0.00352188	-11.4935   	0.163455   
  2.3426  	2.10954    	-0.00352335	-11.4921   	0.163434   
  2.3427  	2.10953    	-0.00352481	-11.4907   	0.163413   
  2.3428  	2.10953    	-0.00352627	-11.4892   	0.163392   
  2.3429  	2.10953    	-0.00352774	-11.4878   	0.163371   
  2.343   	2.10952    	-0.00352921	-11.4864   	0.16335    
  2.3431  	2.10952    	-0.00353067	-11.4849   	0.163329   
  2.3432  	2.10951    	-0.00353214	-11.4835   	0.163308   
  2.3433  	2.10951    	-0.00353361	-11.4821   	0.163287   
  2.3434  	2.1095     	-0.00353508	-11.4806   	0.163266   
  2.3435  	2.1095     	-0.00353655	-11.4792   	0.163246   
  2.3436  	2.10949    	-0.00353802	-11.4778   	0.163225   
  2.3437  	2.10949    	-0.0035395 	-11.4763   	0.163204   
  2.3438  	2.10949    	-0.00354097	-11.4749   	0.163183   
  2.3439  	2.10948    	-0.00354244	-11.4735   	0.163162   
  2.344   	2.10948    	-0.00354392	-11.4721   	0.163141   
  2.3441  	2.10947    	-0.0035454 	-11.4706   	0.16312    
  2.3442  	2.10947    	-0.00354687	-11.4692   	0.163099   
  2.3443  	2.10946    	-0.00354835	-11.4678   	0.163078   
  2.3444  	2.10946    	-0.00354983	-11.4663   	0.163058   
  2.3445  	2.10945    	-0.00355131	-11.4649   	0.163037   
  2.3446  	2.10945    	-0.00355279	-11.4635   	0.163016   
  2.3447  	2.10945    	-0.00355427	-11.462    	0.162995   
  2.3448  	2.10944    	-0.00355576	-11.4606   	0.162974   
  2.3449  	2.10944    	-0.00355724	-11.4592   	0.162953   
  2.345   	2.10943    	-0.00355873	-11.4578   	0.162932   
  2.3451  	2.10943    	-0.00356021	-11.4563   	0.162912   
  2.3452  	2.10942    	-0.0035617 	-11.4549   	0.162891   
  2.3453  	2.10942    	-0.00356319	-11.4535   	0.16287    
  2.3454  	2.10941    	-0.00356467	-11.452    	0.162849   
  2.3455  	2.10941    	-0.00356616	-11.4506   	0.162828   
  2.3456  	2.1094     	-0.00356765	-11.4492   	0.162808   
  2.3457  	2.1094     	-0.00356914	-11.4478   	0.162787   
  2.3458  	2.1094     	-0.00357064	-11.4463   	0.162766   
  2.3459  	2.10939    	-0.00357213	-11.4449   	0.162745   
  2.346   	2.10939    	-0.00357362	-11.4435   	0.162724   
  2.3461  	2.10938    	-0.00357512	-11.442    	0.162703   
  2.3462  	2.10938    	-0.00357661	-11.4406   	0.162683   
  2.3463  	2.10937    	-0.00357811	-11.4392   	0.162662   
  2.3464  	2.10937    	-0.00357961	-11.4378   	0.162641   
  2.3465  	2.10936    	-0.00358111	-11.4363   	0.16262    
  2.3466  	2.10936    	-0.00358261	-11.4349   	0.162599   
  2.3467  	2.10935    	-0.00358411	-11.4335   	0.162579   
  2.3468  	2.10935    	-0.00358561	-11.4321   	0.162558   
  2.3469  	2.10935    	-0.00358711	-11.4306   	0.162537   
  2.347   	2.10934    	-0.00358861	-11.4292   	0.162516   
  2.3471  	2.10934    	-0.00359012	-11.4278   	0.162496   
  2.3472  	2.10933    	-0.00359162	-11.4264   	0.162475   
  2.3473  	2.10933    	-0.00359313	-11.4249   	0.162454   
  2.3474  	2.10932    	-0.00359464	-11.4235   	0.162433   
  2.3475  	2.10932    	-0.00359614	-11.4221   	0.162413   
  2.3476  	2.10931    	-0.00359765	-11.4207   	0.162392   
  2.3477  	2.10931    	-0.00359916	-11.4192   	0.162371   
  2.3478  	2.1093     	-0.00360067	-11.4178   	0.16235    
  2.3479  	2.1093     	-0.00360219	-11.4164   	0.16233    
  2.348   	2.1093     	-0.0036037 	-11.415    	0.162309   
  2.3481  	2.10929    	-0.00360521	-11.4135   	0.162288   
  2.3482  	2.10929    	-0.00360673	-11.4121   	0.162267   
  2.3483  	2.10928    	-0.00360824	-11.4107   	0.162247   
  2.3484  	2.10928    	-0.00360976	-11.4093   	0.162226   
  2.3485  	2.10927    	-0.00361128	-11.4078   	0.162205   
  2.3486  	2.10927    	-0.00361279	-11.4064   	0.162184   
  2.3487  	2.10926    	-0.00361431	-11.405    	0.162164   
  2.3488  	2.10926    	-0.00361583	-11.4036   	0.162143   
  2.3489  	2.10925    	-0.00361736	-11.4022   	0.162122   
  2.349   	2.10925    	-0.00361888	-11.4007   	0.162102   
  2.3491  	2.10925    	-0.0036204 	-11.3993   	0.162081   
  2.3492  	2.10924    	-0.00362193	-11.3979   	0.16206    
  2.3493  	2.10924    	-0.00362345	-11.3965   	0.16204    
  2.3494  	2.10923    	-0.00362498	-11.395    	0.162019   
  2.3495  	2.10923    	-0.0036265 	-11.3936   	0.161998   
  2.3496  	2.10922    	-0.00362803	-11.3922   	0.161977   
  2.3497  	2.10922    	-0.00362956	-11.3908   	0.161957   
  2.3498  	2.10921    	-0.00363109	-11.3894   	0.161936   
  2.3499  	2.10921    	-0.00363262	-11.3879   	0.161915   
  2.35    	2.1092     	-0.00363415	-11.3865   	0.161895   
  2.3501  	2.1092     	-0.00363568	-11.3851   	0.161874   
  2.3502  	2.10919    	-0.00363722	-11.3837   	0.161853   
  2.3503  	2.10919    	-0.00363875	-11.3823   	0.161833   
  2.3504  	2.10919    	-0.00364029	-11.3808   	0.161812   
  2.3505  	2.10918    	-0.00364183	-11.3794   	0.161791   
  2.3506  	2.10918    	-0.00364336	-11.378    	0.161771   
  2.3507  	2.10917    	-0.0036449 	-11.3766   	0.16175    
  2.3508  	2.10917    	-0.00364644	-11.3752   	0.16173    
  2.3509  	2.10916    	-0.00364798	-11.3738   	0.161709   
  2.351   	2.10916    	-0.00364952	-11.3723   	0.161688   
  2.3511  	2.10915    	-0.00365106	-11.3709   	0.161668   
  2.3512  	2.10915    	-0.00365261	-11.3695   	0.161647   
  2.3513  	2.10914    	-0.00365415	-11.3681   	0.161626   
  2.3514  	2.10914    	-0.0036557 	-11.3667   	0.161606   
  2.3515  	2.10913    	-0.00365724	-11.3652   	0.161585   
  2.3516  	2.10913    	-0.00365879	-11.3638   	0.161565   
  2.3517  	2.10913    	-0.00366034	-11.3624   	0.161544   
  2.3518  	2.10912    	-0.00366189	-11.361    	0.161523   
  2.3519  	2.10912    	-0.00366344	-11.3596   	0.161503   
  2.352   	2.10911    	-0.00366499	-11.3582   	0.161482   
  2.3521  	2.10911    	-0.00366654	-11.3567   	0.161462   
  2.3522  	2.1091     	-0.00366809	-11.3553   	0.161441   
  2.3523  	2.1091     	-0.00366965	-11.3539   	0.16142    
  2.3524  	2.10909    	-0.0036712 	-11.3525   	0.1614     
  2.3525  	2.10909    	-0.00367276	-11.3511   	0.161379   
  2.3526  	2.10908    	-0.00367432	-11.3497   	0.161359   
  2.3527  	2.10908    	-0.00367587	-11.3482   	0.161338   
  2.3528  	2.10907    	-0.00367743	-11.3468   	0.161318   
  2.3529  	2.10907    	-0.00367899	-11.3454   	0.161297   
  2.353   	2.10907    	-0.00368055	-11.344    	0.161276   
  2.3531  	2.10906    	-0.00368212	-11.3426   	0.161256   
  2.3532  	2.10906    	-0.00368368	-11.3412   	0.161235   
  2.3533  	2.10905    	-0.00368524	-11.3398   	0.161215   
  2.3534  	2.10905    	-0.00368681	-11.3383   	0.161194   
  2.3535  	2.10904    	-0.00368837	-11.3369   	0.161174   
  2.3536  	2.10904    	-0.00368994	-11.3355   	0.161153   
  2.3537  	2.10903    	-0.00369151	-11.3341   	0.161133   
  2.3538  	2.10903    	-0.00369308	-11.3327   	0.161112   
  2.3539  	2.10902    	-0.00369465	-11.3313   	0.161091   
  2.354   	2.10902    	-0.00369622	-11.3299   	0.161071   
  2.3541  	2.10901    	-0.00369779	-11.3285   	0.16105    
  2.3542  	2.10901    	-0.00369936	-11.327    	0.16103    
  2.3543  	2.109      	-0.00370094	-11.3256   	0.161009   
  2.3544  	2.109      	-0.00370251	-11.3242   	0.160989   
  2.3545  	2.109      	-0.00370409	-11.3228   	0.160968   
  2.3546  	2.10899    	-0.00370566	-11.3214   	0.160948   
  2.3547  	2.10899    	-0.00370724	-11.32     	0.160927   
  2.3548  	2.10898    	-0.00370882	-11.3186   	0.160907   
  2.3549  	2.10898    	-0.0037104 	-11.3172   	0.160886   
  2.355   	2.10897    	-0.00371198	-11.3157   	0.160866   
  2.3551  	2.10897    	-0.00371356	-11.3143   	0.160845   
  2.3552  	2.10896    	-0.00371514	-11.3129   	0.160825   
  2.3553  	2.10896    	-0.00371673	-11.3115   	0.160804   
  2.3554  	2.10895    	-0.00371831	-11.3101   	0.160784   
  2.3555  	2.10895    	-0.0037199 	-11.3087   	0.160763   
  2.3556  	2.10894    	-0.00372149	-11.3073   	0.160743   
  2.3557  	2.10894    	-0.00372307	-11.3059   	0.160723   
  2.3558  	2.10893    	-0.00372466	-11.3045   	0.160702   
  2.3559  	2.10893    	-0.00372625	-11.3031   	0.160682   
  2.356   	2.10892    	-0.00372784	-11.3016   	0.160661   
  2.3561  	2.10892    	-0.00372943	-11.3002   	0.160641   
  2.3562  	2.10892    	-0.00373103	-11.2988   	0.16062    
  2.3563  	2.10891    	-0.00373262	-11.2974   	0.1606     
  2.3564  	2.10891    	-0.00373422	-11.296    	0.160579   
  2.3565  	2.1089     	-0.00373581	-11.2946   	0.160559   
  2.3566  	2.1089     	-0.00373741	-11.2932   	0.160538   
  2.3567  	2.10889    	-0.00373901	-11.2918   	0.160518   
  2.3568  	2.10889    	-0.00374061	-11.2904   	0.160498   
  2.3569  	2.10888    	-0.00374221	-11.289    	0.160477   
  2.357   	2.10888    	-0.00374381	-11.2876   	0.160457   
  2.3571  	2.10887    	-0.00374541	-11.2862   	0.160436   
  2.3572  	2.10887    	-0.00374701	-11.2848   	0.160416   
  2.3573  	2.10886    	-0.00374862	-11.2833   	0.160395   
  2.3574  	2.10886    	-0.00375022	-11.2819   	0.160375   
  2.3575  	2.10885    	-0.00375183	-11.2805   	0.160355   
  2.3576  	2.10885    	-0.00375343	-11.2791   	0.160334   
  2.3577  	2.10884    	-0.00375504	-11.2777   	0.160314   
  2.3578  	2.10884    	-0.00375665	-11.2763   	0.160293   
  2.3579  	2.10884    	-0.00375826	-11.2749   	0.160273   
  2.358   	2.10883    	-0.00375987	-11.2735   	0.160253   
  2.3581  	2.10883    	-0.00376148	-11.2721   	0.160232   
  2.3582  	2.10882    	-0.0037631 	-11.2707   	0.160212   
  2.3583  	2.10882    	-0.00376471	-11.2693   	0.160192   
  2.3584  	2.10881    	-0.00376633	-11.2679   	0.160171   
  2.3585  	2.10881    	-0.00376794	-11.2665   	0.160151   
  2.3586  	2.1088     	-0.00376956	-11.2651   	0.16013    
  2.3587  	2.1088     	-0.00377118	-11.2637   	0.16011    
  2.3588  	2.10879    	-0.0037728 	-11.2623   	0.16009    
  2.3589  	2.10879    	-0.00377442	-11.2609   	0.160069   
  2.359   	2.10878    	-0.00377604	-11.2595   	0.160049   
  2.3591  	2.10878    	-0.00377766	-11.2581   	0.160029   
  2.3592  	2.10877    	-0.00377929	-11.2566   	0.160008   
  2.3593  	2.10877    	-0.00378091	-11.2552   	0.159988   
  2.3594  	2.10876    	-0.00378254	-11.2538   	0.159968   
  2.3595  	2.10876    	-0.00378416	-11.2524   	0.159947   
  2.3596  	2.10875    	-0.00378579	-11.251    	0.159927   
  2.3597  	2.10875    	-0.00378742	-11.2496   	0.159907   
  2.3598  	2.10874    	-0.00378905	-11.2482   	0.159886   
  2.3599  	2.10874    	-0.00379068	-11.2468   	0.159866   
  2.36    	2.10874    	-0.00379231	-11.2454   	0.159846   
  2.3601  	2.10873    	-0.00379394	-11.244    	0.159825   
  2.3602  	2.10873    	-0.00379558	-11.2426   	0.159805   
  2.3603  	2.10872    	-0.00379721	-11.2412   	0.159785   
  2.3604  	2.10872    	-0.00379885	-11.2398   	0.159764   
  2.3605  	2.10871    	-0.00380049	-11.2384   	0.159744   
  2.3606  	2.10871    	-0.00380212	-11.237    	0.159724   
  2.3607  	2.1087     	-0.00380376	-11.2356   	0.159703   
  2.3608  	2.1087     	-0.0038054 	-11.2342   	0.159683   
  2.3609  	2.10869    	-0.00380705	-11.2328   	0.159663   
  2.361   	2.10869    	-0.00380869	-11.2314   	0.159643   
  2.3611  	2.10868    	-0.00381033	-11.23     	0.159622   
  2.3612  	2.10868    	-0.00381198	-11.2286   	0.159602   
  2.3613  	2.10867    	-0.00381362	-11.2272   	0.159582   
  2.3614  	2.10867    	-0.00381527	-11.2258   	0.159562   
  2.3615  	2.10866    	-0.00381692	-11.2244   	0.159541   
  2.3616  	2.10866    	-0.00381856	-11.223    	0.159521   
  2.3617  	2.10865    	-0.00382021	-11.2216   	0.159501   
  2.3618  	2.10865    	-0.00382186	-11.2202   	0.15948    
  2.3619  	2.10864    	-0.00382352	-11.2188   	0.15946    
  2.362   	2.10864    	-0.00382517	-11.2174   	0.15944    
  2.3621  	2.10863    	-0.00382682	-11.216    	0.15942    
  2.3622  	2.10863    	-0.00382848	-11.2146   	0.159399   
  2.3623  	2.10862    	-0.00383013	-11.2132   	0.159379   
  2.3624  	2.10862    	-0.00383179	-11.2118   	0.159359   
  2.3625  	2.10861    	-0.00383345	-11.2104   	0.159339   
  2.3626  	2.10861    	-0.00383511	-11.209    	0.159319   
  2.3627  	2.10861    	-0.00383677	-11.2076   	0.159298   
  2.3628  	2.1086     	-0.00383843	-11.2062   	0.159278   
  2.3629  	2.1086     	-0.00384009	-11.2048   	0.159258   
  2.363   	2.10859    	-0.00384176	-11.2034   	0.159238   
  2.3631  	2.10859    	-0.00384342	-11.202    	0.159217   
  2.3632  	2.10858    	-0.00384509	-11.2007   	0.159197   
  2.3633  	2.10858    	-0.00384675	-11.1993   	0.159177   
  2.3634  	2.10857    	-0.00384842	-11.1979   	0.159157   
  2.3635  	2.10857    	-0.00385009	-11.1965   	0.159137   
  2.3636  	2.10856    	-0.00385176	-11.1951   	0.159116   
  2.3637  	2.10856    	-0.00385343	-11.1937   	0.159096   
  2.3638  	2.10855    	-0.0038551 	-11.1923   	0.159076   
  2.3639  	2.10855    	-0.00385678	-11.1909   	0.159056   
  2.364   	2.10854    	-0.00385845	-11.1895   	0.159036   
  2.3641  	2.10854    	-0.00386013	-11.1881   	0.159015   
  2.3642  	2.10853    	-0.0038618 	-11.1867   	0.158995   
  2.3643  	2.10853    	-0.00386348	-11.1853   	0.158975   
  2.3644  	2.10852    	-0.00386516	-11.1839   	0.158955   
  2.3645  	2.10852    	-0.00386684	-11.1825   	0.158935   
  2.3646  	2.10851    	-0.00386852	-11.1811   	0.158915   
  2.3647  	2.10851    	-0.0038702 	-11.1797   	0.158894   
  2.3648  	2.1085     	-0.00387189	-11.1783   	0.158874   
  2.3649  	2.1085     	-0.00387357	-11.1769   	0.158854   
  2.365   	2.10849    	-0.00387525	-11.1755   	0.158834   
  2.3651  	2.10849    	-0.00387694	-11.1742   	0.158814   
  2.3652  	2.10848    	-0.00387863	-11.1728   	0.158794   
  2.3653  	2.10848    	-0.00388032	-11.1714   	0.158774   
  2.3654  	2.10847    	-0.00388201	-11.17     	0.158753   
  2.3655  	2.10847    	-0.0038837 	-11.1686   	0.158733   
  2.3656  	2.10846    	-0.00388539	-11.1672   	0.158713   
  2.3657  	2.10846    	-0.00388708	-11.1658   	0.158693   
  2.3658  	2.10845    	-0.00388878	-11.1644   	0.158673   
  2.3659  	2.10845    	-0.00389047	-11.163    	0.158653   
  2.366   	2.10844    	-0.00389217	-11.1616   	0.158633   
  2.3661  	2.10844    	-0.00389386	-11.1602   	0.158613   
  2.3662  	2.10843    	-0.00389556	-11.1588   	0.158592   
  2.3663  	2.10843    	-0.00389726	-11.1574   	0.158572   
  2.3664  	2.10842    	-0.00389896	-11.1561   	0.158552   
  2.3665  	2.10842    	-0.00390066	-11.1547   	0.158532   
  2.3666  	2.10841    	-0.00390237	-11.1533   	0.158512   
  2.3667  	2.10841    	-0.00390407	-11.1519   	0.158492   
  2.3668  	2.10841    	-0.00390577	-11.1505   	0.158472   
  2.3669  	2.1084     	-0.00390748	-11.1491   	0.158452   
  2.367   	2.1084     	-0.00390919	-11.1477   	0.158432   
  2.3671  	2.10839    	-0.0039109 	-11.1463   	0.158412   
  2.3672  	2.10839    	-0.00391261	-11.1449   	0.158392   
  2.3673  	2.10838    	-0.00391432	-11.1436   	0.158372   
  2.3674  	2.10838    	-0.00391603	-11.1422   	0.158351   
  2.3675  	2.10837    	-0.00391774	-11.1408   	0.158331   
  2.3676  	2.10837    	-0.00391945	-11.1394   	0.158311   
  2.3677  	2.10836    	-0.00392117	-11.138    	0.158291   
  2.3678  	2.10836    	-0.00392289	-11.1366   	0.158271   
  2.3679  	2.10835    	-0.0039246 	-11.1352   	0.158251   
  2.368   	2.10835    	-0.00392632	-11.1338   	0.158231   
  2.3681  	2.10834    	-0.00392804	-11.1324   	0.158211   
  2.3682  	2.10834    	-0.00392976	-11.1311   	0.158191   
  2.3683  	2.10833    	-0.00393148	-11.1297   	0.158171   
  2.3684  	2.10833    	-0.0039332 	-11.1283   	0.158151   
  2.3685  	2.10832    	-0.00393493	-11.1269   	0.158131   
  2.3686  	2.10832    	-0.00393665	-11.1255   	0.158111   
  2.3687  	2.10831    	-0.00393838	-11.1241   	0.158091   
  2.3688  	2.10831    	-0.00394011	-11.1227   	0.158071   
  2.3689  	2.1083     	-0.00394184	-11.1213   	0.158051   
  2.369   	2.1083     	-0.00394356	-11.12     	0.158031   
  2.3691  	2.10829    	-0.0039453 	-11.1186   	0.158011   
  2.3692  	2.10829    	-0.00394703	-11.1172   	0.157991   
  2.3693  	2.10828    	-0.00394876	-11.1158   	0.157971   
  2.3694  	2.10828    	-0.00395049	-11.1144   	0.157951   
  2.3695  	2.10827    	-0.00395223	-11.113    	0.157931   
  2.3696  	2.10827    	-0.00395397	-11.1116   	0.157911   
  2.3697  	2.10826    	-0.0039557 	-11.1103   	0.157891   
  2.3698  	2.10826    	-0.00395744	-11.1089   	0.157871   
  2.3699  	2.10825    	-0.00395918	-11.1075   	0.157851   
  2.37    	2.10825    	-0.00396092	-11.1061   	0.157831   
  2.3701  	2.10824    	-0.00396266	-11.1047   	0.157811   
  2.3702  	2.10824    	-0.00396441	-11.1033   	0.157791   
  2.3703  	2.10823    	-0.00396615	-11.102    	0.157771   
  2.3704  	2.10823    	-0.0039679 	-11.1006   	0.157751   
  2.3705  	2.10822    	-0.00396964	-11.0992   	0.157731   
  2.3706  	2.10822    	-0.00397139	-11.0978   	0.157711   
  2.3707  	2.10821    	-0.00397314	-11.0964   	0.157691   
  2.3708  	2.10821    	-0.00397489	-11.095    	0.157671   
  2.3709  	2.1082     	-0.00397664	-11.0937   	0.157651   
  2.371   	2.1082     	-0.00397839	-11.0923   	0.157631   
  2.3711  	2.10819    	-0.00398015	-11.0909   	0.157611   
  2.3712  	2.10819    	-0.0039819 	-11.0895   	0.157591   
  2.3713  	2.10818    	-0.00398366	-11.0881   	0.157571   
  2.3714  	2.10818    	-0.00398541	-11.0867   	0.157552   
  2.3715  	2.10817    	-0.00398717	-11.0854   	0.157532   
  2.3716  	2.10817    	-0.00398893	-11.084    	0.157512   
  2.3717  	2.10816    	-0.00399069	-11.0826   	0.157492   
  2.3718  	2.10816    	-0.00399245	-11.0812   	0.157472   
  2.3719  	2.10815    	-0.00399421	-11.0798   	0.157452   
  2.372   	2.10815    	-0.00399598	-11.0785   	0.157432   
  2.3721  	2.10814    	-0.00399774	-11.0771   	0.157412   
  2.3722  	2.10814    	-0.00399951	-11.0757   	0.157392   
  2.3723  	2.10813    	-0.00400128	-11.0743   	0.157372   
  2.3724  	2.10813    	-0.00400305	-11.0729   	0.157352   
  2.3725  	2.10812    	-0.00400481	-11.0716   	0.157333   
  2.3726  	2.10812    	-0.00400659	-11.0702   	0.157313   
  2.3727  	2.10811    	-0.00400836	-11.0688   	0.157293   
  2.3728  	2.10811    	-0.00401013	-11.0674   	0.157273   
  2.3729  	2.1081     	-0.0040119 	-11.066    	0.157253   
  2.373   	2.1081     	-0.00401368	-11.0647   	0.157233   
  2.3731  	2.10809    	-0.00401546	-11.0633   	0.157213   
  2.3732  	2.10809    	-0.00401723	-11.0619   	0.157193   
  2.3733  	2.10808    	-0.00401901	-11.0605   	0.157173   
  2.3734  	2.10808    	-0.00402079	-11.0591   	0.157154   
  2.3735  	2.10807    	-0.00402257	-11.0578   	0.157134   
  2.3736  	2.10807    	-0.00402436	-11.0564   	0.157114   
  2.3737  	2.10806    	-0.00402614	-11.055    	0.157094   
  2.3738  	2.10806    	-0.00402792	-11.0536   	0.157074   
  2.3739  	2.10805    	-0.00402971	-11.0523   	0.157054   
  2.374   	2.10805    	-0.0040315 	-11.0509   	0.157035   
  2.3741  	2.10804    	-0.00403329	-11.0495   	0.157015   
  2.3742  	2.10804    	-0.00403508	-11.0481   	0.156995   
  2.3743  	2.10803    	-0.00403687	-11.0467   	0.156975   
  2.3744  	2.10803    	-0.00403866	-11.0454   	0.156955   
  2.3745  	2.10802    	-0.00404045	-11.044    	0.156935   
  2.3746  	2.10801    	-0.00404224	-11.0426   	0.156916   
  2.3747  	2.10801    	-0.00404404	-11.0412   	0.156896   
  2.3748  	2.108      	-0.00404584	-11.0399   	0.156876   
  2.3749  	2.108      	-0.00404763	-11.0385   	0.156856   
  2.375   	2.10799    	-0.00404943	-11.0371   	0.156836   
  2.3751  	2.10799    	-0.00405123	-11.0357   	0.156816   
  2.3752  	2.10798    	-0.00405303	-11.0344   	0.156797   
  2.3753  	2.10798    	-0.00405484	-11.033    	0.156777   
  2.3754  	2.10797    	-0.00405664	-11.0316   	0.156757   
  2.3755  	2.10797    	-0.00405845	-11.0302   	0.156737   
  2.3756  	2.10796    	-0.00406025	-11.0289   	0.156717   
  2.3757  	2.10796    	-0.00406206	-11.0275   	0.156698   
  2.3758  	2.10795    	-0.00406387	-11.0261   	0.156678   
  2.3759  	2.10795    	-0.00406568	-11.0247   	0.156658   
  2.376   	2.10794    	-0.00406749	-11.0234   	0.156638   
  2.3761  	2.10794    	-0.0040693 	-11.022    	0.156619   
  2.3762  	2.10793    	-0.00407111	-11.0206   	0.156599   
  2.3763  	2.10793    	-0.00407293	-11.0192   	0.156579   
  2.3764  	2.10792    	-0.00407474	-11.0179   	0.156559   
  2.3765  	2.10792    	-0.00407656	-11.0165   	0.156539   
  2.3766  	2.10791    	-0.00407838	-11.0151   	0.15652    
  2.3767  	2.10791    	-0.0040802 	-11.0137   	0.1565     
  2.3768  	2.1079     	-0.00408202	-11.0124   	0.15648    
  2.3769  	2.1079     	-0.00408384	-11.011    	0.15646    
  2.377   	2.10789    	-0.00408566	-11.0096   	0.156441   
  2.3771  	2.10789    	-0.00408749	-11.0083   	0.156421   
  2.3772  	2.10788    	-0.00408931	-11.0069   	0.156401   
  2.3773  	2.10788    	-0.00409114	-11.0055   	0.156382   
  2.3774  	2.10787    	-0.00409297	-11.0041   	0.156362   
  2.3775  	2.10787    	-0.00409479	-11.0028   	0.156342   
  2.3776  	2.10786    	-0.00409662	-11.0014   	0.156322   
  2.3777  	2.10786    	-0.00409846	-11        	0.156303   
  2.3778  	2.10785    	-0.00410029	-10.9987   	0.156283   
  2.3779  	2.10785    	-0.00410212	-10.9973   	0.156263   
  2.378   	2.10784    	-0.00410396	-10.9959   	0.156243   
  2.3781  	2.10784    	-0.00410579	-10.9945   	0.156224   
  2.3782  	2.10783    	-0.00410763	-10.9932   	0.156204   
  2.3783  	2.10783    	-0.00410947	-10.9918   	0.156184   
  2.3784  	2.10782    	-0.00411131	-10.9904   	0.156165   
  2.3785  	2.10782    	-0.00411315	-10.9891   	0.156145   
  2.3786  	2.10781    	-0.00411499	-10.9877   	0.156125   
  2.3787  	2.1078     	-0.00411684	-10.9863   	0.156106   
  2.3788  	2.1078     	-0.00411868	-10.985    	0.156086   
  2.3789  	2.10779    	-0.00412053	-10.9836   	0.156066   
  2.379   	2.10779    	-0.00412237	-10.9822   	0.156047   
  2.3791  	2.10778    	-0.00412422	-10.9809   	0.156027   
  2.3792  	2.10778    	-0.00412607	-10.9795   	0.156007   
  2.3793  	2.10777    	-0.00412792	-10.9781   	0.155988   
  2.3794  	2.10777    	-0.00412978	-10.9767   	0.155968   
  2.3795  	2.10776    	-0.00413163	-10.9754   	0.155948   
  2.3796  	2.10776    	-0.00413348	-10.974    	0.155929   
  2.3797  	2.10775    	-0.00413534	-10.9726   	0.155909   
  2.3798  	2.10775    	-0.0041372 	-10.9713   	0.155889   
  2.3799  	2.10774    	-0.00413906	-10.9699   	0.15587    
  2.38    	2.10774    	-0.00414091	-10.9685   	0.15585    
  2.3801  	2.10773    	-0.00414278	-10.9672   	0.15583    
  2.3802  	2.10773    	-0.00414464	-10.9658   	0.155811   
  2.3803  	2.10772    	-0.0041465 	-10.9644   	0.155791   
  2.3804  	2.10772    	-0.00414837	-10.9631   	0.155771   
  2.3805  	2.10771    	-0.00415023	-10.9617   	0.155752   
  2.3806  	2.10771    	-0.0041521 	-10.9603   	0.155732   
  2.3807  	2.1077     	-0.00415397	-10.959    	0.155712   
  2.3808  	2.1077     	-0.00415584	-10.9576   	0.155693   
  2.3809  	2.10769    	-0.00415771	-10.9562   	0.155673   
  2.381   	2.10769    	-0.00415958	-10.9549   	0.155654   
  2.3811  	2.10768    	-0.00416145	-10.9535   	0.155634   
  2.3812  	2.10767    	-0.00416333	-10.9522   	0.155614   
  2.3813  	2.10767    	-0.0041652 	-10.9508   	0.155595   
  2.3814  	2.10766    	-0.00416708	-10.9494   	0.155575   
  2.3815  	2.10766    	-0.00416896	-10.9481   	0.155556   
  2.3816  	2.10765    	-0.00417084	-10.9467   	0.155536   
  2.3817  	2.10765    	-0.00417272	-10.9453   	0.155516   
  2.3818  	2.10764    	-0.0041746 	-10.944    	0.155497   
  2.3819  	2.10764    	-0.00417648	-10.9426   	0.155477   
  2.382   	2.10763    	-0.00417837	-10.9412   	0.155458   
  2.3821  	2.10763    	-0.00418025	-10.9399   	0.155438   
  2.3822  	2.10762    	-0.00418214	-10.9385   	0.155419   
  2.3823  	2.10762    	-0.00418403	-10.9371   	0.155399   
  2.3824  	2.10761    	-0.00418592	-10.9358   	0.155379   
  2.3825  	2.10761    	-0.00418781	-10.9344   	0.15536    
  2.3826  	2.1076     	-0.0041897 	-10.9331   	0.15534    
  2.3827  	2.1076     	-0.0041916 	-10.9317   	0.155321   
  2.3828  	2.10759    	-0.00419349	-10.9303   	0.155301   
  2.3829  	2.10759    	-0.00419539	-10.929    	0.155282   
  2.383   	2.10758    	-0.00419728	-10.9276   	0.155262   
  2.3831  	2.10758    	-0.00419918	-10.9263   	0.155243   
  2.3832  	2.10757    	-0.00420108	-10.9249   	0.155223   
  2.3833  	2.10756    	-0.00420298	-10.9235   	0.155203   
  2.3834  	2.10756    	-0.00420489	-10.9222   	0.155184   
  2.3835  	2.10755    	-0.00420679	-10.9208   	0.155164   
  2.3836  	2.10755    	-0.00420869	-10.9194   	0.155145   
  2.3837  	2.10754    	-0.0042106 	-10.9181   	0.155125   
  2.3838  	2.10754    	-0.00421251	-10.9167   	0.155106   
  2.3839  	2.10753    	-0.00421442	-10.9154   	0.155086   
  2.384   	2.10753    	-0.00421633	-10.914    	0.155067   
  2.3841  	2.10752    	-0.00421824	-10.9126   	0.155047   
  2.3842  	2.10752    	-0.00422015	-10.9113   	0.155028   
  2.3843  	2.10751    	-0.00422207	-10.9099   	0.155008   
  2.3844  	2.10751    	-0.00422398	-10.9086   	0.154989   
  2.3845  	2.1075     	-0.0042259 	-10.9072   	0.154969   
  2.3846  	2.1075     	-0.00422781	-10.9058   	0.15495    
  2.3847  	2.10749    	-0.00422973	-10.9045   	0.15493    
  2.3848  	2.10749    	-0.00423165	-10.9031   	0.154911   
  2.3849  	2.10748    	-0.00423358	-10.9018   	0.154891   
  2.385   	2.10747    	-0.0042355 	-10.9004   	0.154872   
  2.3851  	2.10747    	-0.00423742	-10.8991   	0.154852   
  2.3852  	2.10746    	-0.00423935	-10.8977   	0.154833   
  2.3853  	2.10746    	-0.00424128	-10.8963   	0.154813   
  2.3854  	2.10745    	-0.0042432 	-10.895    	0.154794   
  2.3855  	2.10745    	-0.00424513	-10.8936   	0.154774   
  2.3856  	2.10744    	-0.00424706	-10.8923   	0.154755   
  2.3857  	2.10744    	-0.004249  	-10.8909   	0.154736   
  2.3858  	2.10743    	-0.00425093	-10.8895   	0.154716   
  2.3859  	2.10743    	-0.00425286	-10.8882   	0.154697   
  2.386   	2.10742    	-0.0042548 	-10.8868   	0.154677   
  2.3861  	2.10742    	-0.00425674	-10.8855   	0.154658   
  2.3862  	2.10741    	-0.00425868	-10.8841   	0.154638   
  2.3863  	2.10741    	-0.00426062	-10.8828   	0.154619   
  2.3864  	2.1074     	-0.00426256	-10.8814   	0.154599   
  2.3865  	2.10739    	-0.0042645 	-10.8801   	0.15458    
  2.3866  	2.10739    	-0.00426644	-10.8787   	0.154561   
  2.3867  	2.10738    	-0.00426839	-10.8773   	0.154541   
  2.3868  	2.10738    	-0.00427034	-10.876    	0.154522   
  2.3869  	2.10737    	-0.00427228	-10.8746   	0.154502   
  2.387   	2.10737    	-0.00427423	-10.8733   	0.154483   
  2.3871  	2.10736    	-0.00427618	-10.8719   	0.154463   
  2.3872  	2.10736    	-0.00427813	-10.8706   	0.154444   
  2.3873  	2.10735    	-0.00428009	-10.8692   	0.154425   
  2.3874  	2.10735    	-0.00428204	-10.8679   	0.154405   
  2.3875  	2.10734    	-0.004284  	-10.8665   	0.154386   
  2.3876  	2.10734    	-0.00428596	-10.8651   	0.154366   
  2.3877  	2.10733    	-0.00428791	-10.8638   	0.154347   
  2.3878  	2.10733    	-0.00428987	-10.8624   	0.154328   
  2.3879  	2.10732    	-0.00429183	-10.8611   	0.154308   
  2.388   	2.10731    	-0.0042938 	-10.8597   	0.154289   
  2.3881  	2.10731    	-0.00429576	-10.8584   	0.15427    
  2.3882  	2.1073     	-0.00429773	-10.857    	0.15425    
  2.3883  	2.1073     	-0.00429969	-10.8557   	0.154231   
  2.3884  	2.10729    	-0.00430166	-10.8543   	0.154211   
  2.3885  	2.10729    	-0.00430363	-10.853    	0.154192   
  2.3886  	2.10728    	-0.0043056 	-10.8516   	0.154173   
  2.3887  	2.10728    	-0.00430757	-10.8503   	0.154153   
  2.3888  	2.10727    	-0.00430954	-10.8489   	0.154134   
  2.3889  	2.10727    	-0.00431152	-10.8476   	0.154115   
  2.389   	2.10726    	-0.00431349	-10.8462   	0.154095   
  2.3891  	2.10726    	-0.00431547	-10.8449   	0.154076   
  2.3892  	2.10725    	-0.00431745	-10.8435   	0.154057   
  2.3893  	2.10724    	-0.00431943	-10.8422   	0.154037   
  2.3894  	2.10724    	-0.00432141	-10.8408   	0.154018   
  2.3895  	2.10723    	-0.00432339	-10.8395   	0.153999   
  2.3896  	2.10723    	-0.00432538	-10.8381   	0.153979   
  2.3897  	2.10722    	-0.00432736	-10.8368   	0.15396    
  2.3898  	2.10722    	-0.00432935	-10.8354   	0.153941   
  2.3899  	2.10721    	-0.00433134	-10.8341   	0.153921   
  2.39    	2.10721    	-0.00433333	-10.8327   	0.153902   
  2.3901  	2.1072     	-0.00433532	-10.8314   	0.153883   
  2.3902  	2.1072     	-0.00433731	-10.83     	0.153863   
  2.3903  	2.10719    	-0.0043393 	-10.8287   	0.153844   
  2.3904  	2.10718    	-0.0043413 	-10.8273   	0.153825   
  2.3905  	2.10718    	-0.00434329	-10.826    	0.153805   
  2.3906  	2.10717    	-0.00434529	-10.8246   	0.153786   
  2.3907  	2.10717    	-0.00434729	-10.8233   	0.153767   
  2.3908  	2.10716    	-0.00434929	-10.8219   	0.153748   
  2.3909  	2.10716    	-0.00435129	-10.8206   	0.153728   
  2.391   	2.10715    	-0.00435329	-10.8192   	0.153709   
  2.3911  	2.10715    	-0.0043553 	-10.8179   	0.15369    
  2.3912  	2.10714    	-0.0043573 	-10.8165   	0.15367    
  2.3913  	2.10714    	-0.00435931	-10.8152   	0.153651   
  2.3914  	2.10713    	-0.00436132	-10.8138   	0.153632   
  2.3915  	2.10712    	-0.00436333	-10.8125   	0.153613   
  2.3916  	2.10712    	-0.00436534	-10.8111   	0.153593   
  2.3917  	2.10711    	-0.00436735	-10.8098   	0.153574   
  2.3918  	2.10711    	-0.00436937	-10.8084   	0.153555   
  2.3919  	2.1071     	-0.00437138	-10.8071   	0.153535   
  2.392   	2.1071     	-0.0043734 	-10.8057   	0.153516   
  2.3921  	2.10709    	-0.00437542	-10.8044   	0.153497   
  2.3922  	2.10709    	-0.00437744	-10.803    	0.153478   
  2.3923  	2.10708    	-0.00437946	-10.8017   	0.153458   
  2.3924  	2.10708    	-0.00438148	-10.8004   	0.153439   
  2.3925  	2.10707    	-0.0043835 	-10.799    	0.15342    
  2.3926  	2.10706    	-0.00438553	-10.7977   	0.153401   
  2.3927  	2.10706    	-0.00438755	-10.7963   	0.153382   
  2.3928  	2.10705    	-0.00438958	-10.795    	0.153362   
  2.3929  	2.10705    	-0.00439161	-10.7936   	0.153343   
  2.393   	2.10704    	-0.00439364	-10.7923   	0.153324   
  2.3931  	2.10704    	-0.00439567	-10.7909   	0.153305   
  2.3932  	2.10703    	-0.00439771	-10.7896   	0.153285   
  2.3933  	2.10703    	-0.00439974	-10.7882   	0.153266   
  2.3934  	2.10702    	-0.00440178	-10.7869   	0.153247   
  2.3935  	2.10702    	-0.00440381	-10.7856   	0.153228   
  2.3936  	2.10701    	-0.00440585	-10.7842   	0.153209   
  2.3937  	2.107      	-0.00440789	-10.7829   	0.153189   
  2.3938  	2.107      	-0.00440993	-10.7815   	0.15317    
  2.3939  	2.10699    	-0.00441198	-10.7802   	0.153151   
  2.394   	2.10699    	-0.00441402	-10.7788   	0.153132   
  2.3941  	2.10698    	-0.00441607	-10.7775   	0.153113   
  2.3942  	2.10698    	-0.00441812	-10.7762   	0.153093   
  2.3943  	2.10697    	-0.00442016	-10.7748   	0.153074   
  2.3944  	2.10697    	-0.00442221	-10.7735   	0.153055   
  2.3945  	2.10696    	-0.00442427	-10.7721   	0.153036   
  2.3946  	2.10695    	-0.00442632	-10.7708   	0.153017   
  2.3947  	2.10695    	-0.00442837	-10.7694   	0.152998   
  2.3948  	2.10694    	-0.00443043	-10.7681   	0.152978   
  2.3949  	2.10694    	-0.00443249	-10.7668   	0.152959   
  2.395   	2.10693    	-0.00443454	-10.7654   	0.15294    
  2.3951  	2.10693    	-0.00443661	-10.7641   	0.152921   
  2.3952  	2.10692    	-0.00443867	-10.7627   	0.152902   
  2.3953  	2.10692    	-0.00444073	-10.7614   	0.152883   
  2.3954  	2.10691    	-0.00444279	-10.7601   	0.152864   
  2.3955  	2.1069     	-0.00444486	-10.7587   	0.152844   
  2.3956  	2.1069     	-0.00444693	-10.7574   	0.152825   
  2.3957  	2.10689    	-0.004449  	-10.756    	0.152806   
  2.3958  	2.10689    	-0.00445107	-10.7547   	0.152787   
  2.3959  	2.10688    	-0.00445314	-10.7534   	0.152768   
  2.396   	2.10688    	-0.00445521	-10.752    	0.152749   
  2.3961  	2.10687    	-0.00445728	-10.7507   	0.15273    
  2.3962  	2.10687    	-0.00445936	-10.7493   	0.15271    
  2.3963  	2.10686    	-0.00446144	-10.748    	0.152691   
  2.3964  	2.10685    	-0.00446352	-10.7467   	0.152672   
  2.3965  	2.10685    	-0.0044656 	-10.7453   	0.152653   
  2.3966  	2.10684    	-0.00446768	-10.744    	0.152634   
  2.3967  	2.10684    	-0.00446976	-10.7426   	0.152615   
  2.3968  	2.10683    	-0.00447184	-10.7413   	0.152596   
  2.3969  	2.10683    	-0.00447393	-10.74     	0.152577   
  2.397   	2.10682    	-0.00447602	-10.7386   	0.152558   
  2.3971  	2.10682    	-0.00447811	-10.7373   	0.152539   
  2.3972  	2.10681    	-0.0044802 	-10.7359   	0.152519   
  2.3973  	2.1068     	-0.00448229	-10.7346   	0.1525     
  2.3974  	2.1068     	-0.00448438	-10.7333   	0.152481   
  2.3975  	2.10679    	-0.00448647	-10.7319   	0.152462   
  2.3976  	2.10679    	-0.00448857	-10.7306   	0.152443   
  2.3977  	2.10678    	-0.00449067	-10.7293   	0.152424   
  2.3978  	2.10678    	-0.00449277	-10.7279   	0.152405   
  2.3979  	2.10677    	-0.00449487	-10.7266   	0.152386   
  2.398   	2.10676    	-0.00449697	-10.7253   	0.152367   
  2.3981  	2.10676    	-0.00449907	-10.7239   	0.152348   
  2.3982  	2.10675    	-0.00450118	-10.7226   	0.152329   
  2.3983  	2.10675    	-0.00450328	-10.7212   	0.15231    
  2.3984  	2.10674    	-0.00450539	-10.7199   	0.152291   
  2.3985  	2.10674    	-0.0045075 	-10.7186   	0.152272   
  2.3986  	2.10673    	-0.00450961	-10.7172   	0.152253   
  2.3987  	2.10673    	-0.00451172	-10.7159   	0.152234   
  2.3988  	2.10672    	-0.00451384	-10.7146   	0.152214   
  2.3989  	2.10671    	-0.00451595	-10.7132   	0.152195   
  2.399   	2.10671    	-0.00451807	-10.7119   	0.152176   
  2.3991  	2.1067     	-0.00452018	-10.7106   	0.152157   
  2.3992  	2.1067     	-0.0045223 	-10.7092   	0.152138   
  2.3993  	2.10669    	-0.00452443	-10.7079   	0.152119   
  2.3994  	2.10669    	-0.00452655	-10.7066   	0.1521     
  2.3995  	2.10668    	-0.00452867	-10.7052   	0.152081   
  2.3996  	2.10667    	-0.0045308 	-10.7039   	0.152062   
  2.3997  	2.10667    	-0.00453292	-10.7026   	0.152043   
  2.3998  	2.10666    	-0.00453505	-10.7012   	0.152024   
  2.3999  	2.10666    	-0.00453718	-10.6999   	0.152005   
  2.4     	2.10665    	-0.00453931	-10.6986   	0.151986   
  2.4001  	2.10665    	-0.00454144	-10.6972   	0.151967   
  2.4002  	2.10664    	-0.00454358	-10.6959   	0.151948   
  2.4003  	2.10664    	-0.00454571	-10.6946   	0.151929   
  2.4004  	2.10663    	-0.00454785	-10.6932   	0.15191    
  2.4005  	2.10662    	-0.00454999	-10.6919   	0.151891   
  2.4006  	2.10662    	-0.00455213	-10.6906   	0.151872   
  2.4007  	2.10661    	-0.00455427	-10.6892   	0.151853   
  2.4008  	2.10661    	-0.00455642	-10.6879   	0.151834   
  2.4009  	2.1066     	-0.00455856	-10.6866   	0.151815   
  2.401   	2.1066     	-0.00456071	-10.6852   	0.151796   
  2.4011  	2.10659    	-0.00456285	-10.6839   	0.151778   
  2.4012  	2.10658    	-0.004565  	-10.6826   	0.151759   
  2.4013  	2.10658    	-0.00456715	-10.6812   	0.15174    
  2.4014  	2.10657    	-0.00456931	-10.6799   	0.151721   
  2.4015  	2.10657    	-0.00457146	-10.6786   	0.151702   
  2.4016  	2.10656    	-0.00457361	-10.6772   	0.151683   
  2.4017  	2.10656    	-0.00457577	-10.6759   	0.151664   
  2.4018  	2.10655    	-0.00457793	-10.6746   	0.151645   
  2.4019  	2.10654    	-0.00458009	-10.6733   	0.151626   
  2.402   	2.10654    	-0.00458225	-10.6719   	0.151607   
  2.4021  	2.10653    	-0.00458441	-10.6706   	0.151588   
  2.4022  	2.10653    	-0.00458658	-10.6693   	0.151569   
  2.4023  	2.10652    	-0.00458874	-10.6679   	0.15155    
  2.4024  	2.10652    	-0.00459091	-10.6666   	0.151531   
  2.4025  	2.10651    	-0.00459308	-10.6653   	0.151512   
  2.4026  	2.1065     	-0.00459525	-10.664    	0.151493   
  2.4027  	2.1065     	-0.00459742	-10.6626   	0.151475   
  2.4028  	2.10649    	-0.00459959	-10.6613   	0.151456   
  2.4029  	2.10649    	-0.00460177	-10.66     	0.151437   
  2.403   	2.10648    	-0.00460394	-10.6586   	0.151418   
  2.4031  	2.10648    	-0.00460612	-10.6573   	0.151399   
  2.4032  	2.10647    	-0.0046083 	-10.656    	0.15138    
  2.4033  	2.10646    	-0.00461048	-10.6547   	0.151361   
  2.4034  	2.10646    	-0.00461266	-10.6533   	0.151342   
  2.4035  	2.10645    	-0.00461485	-10.652    	0.151323   
  2.4036  	2.10645    	-0.00461703	-10.6507   	0.151304   
  2.4037  	2.10644    	-0.00461922	-10.6493   	0.151286   
  2.4038  	2.10644    	-0.00462141	-10.648    	0.151267   
  2.4039  	2.10643    	-0.0046236 	-10.6467   	0.151248   
  2.404   	2.10642    	-0.00462579	-10.6454   	0.151229   
  2.4041  	2.10642    	-0.00462798	-10.644    	0.15121    
  2.4042  	2.10641    	-0.00463018	-10.6427   	0.151191   
  2.4043  	2.10641    	-0.00463238	-10.6414   	0.151172   
  2.4044  	2.1064     	-0.00463457	-10.6401   	0.151153   
  2.4045  	2.10639    	-0.00463677	-10.6387   	0.151135   
  2.4046  	2.10639    	-0.00463897	-10.6374   	0.151116   
  2.4047  	2.10638    	-0.00464118	-10.6361   	0.151097   
  2.4048  	2.10638    	-0.00464338	-10.6348   	0.151078   
  2.4049  	2.10637    	-0.00464559	-10.6334   	0.151059   
  2.405   	2.10637    	-0.00464779	-10.6321   	0.15104    
  2.4051  	2.10636    	-0.00465   	-10.6308   	0.151022   
  2.4052  	2.10635    	-0.00465221	-10.6295   	0.151003   
  2.4053  	2.10635    	-0.00465442	-10.6281   	0.150984   
  2.4054  	2.10634    	-0.00465664	-10.6268   	0.150965   
  2.4055  	2.10634    	-0.00465885	-10.6255   	0.150946   
  2.4056  	2.10633    	-0.00466107	-10.6242   	0.150927   
  2.4057  	2.10633    	-0.00466329	-10.6228   	0.150909   
  2.4058  	2.10632    	-0.00466551	-10.6215   	0.15089    
  2.4059  	2.10631    	-0.00466773	-10.6202   	0.150871   
  2.406   	2.10631    	-0.00466995	-10.6189   	0.150852   
  2.4061  	2.1063     	-0.00467217	-10.6175   	0.150833   
  2.4062  	2.1063     	-0.0046744 	-10.6162   	0.150815   
  2.4063  	2.10629    	-0.00467663	-10.6149   	0.150796   
  2.4064  	2.10628    	-0.00467886	-10.6136   	0.150777   
  2.4065  	2.10628    	-0.00468109	-10.6123   	0.150758   
  2.4066  	2.10627    	-0.00468332	-10.6109   	0.150739   
  2.4067  	2.10627    	-0.00468555	-10.6096   	0.150721   
  2.4068  	2.10626    	-0.00468779	-10.6083   	0.150702   
  2.4069  	2.10626    	-0.00469003	-10.607    	0.150683   
  2.407   	2.10625    	-0.00469226	-10.6056   	0.150664   
  2.4071  	2.10624    	-0.0046945 	-10.6043   	0.150645   
  2.4072  	2.10624    	-0.00469675	-10.603    	0.150627   
  2.4073  	2.10623    	-0.00469899	-10.6017   	0.150608   
  2.4074  	2.10623    	-0.00470123	-10.6004   	0.150589   
  2.4075  	2.10622    	-0.00470348	-10.599    	0.15057    
  2.4076  	2.10621    	-0.00470573	-10.5977   	0.150552   
  2.4077  	2.10621    	-0.00470798	-10.5964   	0.150533   
  2.4078  	2.1062     	-0.00471023	-10.5951   	0.150514   
  2.4079  	2.1062     	-0.00471248	-10.5938   	0.150495   
  2.408   	2.10619    	-0.00471474	-10.5924   	0.150477   
  2.4081  	2.10619    	-0.00471699	-10.5911   	0.150458   
  2.4082  	2.10618    	-0.00471925	-10.5898   	0.150439   
  2.4083  	2.10617    	-0.00472151	-10.5885   	0.15042    
  2.4084  	2.10617    	-0.00472377	-10.5872   	0.150402   
  2.4085  	2.10616    	-0.00472603	-10.5858   	0.150383   
  2.4086  	2.10616    	-0.0047283 	-10.5845   	0.150364   
  2.4087  	2.10615    	-0.00473056	-10.5832   	0.150345   
  2.4088  	2.10614    	-0.00473283	-10.5819   	0.150327   
  2.4089  	2.10614    	-0.0047351 	-10.5806   	0.150308   
  2.409   	2.10613    	-0.00473737	-10.5792   	0.150289   
  2.4091  	2.10613    	-0.00473964	-10.5779   	0.150271   
  2.4092  	2.10612    	-0.00474192	-10.5766   	0.150252   
  2.4093  	2.10611    	-0.00474419	-10.5753   	0.150233   
  2.4094  	2.10611    	-0.00474647	-10.574    	0.150214   
  2.4095  	2.1061     	-0.00474875	-10.5727   	0.150196   
  2.4096  	2.1061     	-0.00475103	-10.5713   	0.150177   
  2.4097  	2.10609    	-0.00475331	-10.57     	0.150158   
  2.4098  	2.10608    	-0.00475559	-10.5687   	0.15014    
  2.4099  	2.10608    	-0.00475788	-10.5674   	0.150121   
  2.41    	2.10607    	-0.00476016	-10.5661   	0.150102   
  2.4101  	2.10607    	-0.00476245	-10.5648   	0.150084   
  2.4102  	2.10606    	-0.00476474	-10.5634   	0.150065   
  2.4103  	2.10606    	-0.00476703	-10.5621   	0.150046   
  2.4104  	2.10605    	-0.00476933	-10.5608   	0.150028   
  2.4105  	2.10604    	-0.00477162	-10.5595   	0.150009   
  2.4106  	2.10604    	-0.00477392	-10.5582   	0.14999    
  2.4107  	2.10603    	-0.00477622	-10.5569   	0.149972   
  2.4108  	2.10603    	-0.00477852	-10.5555   	0.149953   
  2.4109  	2.10602    	-0.00478082	-10.5542   	0.149934   
  2.411   	2.10601    	-0.00478312	-10.5529   	0.149916   
  2.4111  	2.10601    	-0.00478543	-10.5516   	0.149897   
  2.4112  	2.106      	-0.00478773	-10.5503   	0.149878   
  2.4113  	2.106      	-0.00479004	-10.549    	0.14986    
  2.4114  	2.10599    	-0.00479235	-10.5477   	0.149841   
  2.4115  	2.10598    	-0.00479466	-10.5463   	0.149822   
  2.4116  	2.10598    	-0.00479697	-10.545    	0.149804   
  2.4117  	2.10597    	-0.00479929	-10.5437   	0.149785   
  2.4118  	2.10597    	-0.00480161	-10.5424   	0.149766   
  2.4119  	2.10596    	-0.00480392	-10.5411   	0.149748   
  2.412   	2.10595    	-0.00480624	-10.5398   	0.149729   
  2.4121  	2.10595    	-0.00480856	-10.5385   	0.149711   
  2.4122  	2.10594    	-0.00481089	-10.5372   	0.149692   
  2.4123  	2.10594    	-0.00481321	-10.5358   	0.149673   
  2.4124  	2.10593    	-0.00481554	-10.5345   	0.149655   
  2.4125  	2.10592    	-0.00481787	-10.5332   	0.149636   
  2.4126  	2.10592    	-0.0048202 	-10.5319   	0.149618   
  2.4127  	2.10591    	-0.00482253	-10.5306   	0.149599   
  2.4128  	2.10591    	-0.00482486	-10.5293   	0.14958    
  2.4129  	2.1059     	-0.00482719	-10.528    	0.149562   
  2.413   	2.10589    	-0.00482953	-10.5267   	0.149543   
  2.4131  	2.10589    	-0.00483187	-10.5253   	0.149525   
  2.4132  	2.10588    	-0.00483421	-10.524    	0.149506   
  2.4133  	2.10588    	-0.00483655	-10.5227   	0.149487   
  2.4134  	2.10587    	-0.00483889	-10.5214   	0.149469   
  2.4135  	2.10586    	-0.00484124	-10.5201   	0.14945    
  2.4136  	2.10586    	-0.00484358	-10.5188   	0.149432   
  2.4137  	2.10585    	-0.00484593	-10.5175   	0.149413   
  2.4138  	2.10585    	-0.00484828	-10.5162   	0.149395   
  2.4139  	2.10584    	-0.00485063	-10.5149   	0.149376   
  2.414   	2.10583    	-0.00485299	-10.5135   	0.149357   
  2.4141  	2.10583    	-0.00485534	-10.5122   	0.149339   
  2.4142  	2.10582    	-0.0048577 	-10.5109   	0.14932    
  2.4143  	2.10582    	-0.00486006	-10.5096   	0.149302   
  2.4144  	2.10581    	-0.00486242	-10.5083   	0.149283   
  2.4145  	2.1058     	-0.00486478	-10.507    	0.149265   
  2.4146  	2.1058     	-0.00486714	-10.5057   	0.149246   
  2.4147  	2.10579    	-0.00486951	-10.5044   	0.149228   
  2.4148  	2.10579    	-0.00487187	-10.5031   	0.149209   
  2.4149  	2.10578    	-0.00487424	-10.5018   	0.14919    
  2.415   	2.10577    	-0.00487661	-10.5005   	0.149172   
  2.4151  	2.10577    	-0.00487898	-10.4991   	0.149153   
  2.4152  	2.10576    	-0.00488136	-10.4978   	0.149135   
  2.4153  	2.10576    	-0.00488373	-10.4965   	0.149116   
  2.4154  	2.10575    	-0.00488611	-10.4952   	0.149098   
  2.4155  	2.10574    	-0.00488849	-10.4939   	0.149079   
  2.4156  	2.10574    	-0.00489087	-10.4926   	0.149061   
  2.4157  	2.10573    	-0.00489325	-10.4913   	0.149042   
  2.4158  	2.10573    	-0.00489563	-10.49     	0.149024   
  2.4159  	2.10572    	-0.00489802	-10.4887   	0.149005   
  2.416   	2.10571    	-0.00490041	-10.4874   	0.148987   
  2.4161  	2.10571    	-0.0049028 	-10.4861   	0.148968   
  2.4162  	2.1057     	-0.00490519	-10.4848   	0.14895    
  2.4163  	2.10569    	-0.00490758	-10.4835   	0.148931   
  2.4164  	2.10569    	-0.00490997	-10.4821   	0.148913   
  2.4165  	2.10568    	-0.00491237	-10.4808   	0.148894   
  2.4166  	2.10568    	-0.00491477	-10.4795   	0.148876   
  2.4167  	2.10567    	-0.00491717	-10.4782   	0.148857   
  2.4168  	2.10566    	-0.00491957	-10.4769   	0.148839   
  2.4169  	2.10566    	-0.00492197	-10.4756   	0.14882    
  2.417   	2.10565    	-0.00492437	-10.4743   	0.148802   
  2.4171  	2.10565    	-0.00492678	-10.473    	0.148784   
  2.4172  	2.10564    	-0.00492919	-10.4717   	0.148765   
  2.4173  	2.10563    	-0.0049316 	-10.4704   	0.148747   
  2.4174  	2.10563    	-0.00493401	-10.4691   	0.148728   
  2.4175  	2.10562    	-0.00493642	-10.4678   	0.14871    
  2.4176  	2.10562    	-0.00493884	-10.4665   	0.148691   
  2.4177  	2.10561    	-0.00494126	-10.4652   	0.148673   
  2.4178  	2.1056     	-0.00494367	-10.4639   	0.148654   
  2.4179  	2.1056     	-0.00494609	-10.4626   	0.148636   
  2.418   	2.10559    	-0.00494852	-10.4613   	0.148617   
  2.4181  	2.10558    	-0.00495094	-10.46     	0.148599   
  2.4182  	2.10558    	-0.00495337	-10.4587   	0.148581   
  2.4183  	2.10557    	-0.00495579	-10.4574   	0.148562   
  2.4184  	2.10557    	-0.00495822	-10.4561   	0.148544   
  2.4185  	2.10556    	-0.00496065	-10.4548   	0.148525   
  2.4186  	2.10555    	-0.00496309	-10.4535   	0.148507   
  2.4187  	2.10555    	-0.00496552	-10.4522   	0.148488   
  2.4188  	2.10554    	-0.00496796	-10.4508   	0.14847    
  2.4189  	2.10554    	-0.00497039	-10.4495   	0.148452   
  2.419   	2.10553    	-0.00497283	-10.4482   	0.148433   
  2.4191  	2.10552    	-0.00497528	-10.4469   	0.148415   
  2.4192  	2.10552    	-0.00497772	-10.4456   	0.148396   
  2.4193  	2.10551    	-0.00498016	-10.4443   	0.148378   
  2.4194  	2.1055     	-0.00498261	-10.443    	0.14836    
  2.4195  	2.1055     	-0.00498506	-10.4417   	0.148341   
  2.4196  	2.10549    	-0.00498751	-10.4404   	0.148323   
  2.4197  	2.10549    	-0.00498996	-10.4391   	0.148304   
  2.4198  	2.10548    	-0.00499242	-10.4378   	0.148286   
  2.4199  	2.10547    	-0.00499487	-10.4365   	0.148268   
  2.42    	2.10547    	-0.00499733	-10.4352   	0.148249   
  2.4201  	2.10546    	-0.00499979	-10.4339   	0.148231   
  2.4202  	2.10546    	-0.00500225	-10.4326   	0.148213   
  2.4203  	2.10545    	-0.00500471	-10.4313   	0.148194   
  2.4204  	2.10544    	-0.00500718	-10.43     	0.148176   
  2.4205  	2.10544    	-0.00500964	-10.4287   	0.148157   
  2.4206  	2.10543    	-0.00501211	-10.4274   	0.148139   
  2.4207  	2.10542    	-0.00501458	-10.4261   	0.148121   
  2.4208  	2.10542    	-0.00501705	-10.4248   	0.148102   
  2.4209  	2.10541    	-0.00501953	-10.4235   	0.148084   
  2.421   	2.10541    	-0.005022  	-10.4222   	0.148066   
  2.4211  	2.1054     	-0.00502448	-10.4209   	0.148047   
  2.4212  	2.10539    	-0.00502696	-10.4196   	0.148029   
  2.4213  	2.10539    	-0.00502944	-10.4183   	0.148011   
  2.4214  	2.10538    	-0.00503192	-10.417    	0.147992   
  2.4215  	2.10537    	-0.00503441	-10.4157   	0.147974   
  2.4216  	2.10537    	-0.0050369 	-10.4144   	0.147956   
  2.4217  	2.10536    	-0.00503938	-10.4132   	0.147937   
  2.4218  	2.10536    	-0.00504187	-10.4119   	0.147919   
  2.4219  	2.10535    	-0.00504437	-10.4106   	0.147901   
  2.422   	2.10534    	-0.00504686	-10.4093   	0.147882   
  2.4221  	2.10534    	-0.00504936	-10.408    	0.147864   
  2.4222  	2.10533    	-0.00505185	-10.4067   	0.147846   
  2.4223  	2.10532    	-0.00505435	-10.4054   	0.147827   
  2.4224  	2.10532    	-0.00505685	-10.4041   	0.147809   
  2.4225  	2.10531    	-0.00505936	-10.4028   	0.147791   
  2.4226  	2.10531    	-0.00506186	-10.4015   	0.147773   
  2.4227  	2.1053     	-0.00506437	-10.4002   	0.147754   
  2.4228  	2.10529    	-0.00506688	-10.3989   	0.147736   
  2.4229  	2.10529    	-0.00506939	-10.3976   	0.147718   
  2.423   	2.10528    	-0.0050719 	-10.3963   	0.147699   
  2.4231  	2.10527    	-0.00507441	-10.395    	0.147681   
  2.4232  	2.10527    	-0.00507693	-10.3937   	0.147663   
  2.4233  	2.10526    	-0.00507945	-10.3924   	0.147645   
  2.4234  	2.10526    	-0.00508196	-10.3911   	0.147626   
  2.4235  	2.10525    	-0.00508449	-10.3898   	0.147608   
  2.4236  	2.10524    	-0.00508701	-10.3885   	0.14759    
  2.4237  	2.10524    	-0.00508953	-10.3872   	0.147571   
  2.4238  	2.10523    	-0.00509206	-10.3859   	0.147553   
  2.4239  	2.10522    	-0.00509459	-10.3846   	0.147535   
  2.424   	2.10522    	-0.00509712	-10.3833   	0.147517   
  2.4241  	2.10521    	-0.00509965	-10.3821   	0.147498   
  2.4242  	2.1052     	-0.00510219	-10.3808   	0.14748    
  2.4243  	2.1052     	-0.00510472	-10.3795   	0.147462   
  2.4244  	2.10519    	-0.00510726	-10.3782   	0.147444   
  2.4245  	2.10519    	-0.0051098 	-10.3769   	0.147425   
  2.4246  	2.10518    	-0.00511234	-10.3756   	0.147407   
  2.4247  	2.10517    	-0.00511489	-10.3743   	0.147389   
  2.4248  	2.10517    	-0.00511743	-10.373    	0.147371   
  2.4249  	2.10516    	-0.00511998	-10.3717   	0.147352   
  2.425   	2.10515    	-0.00512253	-10.3704   	0.147334   
  2.4251  	2.10515    	-0.00512508	-10.3691   	0.147316   
  2.4252  	2.10514    	-0.00512763	-10.3678   	0.147298   
  2.4253  	2.10514    	-0.00513019	-10.3665   	0.14728    
  2.4254  	2.10513    	-0.00513275	-10.3653   	0.147261   
  2.4255  	2.10512    	-0.0051353 	-10.364    	0.147243   
  2.4256  	2.10512    	-0.00513787	-10.3627   	0.147225   
  2.4257  	2.10511    	-0.00514043	-10.3614   	0.147207   
  2.4258  	2.1051     	-0.00514299	-10.3601   	0.147189   
  2.4259  	2.1051     	-0.00514556	-10.3588   	0.14717    
  2.426   	2.10509    	-0.00514813	-10.3575   	0.147152   
  2.4261  	2.10508    	-0.0051507 	-10.3562   	0.147134   
  2.4262  	2.10508    	-0.00515327	-10.3549   	0.147116   
  2.4263  	2.10507    	-0.00515584	-10.3536   	0.147098   
  2.4264  	2.10507    	-0.00515842	-10.3523   	0.147079   
  2.4265  	2.10506    	-0.005161  	-10.3511   	0.147061   
  2.4266  	2.10505    	-0.00516358	-10.3498   	0.147043   
  2.4267  	2.10505    	-0.00516616	-10.3485   	0.147025   
  2.4268  	2.10504    	-0.00516874	-10.3472   	0.147007   
  2.4269  	2.10503    	-0.00517133	-10.3459   	0.146988   
  2.427   	2.10503    	-0.00517391	-10.3446   	0.14697    
  2.4271  	2.10502    	-0.0051765 	-10.3433   	0.146952   
  2.4272  	2.10501    	-0.00517909	-10.342    	0.146934   
  2.4273  	2.10501    	-0.00518169	-10.3407   	0.146916   
  2.4274  	2.105      	-0.00518428	-10.3394   	0.146898   
  2.4275  	2.10499    	-0.00518688	-10.3382   	0.14688    
  2.4276  	2.10499    	-0.00518948	-10.3369   	0.146861   
  2.4277  	2.10498    	-0.00519208	-10.3356   	0.146843   
  2.4278  	2.10498    	-0.00519468	-10.3343   	0.146825   
  2.4279  	2.10497    	-0.00519729	-10.333    	0.146807   
  2.428   	2.10496    	-0.00519989	-10.3317   	0.146789   
  2.4281  	2.10496    	-0.0052025 	-10.3304   	0.146771   
  2.4282  	2.10495    	-0.00520511	-10.3291   	0.146753   
  2.4283  	2.10494    	-0.00520772	-10.3279   	0.146734   
  2.4284  	2.10494    	-0.00521034	-10.3266   	0.146716   
  2.4285  	2.10493    	-0.00521295	-10.3253   	0.146698   
  2.4286  	2.10492    	-0.00521557	-10.324    	0.14668    
  2.4287  	2.10492    	-0.00521819	-10.3227   	0.146662   
  2.4288  	2.10491    	-0.00522081	-10.3214   	0.146644   
  2.4289  	2.1049     	-0.00522344	-10.3201   	0.146626   
  2.429   	2.1049     	-0.00522606	-10.3189   	0.146608   
  2.4291  	2.10489    	-0.00522869	-10.3176   	0.14659    
  2.4292  	2.10489    	-0.00523132	-10.3163   	0.146571   
  2.4293  	2.10488    	-0.00523395	-10.315    	0.146553   
  2.4294  	2.10487    	-0.00523659	-10.3137   	0.146535   
  2.4295  	2.10487    	-0.00523922	-10.3124   	0.146517   
  2.4296  	2.10486    	-0.00524186	-10.3111   	0.146499   
  2.4297  	2.10485    	-0.0052445 	-10.3099   	0.146481   
  2.4298  	2.10485    	-0.00524714	-10.3086   	0.146463   
  2.4299  	2.10484    	-0.00524979	-10.3073   	0.146445   
  2.43    	2.10483    	-0.00525243	-10.306    	0.146427   
  2.4301  	2.10483    	-0.00525508	-10.3047   	0.146409   
  2.4302  	2.10482    	-0.00525773	-10.3034   	0.146391   
  2.4303  	2.10481    	-0.00526038	-10.3022   	0.146372   
  2.4304  	2.10481    	-0.00526303	-10.3009   	0.146354   
  2.4305  	2.1048     	-0.00526569	-10.2996   	0.146336   
  2.4306  	2.10479    	-0.00526835	-10.2983   	0.146318   
  2.4307  	2.10479    	-0.00527101	-10.297    	0.1463     
  2.4308  	2.10478    	-0.00527367	-10.2957   	0.146282   
  2.4309  	2.10478    	-0.00527633	-10.2945   	0.146264   
  2.431   	2.10477    	-0.005279  	-10.2932   	0.146246   
  2.4311  	2.10476    	-0.00528167	-10.2919   	0.146228   
  2.4312  	2.10476    	-0.00528433	-10.2906   	0.14621    
  2.4313  	2.10475    	-0.00528701	-10.2893   	0.146192   
  2.4314  	2.10474    	-0.00528968	-10.288    	0.146174   
  2.4315  	2.10474    	-0.00529236	-10.2868   	0.146156   
  2.4316  	2.10473    	-0.00529503	-10.2855   	0.146138   
  2.4317  	2.10472    	-0.00529771	-10.2842   	0.14612    
  2.4318  	2.10472    	-0.00530039	-10.2829   	0.146102   
  2.4319  	2.10471    	-0.00530308	-10.2816   	0.146084   
  2.432   	2.1047     	-0.00530576	-10.2803   	0.146066   
  2.4321  	2.1047     	-0.00530845	-10.2791   	0.146048   
  2.4322  	2.10469    	-0.00531114	-10.2778   	0.14603    
  2.4323  	2.10468    	-0.00531383	-10.2765   	0.146012   
  2.4324  	2.10468    	-0.00531652	-10.2752   	0.145994   
  2.4325  	2.10467    	-0.00531922	-10.2739   	0.145976   
  2.4326  	2.10466    	-0.00532192	-10.2727   	0.145958   
  2.4327  	2.10466    	-0.00532462	-10.2714   	0.14594    
  2.4328  	2.10465    	-0.00532732	-10.2701   	0.145922   
  2.4329  	2.10464    	-0.00533002	-10.2688   	0.145904   
  2.433   	2.10464    	-0.00533273	-10.2675   	0.145886   
  2.4331  	2.10463    	-0.00533544	-10.2663   	0.145868   
  2.4332  	2.10462    	-0.00533815	-10.265    	0.14585    
  2.4333  	2.10462    	-0.00534086	-10.2637   	0.145832   
  2.4334  	2.10461    	-0.00534357	-10.2624   	0.145814   
  2.4335  	2.10461    	-0.00534629	-10.2611   	0.145796   
  2.4336  	2.1046     	-0.00534901	-10.2599   	0.145778   
  2.4337  	2.10459    	-0.00535173	-10.2586   	0.14576    
  2.4338  	2.10459    	-0.00535445	-10.2573   	0.145742   
  2.4339  	2.10458    	-0.00535717	-10.256    	0.145724   
  2.434   	2.10457    	-0.0053599 	-10.2548   	0.145706   
  2.4341  	2.10457    	-0.00536263	-10.2535   	0.145688   
  2.4342  	2.10456    	-0.00536536	-10.2522   	0.14567    
  2.4343  	2.10455    	-0.00536809	-10.2509   	0.145652   
  2.4344  	2.10455    	-0.00537082	-10.2496   	0.145634   
  2.4345  	2.10454    	-0.00537356	-10.2484   	0.145616   
  2.4346  	2.10453    	-0.0053763 	-10.2471   	0.145598   
  2.4347  	2.10453    	-0.00537904	-10.2458   	0.14558    
  2.4348  	2.10452    	-0.00538178	-10.2445   	0.145562   
  2.4349  	2.10451    	-0.00538453	-10.2433   	0.145545   
  2.435   	2.10451    	-0.00538727	-10.242    	0.145527   
  2.4351  	2.1045     	-0.00539002	-10.2407   	0.145509   
  2.4352  	2.10449    	-0.00539277	-10.2394   	0.145491   
  2.4353  	2.10449    	-0.00539553	-10.2382   	0.145473   
  2.4354  	2.10448    	-0.00539828	-10.2369   	0.145455   
  2.4355  	2.10447    	-0.00540104	-10.2356   	0.145437   
  2.4356  	2.10447    	-0.0054038 	-10.2343   	0.145419   
  2.4357  	2.10446    	-0.00540656	-10.2331   	0.145401   
  2.4358  	2.10445    	-0.00540932	-10.2318   	0.145383   
  2.4359  	2.10445    	-0.00541209	-10.2305   	0.145365   
  2.436   	2.10444    	-0.00541486	-10.2292   	0.145347   
  2.4361  	2.10443    	-0.00541763	-10.228    	0.14533    
  2.4362  	2.10443    	-0.0054204 	-10.2267   	0.145312   
  2.4363  	2.10442    	-0.00542317	-10.2254   	0.145294   
  2.4364  	2.10441    	-0.00542595	-10.2241   	0.145276   
  2.4365  	2.10441    	-0.00542873	-10.2229   	0.145258   
  2.4366  	2.1044     	-0.00543151	-10.2216   	0.14524    
  2.4367  	2.10439    	-0.00543429	-10.2203   	0.145222   
  2.4368  	2.10439    	-0.00543707	-10.219    	0.145204   
  2.4369  	2.10438    	-0.00543986	-10.2178   	0.145186   
  2.437   	2.10437    	-0.00544265	-10.2165   	0.145169   
  2.4371  	2.10437    	-0.00544544	-10.2152   	0.145151   
  2.4372  	2.10436    	-0.00544823	-10.2139   	0.145133   
  2.4373  	2.10435    	-0.00545103	-10.2127   	0.145115   
  2.4374  	2.10435    	-0.00545382	-10.2114   	0.145097   
  2.4375  	2.10434    	-0.00545662	-10.2101   	0.145079   
  2.4376  	2.10433    	-0.00545942	-10.2088   	0.145061   
  2.4377  	2.10433    	-0.00546223	-10.2076   	0.145044   
  2.4378  	2.10432    	-0.00546503	-10.2063   	0.145026   
  2.4379  	2.10431    	-0.00546784	-10.205    	0.145008   
  2.438   	2.10431    	-0.00547065	-10.2038   	0.14499    
  2.4381  	2.1043     	-0.00547346	-10.2025   	0.144972   
  2.4382  	2.10429    	-0.00547628	-10.2012   	0.144954   
  2.4383  	2.10429    	-0.00547909	-10.1999   	0.144937   
  2.4384  	2.10428    	-0.00548191	-10.1987   	0.144919   
  2.4385  	2.10427    	-0.00548473	-10.1974   	0.144901   
  2.4386  	2.10426    	-0.00548756	-10.1961   	0.144883   
  2.4387  	2.10426    	-0.00549038	-10.1949   	0.144865   
  2.4388  	2.10425    	-0.00549321	-10.1936   	0.144847   
  2.4389  	2.10424    	-0.00549604	-10.1923   	0.14483    
  2.439   	2.10424    	-0.00549887	-10.1911   	0.144812   
  2.4391  	2.10423    	-0.0055017 	-10.1898   	0.144794   
  2.4392  	2.10422    	-0.00550454	-10.1885   	0.144776   
  2.4393  	2.10422    	-0.00550738	-10.1872   	0.144758   
  2.4394  	2.10421    	-0.00551022	-10.186    	0.144741   
  2.4395  	2.1042     	-0.00551306	-10.1847   	0.144723   
  2.4396  	2.1042     	-0.0055159 	-10.1834   	0.144705   
  2.4397  	2.10419    	-0.00551875	-10.1822   	0.144687   
  2.4398  	2.10418    	-0.0055216 	-10.1809   	0.144669   
  2.4399  	2.10418    	-0.00552445	-10.1796   	0.144652   
  2.44    	2.10417    	-0.0055273 	-10.1784   	0.144634   
  2.4401  	2.10416    	-0.00553016	-10.1771   	0.144616   
  2.4402  	2.10416    	-0.00553301	-10.1758   	0.144598   
  2.4403  	2.10415    	-0.00553587	-10.1746   	0.144581   
  2.4404  	2.10414    	-0.00553874	-10.1733   	0.144563   
  2.4405  	2.10414    	-0.0055416 	-10.172    	0.144545   
  2.4406  	2.10413    	-0.00554447	-10.1707   	0.144527   
  2.4407  	2.10412    	-0.00554734	-10.1695   	0.144509   
  2.4408  	2.10412    	-0.00555021	-10.1682   	0.144492   
  2.4409  	2.10411    	-0.00555308	-10.1669   	0.144474   
  2.441   	2.1041     	-0.00555595	-10.1657   	0.144456   
  2.4411  	2.1041     	-0.00555883	-10.1644   	0.144438   
  2.4412  	2.10409    	-0.00556171	-10.1631   	0.144421   
  2.4413  	2.10408    	-0.00556459	-10.1619   	0.144403   
  2.4414  	2.10407    	-0.00556748	-10.1606   	0.144385   
  2.4415  	2.10407    	-0.00557036	-10.1593   	0.144367   
  2.4416  	2.10406    	-0.00557325	-10.1581   	0.14435    
  2.4417  	2.10405    	-0.00557614	-10.1568   	0.144332   
  2.4418  	2.10405    	-0.00557903	-10.1555   	0.144314   
  2.4419  	2.10404    	-0.00558193	-10.1543   	0.144297   
  2.442   	2.10403    	-0.00558483	-10.153    	0.144279   
  2.4421  	2.10403    	-0.00558772	-10.1518   	0.144261   
  2.4422  	2.10402    	-0.00559063	-10.1505   	0.144243   
  2.4423  	2.10401    	-0.00559353	-10.1492   	0.144226   
  2.4424  	2.10401    	-0.00559644	-10.148    	0.144208   
  2.4425  	2.104      	-0.00559934	-10.1467   	0.14419    
  2.4426  	2.10399    	-0.00560225	-10.1454   	0.144172   
  2.4427  	2.10399    	-0.00560517	-10.1442   	0.144155   
  2.4428  	2.10398    	-0.00560808	-10.1429   	0.144137   
  2.4429  	2.10397    	-0.005611  	-10.1416   	0.144119   
  2.443   	2.10396    	-0.00561392	-10.1404   	0.144102   
  2.4431  	2.10396    	-0.00561684	-10.1391   	0.144084   
  2.4432  	2.10395    	-0.00561977	-10.1378   	0.144066   
  2.4433  	2.10394    	-0.00562269	-10.1366   	0.144049   
  2.4434  	2.10394    	-0.00562562	-10.1353   	0.144031   
  2.4435  	2.10393    	-0.00562855	-10.1341   	0.144013   
  2.4436  	2.10392    	-0.00563148	-10.1328   	0.143996   
  2.4437  	2.10392    	-0.00563442	-10.1315   	0.143978   
  2.4438  	2.10391    	-0.00563736	-10.1303   	0.14396    
  2.4439  	2.1039     	-0.0056403 	-10.129    	0.143943   
  2.444   	2.1039     	-0.00564324	-10.1277   	0.143925   
  2.4441  	2.10389    	-0.00564618	-10.1265   	0.143907   
  2.4442  	2.10388    	-0.00564913	-10.1252   	0.14389    
  2.4443  	2.10387    	-0.00565208	-10.124    	0.143872   
  2.4444  	2.10387    	-0.00565503	-10.1227   	0.143854   
  2.4445  	2.10386    	-0.00565798	-10.1214   	0.143837   
  2.4446  	2.10385    	-0.00566094	-10.1202   	0.143819   
  2.4447  	2.10385    	-0.0056639 	-10.1189   	0.143801   
  2.4448  	2.10384    	-0.00566686	-10.1176   	0.143784   
  2.4449  	2.10383    	-0.00566982	-10.1164   	0.143766   
  2.445   	2.10383    	-0.00567278	-10.1151   	0.143748   
  2.4451  	2.10382    	-0.00567575	-10.1139   	0.143731   
  2.4452  	2.10381    	-0.00567872	-10.1126   	0.143713   
  2.4453  	2.10381    	-0.00568169	-10.1113   	0.143695   
  2.4454  	2.1038     	-0.00568467	-10.1101   	0.143678   
  2.4455  	2.10379    	-0.00568764	-10.1088   	0.14366    
  2.4456  	2.10378    	-0.00569062	-10.1076   	0.143643   
  2.4457  	2.10378    	-0.0056936 	-10.1063   	0.143625   
  2.4458  	2.10377    	-0.00569659	-10.105    	0.143607   
  2.4459  	2.10376    	-0.00569957	-10.1038   	0.14359    
  2.446   	2.10376    	-0.00570256	-10.1025   	0.143572   
  2.4461  	2.10375    	-0.00570555	-10.1013   	0.143555   
  2.4462  	2.10374    	-0.00570854	-10.1      	0.143537   
  2.4463  	2.10374    	-0.00571154	-10.0987   	0.143519   
  2.4464  	2.10373    	-0.00571453	-10.0975   	0.143502   
  2.4465  	2.10372    	-0.00571753	-10.0962   	0.143484   
  2.4466  	2.10371    	-0.00572054	-10.095    	0.143467   
  2.4467  	2.10371    	-0.00572354	-10.0937   	0.143449   
  2.4468  	2.1037     	-0.00572655	-10.0925   	0.143431   
  2.4469  	2.10369    	-0.00572956	-10.0912   	0.143414   
  2.447   	2.10369    	-0.00573257	-10.0899   	0.143396   
  2.4471  	2.10368    	-0.00573558	-10.0887   	0.143379   
  2.4472  	2.10367    	-0.0057386 	-10.0874   	0.143361   
  2.4473  	2.10367    	-0.00574161	-10.0862   	0.143343   
  2.4474  	2.10366    	-0.00574464	-10.0849   	0.143326   
  2.4475  	2.10365    	-0.00574766	-10.0836   	0.143308   
  2.4476  	2.10364    	-0.00575068	-10.0824   	0.143291   
  2.4477  	2.10364    	-0.00575371	-10.0811   	0.143273   
  2.4478  	2.10363    	-0.00575674	-10.0799   	0.143256   
  2.4479  	2.10362    	-0.00575977	-10.0786   	0.143238   
  2.448   	2.10362    	-0.00576281	-10.0774   	0.143221   
  2.4481  	2.10361    	-0.00576585	-10.0761   	0.143203   
  2.4482  	2.1036     	-0.00576889	-10.0749   	0.143185   
  2.4483  	2.10359    	-0.00577193	-10.0736   	0.143168   
  2.4484  	2.10359    	-0.00577497	-10.0723   	0.14315    
  2.4485  	2.10358    	-0.00577802	-10.0711   	0.143133   
  2.4486  	2.10357    	-0.00578107	-10.0698   	0.143115   
  2.4487  	2.10357    	-0.00578412	-10.0686   	0.143098   
  2.4488  	2.10356    	-0.00578717	-10.0673   	0.14308    
  2.4489  	2.10355    	-0.00579023	-10.0661   	0.143063   
  2.449   	2.10355    	-0.00579329	-10.0648   	0.143045   
  2.4491  	2.10354    	-0.00579635	-10.0636   	0.143028   
  2.4492  	2.10353    	-0.00579941	-10.0623   	0.14301    
  2.4493  	2.10352    	-0.00580248	-10.061    	0.142993   
  2.4494  	2.10352    	-0.00580554	-10.0598   	0.142975   
  2.4495  	2.10351    	-0.00580861	-10.0585   	0.142958   
  2.4496  	2.1035     	-0.00581169	-10.0573   	0.14294    
  2.4497  	2.1035     	-0.00581476	-10.056    	0.142923   
  2.4498  	2.10349    	-0.00581784	-10.0548   	0.142905   
  2.4499  	2.10348    	-0.00582092	-10.0535   	0.142888   
  2.45    	2.10347    	-0.005824  	-10.0523   	0.14287    
  2.4501  	2.10347    	-0.00582709	-10.051    	0.142853   
  2.4502  	2.10346    	-0.00583018	-10.0498   	0.142835   
  2.4503  	2.10345    	-0.00583327	-10.0485   	0.142818   
  2.4504  	2.10345    	-0.00583636	-10.0473   	0.1428     
  2.4505  	2.10344    	-0.00583945	-10.046    	0.142783   
  2.4506  	2.10343    	-0.00584255	-10.0448   	0.142765   
  2.4507  	2.10342    	-0.00584565	-10.0435   	0.142748   
  2.4508  	2.10342    	-0.00584875	-10.0423   	0.14273    
  2.4509  	2.10341    	-0.00585185	-10.041    	0.142713   
  2.451   	2.1034     	-0.00585496	-10.0397   	0.142695   
  2.4511  	2.1034     	-0.00585807	-10.0385   	0.142678   
  2.4512  	2.10339    	-0.00586118	-10.0372   	0.14266    
  2.4513  	2.10338    	-0.0058643 	-10.036    	0.142643   
  2.4514  	2.10337    	-0.00586741	-10.0347   	0.142626   
  2.4515  	2.10337    	-0.00587053	-10.0335   	0.142608   
  2.4516  	2.10336    	-0.00587365	-10.0322   	0.142591   
  2.4517  	2.10335    	-0.00587678	-10.031    	0.142573   
  2.4518  	2.10335    	-0.0058799 	-10.0297   	0.142556   
  2.4519  	2.10334    	-0.00588303	-10.0285   	0.142538   
  2.452   	2.10333    	-0.00588616	-10.0272   	0.142521   
  2.4521  	2.10332    	-0.0058893 	-10.026    	0.142503   
  2.4522  	2.10332    	-0.00589243	-10.0247   	0.142486   
  2.4523  	2.10331    	-0.00589557	-10.0235   	0.142469   
  2.4524  	2.1033     	-0.00589871	-10.0222   	0.142451   
  2.4525  	2.10329    	-0.00590186	-10.021    	0.142434   
  2.4526  	2.10329    	-0.005905  	-10.0197   	0.142416   
  2.4527  	2.10328    	-0.00590815	-10.0185   	0.142399   
  2.4528  	2.10327    	-0.0059113 	-10.0172   	0.142381   
  2.4529  	2.10327    	-0.00591446	-10.016    	0.142364   
  2.453   	2.10326    	-0.00591761	-10.0147   	0.142347   
  2.4531  	2.10325    	-0.00592077	-10.0135   	0.142329   
  2.4532  	2.10324    	-0.00592393	-10.0123   	0.142312   
  2.4533  	2.10324    	-0.00592709	-10.011    	0.142294   
  2.4534  	2.10323    	-0.00593026	-10.0098   	0.142277   
  2.4535  	2.10322    	-0.00593343	-10.0085   	0.14226    
  2.4536  	2.10322    	-0.0059366 	-10.0073   	0.142242   
  2.4537  	2.10321    	-0.00593977	-10.006    	0.142225   
  2.4538  	2.1032     	-0.00594295	-10.0048   	0.142207   
  2.4539  	2.10319    	-0.00594613	-10.0035   	0.14219    
  2.454   	2.10319    	-0.00594931	-10.0023   	0.142173   
  2.4541  	2.10318    	-0.00595249	-10.001    	0.142155   
  2.4542  	2.10317    	-0.00595568	-9.99978   	0.142138   
  2.4543  	2.10316    	-0.00595887	-9.99853   	0.142121   
  2.4544  	2.10316    	-0.00596206	-9.99728   	0.142103   
  2.4545  	2.10315    	-0.00596525	-9.99604   	0.142086   
  2.4546  	2.10314    	-0.00596845	-9.99479   	0.142068   
  2.4547  	2.10314    	-0.00597165	-9.99354   	0.142051   
  2.4548  	2.10313    	-0.00597485	-9.9923    	0.142034   
  2.4549  	2.10312    	-0.00597805	-9.99105   	0.142016   
  2.455   	2.10311    	-0.00598126	-9.98981   	0.141999   
  2.4551  	2.10311    	-0.00598447	-9.98856   	0.141982   
  2.4552  	2.1031     	-0.00598768	-9.98732   	0.141964   
  2.4553  	2.10309    	-0.00599089	-9.98607   	0.141947   
  2.4554  	2.10308    	-0.00599411	-9.98483   	0.14193    
  2.4555  	2.10308    	-0.00599733	-9.98358   	0.141912   
  2.4556  	2.10307    	-0.00600055	-9.98234   	0.141895   
  2.4557  	2.10306    	-0.00600377	-9.98109   	0.141878   
  2.4558  	2.10305    	-0.006007  	-9.97985   	0.14186    
  2.4559  	2.10305    	-0.00601023	-9.9786    	0.141843   
  2.456   	2.10304    	-0.00601346	-9.97736   	0.141826   
  2.4561  	2.10303    	-0.0060167 	-9.97612   	0.141808   
  2.4562  	2.10303    	-0.00601993	-9.97487   	0.141791   
  2.4563  	2.10302    	-0.00602317	-9.97363   	0.141774   
  2.4564  	2.10301    	-0.00602642	-9.97239   	0.141756   
  2.4565  	2.103      	-0.00602966	-9.97114   	0.141739   
  2.4566  	2.103      	-0.00603291	-9.9699    	0.141722   
  2.4567  	2.10299    	-0.00603616	-9.96866   	0.141704   
  2.4568  	2.10298    	-0.00603941	-9.96741   	0.141687   
  2.4569  	2.10297    	-0.00604266	-9.96617   	0.14167    
  2.457   	2.10297    	-0.00604592	-9.96493   	0.141653   
  2.4571  	2.10296    	-0.00604918	-9.96369   	0.141635   
  2.4572  	2.10295    	-0.00605245	-9.96244   	0.141618   
  2.4573  	2.10294    	-0.00605571	-9.9612    	0.141601   
  2.4574  	2.10294    	-0.00605898	-9.95996   	0.141583   
  2.4575  	2.10293    	-0.00606225	-9.95872   	0.141566   
  2.4576  	2.10292    	-0.00606552	-9.95748   	0.141549   
  2.4577  	2.10292    	-0.0060688 	-9.95623   	0.141532   
  2.4578  	2.10291    	-0.00607208	-9.95499   	0.141514   
  2.4579  	2.1029     	-0.00607536	-9.95375   	0.141497   
  2.458   	2.10289    	-0.00607864	-9.95251   	0.14148    
  2.4581  	2.10289    	-0.00608193	-9.95127   	0.141462   
  2.4582  	2.10288    	-0.00608522	-9.95003   	0.141445   
  2.4583  	2.10287    	-0.00608851	-9.94879   	0.141428   
  2.4584  	2.10286    	-0.0060918 	-9.94755   	0.141411   
  2.4585  	2.10286    	-0.0060951 	-9.94631   	0.141393   
  2.4586  	2.10285    	-0.0060984 	-9.94507   	0.141376   
  2.4587  	2.10284    	-0.0061017 	-9.94383   	0.141359   
  2.4588  	2.10283    	-0.00610501	-9.94259   	0.141342   
  2.4589  	2.10283    	-0.00610831	-9.94135   	0.141324   
  2.459   	2.10282    	-0.00611162	-9.94011   	0.141307   
  2.4591  	2.10281    	-0.00611494	-9.93887   	0.14129    
  2.4592  	2.1028     	-0.00611825	-9.93763   	0.141273   
  2.4593  	2.1028     	-0.00612157	-9.93639   	0.141256   
  2.4594  	2.10279    	-0.00612489	-9.93515   	0.141238   
  2.4595  	2.10278    	-0.00612821	-9.93391   	0.141221   
  2.4596  	2.10277    	-0.00613154	-9.93268   	0.141204   
  2.4597  	2.10277    	-0.00613487	-9.93144   	0.141187   
  2.4598  	2.10276    	-0.0061382 	-9.9302    	0.141169   
  2.4599  	2.10275    	-0.00614153	-9.92896   	0.141152   
  2.46    	2.10274    	-0.00614487	-9.92772   	0.141135   
  2.4601  	2.10274    	-0.00614821	-9.92648   	0.141118   
  2.4602  	2.10273    	-0.00615155	-9.92525   	0.141101   
  2.4603  	2.10272    	-0.0061549 	-9.92401   	0.141083   
  2.4604  	2.10271    	-0.00615825	-9.92277   	0.141066   
  2.4605  	2.10271    	-0.0061616 	-9.92153   	0.141049   
  2.4606  	2.1027     	-0.00616495	-9.9203    	0.141032   
  2.4607  	2.10269    	-0.0061683 	-9.91906   	0.141015   
  2.4608  	2.10268    	-0.00617166	-9.91782   	0.140997   
  2.4609  	2.10268    	-0.00617502	-9.91659   	0.14098    
  2.461   	2.10267    	-0.00617839	-9.91535   	0.140963   
  2.4611  	2.10266    	-0.00618175	-9.91411   	0.140946   
  2.4612  	2.10265    	-0.00618512	-9.91288   	0.140929   
  2.4613  	2.10265    	-0.00618849	-9.91164   	0.140911   
  2.4614  	2.10264    	-0.00619187	-9.91041   	0.140894   
  2.4615  	2.10263    	-0.00619525	-9.90917   	0.140877   
  2.4616  	2.10262    	-0.00619863	-9.90793   	0.14086    
  2.4617  	2.10262    	-0.00620201	-9.9067    	0.140843   
  2.4618  	2.10261    	-0.00620539	-9.90546   	0.140826   
  2.4619  	2.1026     	-0.00620878	-9.90423   	0.140808   
  2.462   	2.10259    	-0.00621217	-9.90299   	0.140791   
  2.4621  	2.10259    	-0.00621557	-9.90176   	0.140774   
  2.4622  	2.10258    	-0.00621896	-9.90052   	0.140757   
  2.4623  	2.10257    	-0.00622236	-9.89929   	0.14074    
  2.4624  	2.10256    	-0.00622576	-9.89806   	0.140723   
  2.4625  	2.10256    	-0.00622917	-9.89682   	0.140706   
  2.4626  	2.10255    	-0.00623258	-9.89559   	0.140688   
  2.4627  	2.10254    	-0.00623599	-9.89435   	0.140671   
  2.4628  	2.10253    	-0.0062394 	-9.89312   	0.140654   
  2.4629  	2.10253    	-0.00624281	-9.89189   	0.140637   
  2.463   	2.10252    	-0.00624623	-9.89065   	0.14062    
  2.4631  	2.10251    	-0.00624965	-9.88942   	0.140603   
  2.4632  	2.1025     	-0.00625308	-9.88819   	0.140586   
  2.4633  	2.10249    	-0.0062565 	-9.88695   	0.140569   
  2.4634  	2.10249    	-0.00625993	-9.88572   	0.140551   
  2.4635  	2.10248    	-0.00626337	-9.88449   	0.140534   
  2.4636  	2.10247    	-0.0062668 	-9.88325   	0.140517   
  2.4637  	2.10246    	-0.00627024	-9.88202   	0.1405     
  2.4638  	2.10246    	-0.00627368	-9.88079   	0.140483   
  2.4639  	2.10245    	-0.00627712	-9.87956   	0.140466   
  2.464   	2.10244    	-0.00628057	-9.87833   	0.140449   
  2.4641  	2.10243    	-0.00628402	-9.87709   	0.140432   
  2.4642  	2.10243    	-0.00628747	-9.87586   	0.140415   
  2.4643  	2.10242    	-0.00629092	-9.87463   	0.140398   
  2.4644  	2.10241    	-0.00629438	-9.8734    	0.14038    
  2.4645  	2.1024     	-0.00629784	-9.87217   	0.140363   
  2.4646  	2.1024     	-0.0063013 	-9.87094   	0.140346   
  2.4647  	2.10239    	-0.00630477	-9.86971   	0.140329   
  2.4648  	2.10238    	-0.00630824	-9.86848   	0.140312   
  2.4649  	2.10237    	-0.00631171	-9.86724   	0.140295   
  2.465   	2.10237    	-0.00631518	-9.86601   	0.140278   
  2.4651  	2.10236    	-0.00631866	-9.86478   	0.140261   
  2.4652  	2.10235    	-0.00632214	-9.86355   	0.140244   
  2.4653  	2.10234    	-0.00632562	-9.86232   	0.140227   
  2.4654  	2.10233    	-0.00632911	-9.86109   	0.14021    
  2.4655  	2.10233    	-0.0063326 	-9.85986   	0.140193   
  2.4656  	2.10232    	-0.00633609	-9.85863   	0.140176   
  2.4657  	2.10231    	-0.00633958	-9.85741   	0.140159   
  2.4658  	2.1023     	-0.00634308	-9.85618   	0.140141   
  2.4659  	2.1023     	-0.00634658	-9.85495   	0.140124   
  2.466   	2.10229    	-0.00635008	-9.85372   	0.140107   
  2.4661  	2.10228    	-0.00635359	-9.85249   	0.14009    
  2.4662  	2.10227    	-0.0063571 	-9.85126   	0.140073   
  2.4663  	2.10227    	-0.00636061	-9.85003   	0.140056   
  2.4664  	2.10226    	-0.00636412	-9.8488    	0.140039   
  2.4665  	2.10225    	-0.00636764	-9.84758   	0.140022   
  2.4666  	2.10224    	-0.00637116	-9.84635   	0.140005   
  2.4667  	2.10223    	-0.00637468	-9.84512   	0.139988   
  2.4668  	2.10223    	-0.00637821	-9.84389   	0.139971   
  2.4669  	2.10222    	-0.00638173	-9.84266   	0.139954   
  2.467   	2.10221    	-0.00638527	-9.84144   	0.139937   
  2.4671  	2.1022     	-0.0063888 	-9.84021   	0.13992    
  2.4672  	2.1022     	-0.00639234	-9.83898   	0.139903   
  2.4673  	2.10219    	-0.00639588	-9.83775   	0.139886   
  2.4674  	2.10218    	-0.00639942	-9.83653   	0.139869   
  2.4675  	2.10217    	-0.00640297	-9.8353    	0.139852   
  2.4676  	2.10216    	-0.00640651	-9.83407   	0.139835   
  2.4677  	2.10216    	-0.00641007	-9.83285   	0.139818   
  2.4678  	2.10215    	-0.00641362	-9.83162   	0.139801   
  2.4679  	2.10214    	-0.00641718	-9.8304    	0.139784   
  2.468   	2.10213    	-0.00642074	-9.82917   	0.139767   
  2.4681  	2.10213    	-0.0064243 	-9.82794   	0.13975    
  2.4682  	2.10212    	-0.00642787	-9.82672   	0.139733   
  2.4683  	2.10211    	-0.00643144	-9.82549   	0.139716   
  2.4684  	2.1021     	-0.00643501	-9.82427   	0.139699   
  2.4685  	2.10209    	-0.00643858	-9.82304   	0.139682   
  2.4686  	2.10209    	-0.00644216	-9.82182   	0.139665   
  2.4687  	2.10208    	-0.00644574	-9.82059   	0.139648   
  2.4688  	2.10207    	-0.00644932	-9.81937   	0.139631   
  2.4689  	2.10206    	-0.00645291	-9.81814   	0.139614   
  2.469   	2.10206    	-0.0064565 	-9.81692   	0.139597   
  2.4691  	2.10205    	-0.00646009	-9.81569   	0.13958    
  2.4692  	2.10204    	-0.00646369	-9.81447   	0.139563   
  2.4693  	2.10203    	-0.00646729	-9.81325   	0.139546   
  2.4694  	2.10202    	-0.00647089	-9.81202   	0.139529   
  2.4695  	2.10202    	-0.00647449	-9.8108    	0.139513   
  2.4696  	2.10201    	-0.0064781 	-9.80957   	0.139496   
  2.4697  	2.102      	-0.00648171	-9.80835   	0.139479   
  2.4698  	2.10199    	-0.00648532	-9.80713   	0.139462   
  2.4699  	2.10198    	-0.00648894	-9.8059    	0.139445   
  2.47    	2.10198    	-0.00649256	-9.80468   	0.139428   
  2.4701  	2.10197    	-0.00649618	-9.80346   	0.139411   
  2.4702  	2.10196    	-0.00649981	-9.80224   	0.139394   
  2.4703  	2.10195    	-0.00650344	-9.80101   	0.139377   
  2.4704  	2.10195    	-0.00650707	-9.79979   	0.13936    
  2.4705  	2.10194    	-0.0065107 	-9.79857   	0.139343   
  2.4706  	2.10193    	-0.00651434	-9.79735   	0.139326   
  2.4707  	2.10192    	-0.00651798	-9.79612   	0.139309   
  2.4708  	2.10191    	-0.00652162	-9.7949    	0.139292   
  2.4709  	2.10191    	-0.00652527	-9.79368   	0.139276   
  2.471   	2.1019     	-0.00652892	-9.79246   	0.139259   
  2.4711  	2.10189    	-0.00653257	-9.79124   	0.139242   
  2.4712  	2.10188    	-0.00653622	-9.79002   	0.139225   
  2.4713  	2.10187    	-0.00653988	-9.7888    	0.139208   
  2.4714  	2.10187    	-0.00654354	-9.78757   	0.139191   
  2.4715  	2.10186    	-0.00654721	-9.78635   	0.139174   
  2.4716  	2.10185    	-0.00655087	-9.78513   	0.139157   
  2.4717  	2.10184    	-0.00655455	-9.78391   	0.13914    
  2.4718  	2.10183    	-0.00655822	-9.78269   	0.139123   
  2.4719  	2.10183    	-0.00656189	-9.78147   	0.139107   
  2.472   	2.10182    	-0.00656557	-9.78025   	0.13909    
  2.4721  	2.10181    	-0.00656926	-9.77903   	0.139073   
  2.4722  	2.1018     	-0.00657294	-9.77781   	0.139056   
  2.4723  	2.10179    	-0.00657663	-9.77659   	0.139039   
  2.4724  	2.10179    	-0.00658032	-9.77537   	0.139022   
  2.4725  	2.10178    	-0.00658402	-9.77415   	0.139005   
  2.4726  	2.10177    	-0.00658771	-9.77293   	0.138988   
  2.4727  	2.10176    	-0.00659142	-9.77172   	0.138972   
  2.4728  	2.10176    	-0.00659512	-9.7705    	0.138955   
  2.4729  	2.10175    	-0.00659883	-9.76928   	0.138938   
  2.473   	2.10174    	-0.00660254	-9.76806   	0.138921   
  2.4731  	2.10173    	-0.00660625	-9.76684   	0.138904   
  2.4732  	2.10172    	-0.00660997	-9.76562   	0.138887   
  2.4733  	2.10172    	-0.00661369	-9.7644    	0.138871   
  2.4734  	2.10171    	-0.00661741	-9.76319   	0.138854   
  2.4735  	2.1017     	-0.00662113	-9.76197   	0.138837   
  2.4736  	2.10169    	-0.00662486	-9.76075   	0.13882    
  2.4737  	2.10168    	-0.00662859	-9.75953   	0.138803   
  2.4738  	2.10168    	-0.00663233	-9.75832   	0.138786   
  2.4739  	2.10167    	-0.00663607	-9.7571    	0.138769   
  2.474   	2.10166    	-0.00663981	-9.75588   	0.138753   
  2.4741  	2.10165    	-0.00664355	-9.75466   	0.138736   
  2.4742  	2.10164    	-0.0066473 	-9.75345   	0.138719   
  2.4743  	2.10164    	-0.00665105	-9.75223   	0.138702   
  2.4744  	2.10163    	-0.0066548 	-9.75101   	0.138685   
  2.4745  	2.10162    	-0.00665856	-9.7498    	0.138669   
  2.4746  	2.10161    	-0.00666232	-9.74858   	0.138652   
  2.4747  	2.1016     	-0.00666608	-9.74737   	0.138635   
  2.4748  	2.10159    	-0.00666985	-9.74615   	0.138618   
  2.4749  	2.10159    	-0.00667362	-9.74493   	0.138601   
  2.475   	2.10158    	-0.00667739	-9.74372   	0.138585   
  2.4751  	2.10157    	-0.00668116	-9.7425    	0.138568   
  2.4752  	2.10156    	-0.00668494	-9.74129   	0.138551   
  2.4753  	2.10155    	-0.00668872	-9.74007   	0.138534   
  2.4754  	2.10155    	-0.00669251	-9.73886   	0.138517   
  2.4755  	2.10154    	-0.0066963 	-9.73764   	0.138501   
  2.4756  	2.10153    	-0.00670009	-9.73643   	0.138484   
  2.4757  	2.10152    	-0.00670388	-9.73521   	0.138467   
  2.4758  	2.10151    	-0.00670768	-9.734     	0.13845    
  2.4759  	2.10151    	-0.00671148	-9.73278   	0.138433   
  2.476   	2.1015     	-0.00671528	-9.73157   	0.138417   
  2.4761  	2.10149    	-0.00671909	-9.73036   	0.1384     
  2.4762  	2.10148    	-0.0067229 	-9.72914   	0.138383   
  2.4763  	2.10147    	-0.00672672	-9.72793   	0.138366   
  2.4764  	2.10147    	-0.00673053	-9.72672   	0.13835    
  2.4765  	2.10146    	-0.00673435	-9.7255    	0.138333   
  2.4766  	2.10145    	-0.00673817	-9.72429   	0.138316   
  2.4767  	2.10144    	-0.006742  	-9.72308   	0.138299   
  2.4768  	2.10143    	-0.00674583	-9.72186   	0.138283   
  2.4769  	2.10142    	-0.00674966	-9.72065   	0.138266   
  2.477   	2.10142    	-0.0067535 	-9.71944   	0.138249   
  2.4771  	2.10141    	-0.00675734	-9.71822   	0.138232   
  2.4772  	2.1014     	-0.00676118	-9.71701   	0.138216   
  2.4773  	2.10139    	-0.00676503	-9.7158    	0.138199   
  2.4774  	2.10138    	-0.00676887	-9.71459   	0.138182   
  2.4775  	2.10138    	-0.00677273	-9.71338   	0.138165   
  2.4776  	2.10137    	-0.00677658	-9.71216   	0.138149   
  2.4777  	2.10136    	-0.00678044	-9.71095   	0.138132   
  2.4778  	2.10135    	-0.0067843 	-9.70974   	0.138115   
  2.4779  	2.10134    	-0.00678817	-9.70853   	0.138099   
  2.478   	2.10133    	-0.00679203	-9.70732   	0.138082   
  2.4781  	2.10133    	-0.00679591	-9.70611   	0.138065   
  2.4782  	2.10132    	-0.00679978	-9.7049    	0.138048   
  2.4783  	2.10131    	-0.00680366	-9.70369   	0.138032   
  2.4784  	2.1013     	-0.00680754	-9.70248   	0.138015   
  2.4785  	2.10129    	-0.00681142	-9.70126   	0.137998   
  2.4786  	2.10129    	-0.00681531	-9.70005   	0.137982   
  2.4787  	2.10128    	-0.0068192 	-9.69884   	0.137965   
  2.4788  	2.10127    	-0.0068231 	-9.69763   	0.137948   
  2.4789  	2.10126    	-0.006827  	-9.69642   	0.137932   
  2.479   	2.10125    	-0.0068309 	-9.69521   	0.137915   
  2.4791  	2.10124    	-0.0068348 	-9.694     	0.137898   
  2.4792  	2.10124    	-0.00683871	-9.6928    	0.137881   
  2.4793  	2.10123    	-0.00684262	-9.69159   	0.137865   
  2.4794  	2.10122    	-0.00684653	-9.69038   	0.137848   
  2.4795  	2.10121    	-0.00685045	-9.68917   	0.137831   
  2.4796  	2.1012     	-0.00685437	-9.68796   	0.137815   
  2.4797  	2.1012     	-0.00685829	-9.68675   	0.137798   
  2.4798  	2.10119    	-0.00686222	-9.68554   	0.137781   
  2.4799  	2.10118    	-0.00686615	-9.68433   	0.137765   
  2.48    	2.10117    	-0.00687009	-9.68312   	0.137748   
  2.4801  	2.10116    	-0.00687402	-9.68192   	0.137731   
  2.4802  	2.10115    	-0.00687796	-9.68071   	0.137715   
  2.4803  	2.10115    	-0.00688191	-9.6795    	0.137698   
  2.4804  	2.10114    	-0.00688585	-9.67829   	0.137681   
  2.4805  	2.10113    	-0.00688981	-9.67709   	0.137665   
  2.4806  	2.10112    	-0.00689376	-9.67588   	0.137648   
  2.4807  	2.10111    	-0.00689772	-9.67467   	0.137632   
  2.4808  	2.1011     	-0.00690168	-9.67346   	0.137615   
  2.4809  	2.1011     	-0.00690564	-9.67226   	0.137598   
  2.481   	2.10109    	-0.00690961	-9.67105   	0.137582   
  2.4811  	2.10108    	-0.00691358	-9.66984   	0.137565   
  2.4812  	2.10107    	-0.00691755	-9.66864   	0.137548   
  2.4813  	2.10106    	-0.00692153	-9.66743   	0.137532   
  2.4814  	2.10105    	-0.00692551	-9.66622   	0.137515   
  2.4815  	2.10105    	-0.0069295 	-9.66502   	0.137498   
  2.4816  	2.10104    	-0.00693348	-9.66381   	0.137482   
  2.4817  	2.10103    	-0.00693747	-9.66261   	0.137465   
  2.4818  	2.10102    	-0.00694147	-9.6614    	0.137449   
  2.4819  	2.10101    	-0.00694547	-9.6602    	0.137432   
  2.482   	2.101      	-0.00694947	-9.65899   	0.137415   
  2.4821  	2.101      	-0.00695347	-9.65778   	0.137399   
  2.4822  	2.10099    	-0.00695748	-9.65658   	0.137382   
  2.4823  	2.10098    	-0.00696149	-9.65537   	0.137366   
  2.4824  	2.10097    	-0.0069655 	-9.65417   	0.137349   
  2.4825  	2.10096    	-0.00696952	-9.65297   	0.137332   
  2.4826  	2.10095    	-0.00697354	-9.65176   	0.137316   
  2.4827  	2.10095    	-0.00697757	-9.65056   	0.137299   
  2.4828  	2.10094    	-0.0069816 	-9.64935   	0.137283   
  2.4829  	2.10093    	-0.00698563	-9.64815   	0.137266   
  2.483   	2.10092    	-0.00698966	-9.64694   	0.137249   
  2.4831  	2.10091    	-0.0069937 	-9.64574   	0.137233   
  2.4832  	2.1009     	-0.00699775	-9.64454   	0.137216   
  2.4833  	2.1009     	-0.00700179	-9.64333   	0.1372     
  2.4834  	2.10089    	-0.00700584	-9.64213   	0.137183   
  2.4835  	2.10088    	-0.00700989	-9.64093   	0.137167   
  2.4836  	2.10087    	-0.00701395	-9.63972   	0.13715    
  2.4837  	2.10086    	-0.00701801	-9.63852   	0.137133   
  2.4838  	2.10085    	-0.00702207	-9.63732   	0.137117   
  2.4839  	2.10084    	-0.00702614	-9.63612   	0.1371     
  2.484   	2.10084    	-0.00703021	-9.63491   	0.137084   
  2.4841  	2.10083    	-0.00703428	-9.63371   	0.137067   
  2.4842  	2.10082    	-0.00703836	-9.63251   	0.137051   
  2.4843  	2.10081    	-0.00704244	-9.63131   	0.137034   
  2.4844  	2.1008     	-0.00704652	-9.6301    	0.137018   
  2.4845  	2.10079    	-0.00705061	-9.6289    	0.137001   
  2.4846  	2.10079    	-0.0070547 	-9.6277    	0.136984   
  2.4847  	2.10078    	-0.00705879	-9.6265    	0.136968   
  2.4848  	2.10077    	-0.00706289	-9.6253    	0.136951   
  2.4849  	2.10076    	-0.00706699	-9.6241    	0.136935   
  2.485   	2.10075    	-0.0070711 	-9.6229    	0.136918   
  2.4851  	2.10074    	-0.0070752 	-9.6217    	0.136902   
  2.4852  	2.10073    	-0.00707932	-9.62049   	0.136885   
  2.4853  	2.10073    	-0.00708343	-9.61929   	0.136869   
  2.4854  	2.10072    	-0.00708755	-9.61809   	0.136852   
  2.4855  	2.10071    	-0.00709167	-9.61689   	0.136836   
  2.4856  	2.1007     	-0.0070958 	-9.61569   	0.136819   
  2.4857  	2.10069    	-0.00709993	-9.61449   	0.136803   
  2.4858  	2.10068    	-0.00710406	-9.61329   	0.136786   
  2.4859  	2.10067    	-0.0071082 	-9.61209   	0.13677    
  2.486   	2.10067    	-0.00711234	-9.61089   	0.136753   
  2.4861  	2.10066    	-0.00711648	-9.60969   	0.136737   
  2.4862  	2.10065    	-0.00712063	-9.6085    	0.13672    
  2.4863  	2.10064    	-0.00712478	-9.6073    	0.136704   
  2.4864  	2.10063    	-0.00712893	-9.6061    	0.136687   
  2.4865  	2.10062    	-0.00713309	-9.6049    	0.136671   
  2.4866  	2.10062    	-0.00713725	-9.6037    	0.136654   
  2.4867  	2.10061    	-0.00714142	-9.6025    	0.136638   
  2.4868  	2.1006     	-0.00714559	-9.6013    	0.136621   
  2.4869  	2.10059    	-0.00714976	-9.6001    	0.136605   
  2.487   	2.10058    	-0.00715393	-9.59891   	0.136588   
  2.4871  	2.10057    	-0.00715811	-9.59771   	0.136572   
  2.4872  	2.10056    	-0.0071623 	-9.59651   	0.136555   
  2.4873  	2.10056    	-0.00716648	-9.59531   	0.136539   
  2.4874  	2.10055    	-0.00717067	-9.59412   	0.136522   
  2.4875  	2.10054    	-0.00717487	-9.59292   	0.136506   
  2.4876  	2.10053    	-0.00717906	-9.59172   	0.136489   
  2.4877  	2.10052    	-0.00718327	-9.59052   	0.136473   
  2.4878  	2.10051    	-0.00718747	-9.58933   	0.136457   
  2.4879  	2.1005     	-0.00719168	-9.58813   	0.13644    
  2.488   	2.10049    	-0.00719589	-9.58693   	0.136424   
  2.4881  	2.10049    	-0.00720011	-9.58574   	0.136407   
  2.4882  	2.10048    	-0.00720432	-9.58454   	0.136391   
  2.4883  	2.10047    	-0.00720855	-9.58334   	0.136374   
  2.4884  	2.10046    	-0.00721277	-9.58215   	0.136358   
  2.4885  	2.10045    	-0.007217  	-9.58095   	0.136341   
  2.4886  	2.10044    	-0.00722124	-9.57976   	0.136325   
  2.4887  	2.10043    	-0.00722547	-9.57856   	0.136309   
  2.4888  	2.10043    	-0.00722972	-9.57737   	0.136292   
  2.4889  	2.10042    	-0.00723396	-9.57617   	0.136276   
  2.489   	2.10041    	-0.00723821	-9.57497   	0.136259   
  2.4891  	2.1004     	-0.00724246	-9.57378   	0.136243   
  2.4892  	2.10039    	-0.00724672	-9.57258   	0.136226   
  2.4893  	2.10038    	-0.00725098	-9.57139   	0.13621    
  2.4894  	2.10037    	-0.00725524	-9.5702    	0.136194   
  2.4895  	2.10037    	-0.00725951	-9.569     	0.136177   
  2.4896  	2.10036    	-0.00726378	-9.56781   	0.136161   
  2.4897  	2.10035    	-0.00726805	-9.56661   	0.136144   
  2.4898  	2.10034    	-0.00727233	-9.56542   	0.136128   
  2.4899  	2.10033    	-0.00727661	-9.56422   	0.136112   
  2.49    	2.10032    	-0.0072809 	-9.56303   	0.136095   
  2.4901  	2.10031    	-0.00728519	-9.56184   	0.136079   
  2.4902  	2.1003     	-0.00728948	-9.56064   	0.136062   
  2.4903  	2.1003     	-0.00729377	-9.55945   	0.136046   
  2.4904  	2.10029    	-0.00729807	-9.55826   	0.13603    
  2.4905  	2.10028    	-0.00730238	-9.55706   	0.136013   
  2.4906  	2.10027    	-0.00730669	-9.55587   	0.135997   
  2.4907  	2.10026    	-0.007311  	-9.55468   	0.135981   
  2.4908  	2.10025    	-0.00731531	-9.55349   	0.135964   
  2.4909  	2.10024    	-0.00731963	-9.55229   	0.135948   
  2.491   	2.10023    	-0.00732396	-9.5511    	0.135931   
  2.4911  	2.10023    	-0.00732828	-9.54991   	0.135915   
  2.4912  	2.10022    	-0.00733261	-9.54872   	0.135899   
  2.4913  	2.10021    	-0.00733695	-9.54752   	0.135882   
  2.4914  	2.1002     	-0.00734128	-9.54633   	0.135866   
  2.4915  	2.10019    	-0.00734563	-9.54514   	0.13585    
  2.4916  	2.10018    	-0.00734997	-9.54395   	0.135833   
  2.4917  	2.10017    	-0.00735432	-9.54276   	0.135817   
  2.4918  	2.10016    	-0.00735867	-9.54157   	0.135801   
  2.4919  	2.10016    	-0.00736303	-9.54038   	0.135784   
  2.492   	2.10015    	-0.00736739	-9.53918   	0.135768   
  2.4921  	2.10014    	-0.00737175	-9.53799   	0.135751   
  2.4922  	2.10013    	-0.00737612	-9.5368    	0.135735   
  2.4923  	2.10012    	-0.00738049	-9.53561   	0.135719   
  2.4924  	2.10011    	-0.00738487	-9.53442   	0.135702   
  2.4925  	2.1001     	-0.00738925	-9.53323   	0.135686   
  2.4926  	2.10009    	-0.00739363	-9.53204   	0.13567    
  2.4927  	2.10008    	-0.00739802	-9.53085   	0.135653   
  2.4928  	2.10008    	-0.00740241	-9.52966   	0.135637   
  2.4929  	2.10007    	-0.00740681	-9.52847   	0.135621   
  2.493   	2.10006    	-0.00741121	-9.52728   	0.135605   
  2.4931  	2.10005    	-0.00741561	-9.52609   	0.135588   
  2.4932  	2.10004    	-0.00742001	-9.5249    	0.135572   
  2.4933  	2.10003    	-0.00742442	-9.52372   	0.135556   
  2.4934  	2.10002    	-0.00742884	-9.52253   	0.135539   
  2.4935  	2.10001    	-0.00743326	-9.52134   	0.135523   
  2.4936  	2.10001    	-0.00743768	-9.52015   	0.135507   
  2.4937  	2.1        	-0.0074421 	-9.51896   	0.13549    
  2.4938  	2.09999    	-0.00744653	-9.51777   	0.135474   
  2.4939  	2.09998    	-0.00745097	-9.51658   	0.135458   
  2.494   	2.09997    	-0.00745541	-9.5154    	0.135441   
  2.4941  	2.09996    	-0.00745985	-9.51421   	0.135425   
  2.4942  	2.09995    	-0.00746429	-9.51302   	0.135409   
  2.4943  	2.09994    	-0.00746874	-9.51183   	0.135393   
  2.4944  	2.09993    	-0.00747319	-9.51065   	0.135376   
  2.4945  	2.09992    	-0.00747765	-9.50946   	0.13536    
  2.4946  	2.09992    	-0.00748211	-9.50827   	0.135344   
  2.4947  	2.09991    	-0.00748658	-9.50708   	0.135327   
  2.4948  	2.0999     	-0.00749105	-9.5059    	0.135311   
  2.4949  	2.09989    	-0.00749552	-9.50471   	0.135295   
  2.495   	2.09988    	-0.00749999	-9.50352   	0.135279   
  2.4951  	2.09987    	-0.00750448	-9.50234   	0.135262   
  2.4952  	2.09986    	-0.00750896	-9.50115   	0.135246   
  2.4953  	2.09985    	-0.00751345	-9.49996   	0.13523    
  2.4954  	2.09984    	-0.00751794	-9.49878   	0.135214   
  2.4955  	2.09984    	-0.00752244	-9.49759   	0.135197   
  2.4956  	2.09983    	-0.00752694	-9.49641   	0.135181   
  2.4957  	2.09982    	-0.00753144	-9.49522   	0.135165   
  2.4958  	2.09981    	-0.00753595	-9.49404   	0.135149   
  2.4959  	2.0998     	-0.00754046	-9.49285   	0.135132   
  2.496   	2.09979    	-0.00754498	-9.49167   	0.135116   
  2.4961  	2.09978    	-0.0075495 	-9.49048   	0.1351     
  2.4962  	2.09977    	-0.00755402	-9.4893    	0.135084   
  2.4963  	2.09976    	-0.00755855	-9.48811   	0.135067   
  2.4964  	2.09975    	-0.00756308	-9.48693   	0.135051   
  2.4965  	2.09975    	-0.00756762	-9.48574   	0.135035   
  2.4966  	2.09974    	-0.00757216	-9.48456   	0.135019   
  2.4967  	2.09973    	-0.0075767 	-9.48337   	0.135003   
  2.4968  	2.09972    	-0.00758125	-9.48219   	0.134986   
  2.4969  	2.09971    	-0.0075858 	-9.481     	0.13497    
  2.497   	2.0997     	-0.00759036	-9.47982   	0.134954   
  2.4971  	2.09969    	-0.00759492	-9.47864   	0.134938   
  2.4972  	2.09968    	-0.00759948	-9.47745   	0.134921   
  2.4973  	2.09967    	-0.00760405	-9.47627   	0.134905   
  2.4974  	2.09966    	-0.00760862	-9.47509   	0.134889   
  2.4975  	2.09966    	-0.0076132 	-9.4739    	0.134873   
  2.4976  	2.09965    	-0.00761778	-9.47272   	0.134857   
  2.4977  	2.09964    	-0.00762237	-9.47154   	0.13484    
  2.4978  	2.09963    	-0.00762695	-9.47036   	0.134824   
  2.4979  	2.09962    	-0.00763155	-9.46917   	0.134808   
  2.498   	2.09961    	-0.00763614	-9.46799   	0.134792   
  2.4981  	2.0996     	-0.00764074	-9.46681   	0.134776   
  2.4982  	2.09959    	-0.00764535	-9.46563   	0.13476    
  2.4983  	2.09958    	-0.00764996	-9.46444   	0.134743   
  2.4984  	2.09957    	-0.00765457	-9.46326   	0.134727   
  2.4985  	2.09956    	-0.00765919	-9.46208   	0.134711   
  2.4986  	2.09956    	-0.00766381	-9.4609    	0.134695   
  2.4987  	2.09955    	-0.00766843	-9.45972   	0.134679   
  2.4988  	2.09954    	-0.00767306	-9.45854   	0.134662   
  2.4989  	2.09953    	-0.0076777 	-9.45736   	0.134646   
  2.499   	2.09952    	-0.00768233	-9.45618   	0.13463    
  2.4991  	2.09951    	-0.00768698	-9.45499   	0.134614   
  2.4992  	2.0995     	-0.00769162	-9.45381   	0.134598   
  2.4993  	2.09949    	-0.00769627	-9.45263   	0.134582   
  2.4994  	2.09948    	-0.00770093	-9.45145   	0.134566   
  2.4995  	2.09947    	-0.00770558	-9.45027   	0.134549   
  2.4996  	2.09946    	-0.00771025	-9.44909   	0.134533   
  2.4997  	2.09945    	-0.00771491	-9.44791   	0.134517   
  2.4998  	2.09945    	-0.00771958	-9.44673   	0.134501   
  2.4999  	2.09944    	-0.00772426	-9.44555   	0.134485   
  2.5     	2.09943    	-0.00772894	-9.44437   	0.134469   
  2.5001  	2.09942    	-0.00773362	-9.44319   	0.134453   
  2.5002  	2.09941    	-0.00773831	-9.44202   	0.134436   
  2.5003  	2.0994     	-0.007743  	-9.44084   	0.13442    
  2.5004  	2.09939    	-0.0077477 	-9.43966   	0.134404   
  2.5005  	2.09938    	-0.0077524 	-9.43848   	0.134388   
  2.5006  	2.09937    	-0.0077571 	-9.4373    	0.134372   
  2.5007  	2.09936    	-0.00776181	-9.43612   	0.134356   
  2.5008  	2.09935    	-0.00776652	-9.43494   	0.13434    
  2.5009  	2.09934    	-0.00777124	-9.43376   	0.134324   
  2.501   	2.09934    	-0.00777596	-9.43259   	0.134307   
  2.5011  	2.09933    	-0.00778068	-9.43141   	0.134291   
  2.5012  	2.09932    	-0.00778541	-9.43023   	0.134275   
  2.5013  	2.09931    	-0.00779015	-9.42905   	0.134259   
  2.5014  	2.0993     	-0.00779489	-9.42788   	0.134243   
  2.5015  	2.09929    	-0.00779963	-9.4267    	0.134227   
  2.5016  	2.09928    	-0.00780437	-9.42552   	0.134211   
  2.5017  	2.09927    	-0.00780912	-9.42434   	0.134195   
  2.5018  	2.09926    	-0.00781388	-9.42317   	0.134179   
  2.5019  	2.09925    	-0.00781864	-9.42199   	0.134163   
  2.502   	2.09924    	-0.0078234 	-9.42081   	0.134146   
  2.5021  	2.09923    	-0.00782817	-9.41964   	0.13413    
  2.5022  	2.09922    	-0.00783294	-9.41846   	0.134114   
  2.5023  	2.09921    	-0.00783772	-9.41728   	0.134098   
  2.5024  	2.09921    	-0.0078425 	-9.41611   	0.134082   
  2.5025  	2.0992     	-0.00784728	-9.41493   	0.134066   
  2.5026  	2.09919    	-0.00785207	-9.41376   	0.13405    
  2.5027  	2.09918    	-0.00785687	-9.41258   	0.134034   
  2.5028  	2.09917    	-0.00786166	-9.4114    	0.134018   
  2.5029  	2.09916    	-0.00786647	-9.41023   	0.134002   
  2.503   	2.09915    	-0.00787127	-9.40905   	0.133986   
  2.5031  	2.09914    	-0.00787608	-9.40788   	0.13397    
  2.5032  	2.09913    	-0.0078809 	-9.4067    	0.133954   
  2.5033  	2.09912    	-0.00788572	-9.40553   	0.133938   
  2.5034  	2.09911    	-0.00789054	-9.40435   	0.133922   
  2.5035  	2.0991     	-0.00789537	-9.40318   	0.133906   
  2.5036  	2.09909    	-0.0079002 	-9.402     	0.133889   
  2.5037  	2.09908    	-0.00790504	-9.40083   	0.133873   
  2.5038  	2.09907    	-0.00790988	-9.39966   	0.133857   
  2.5039  	2.09907    	-0.00791472	-9.39848   	0.133841   
  2.504   	2.09906    	-0.00791957	-9.39731   	0.133825   
  2.5041  	2.09905    	-0.00792443	-9.39613   	0.133809   
  2.5042  	2.09904    	-0.00792929	-9.39496   	0.133793   
  2.5043  	2.09903    	-0.00793415	-9.39379   	0.133777   
  2.5044  	2.09902    	-0.00793902	-9.39261   	0.133761   
  2.5045  	2.09901    	-0.00794389	-9.39144   	0.133745   
  2.5046  	2.099      	-0.00794876	-9.39027   	0.133729   
  2.5047  	2.09899    	-0.00795365	-9.3891    	0.133713   
  2.5048  	2.09898    	-0.00795853	-9.38792   	0.133697   
  2.5049  	2.09897    	-0.00796342	-9.38675   	0.133681   
  2.505   	2.09896    	-0.00796831	-9.38558   	0.133665   
  2.5051  	2.09895    	-0.00797321	-9.38441   	0.133649   
  2.5052  	2.09894    	-0.00797811	-9.38323   	0.133633   
  2.5053  	2.09893    	-0.00798302	-9.38206   	0.133617   
  2.5054  	2.09892    	-0.00798793	-9.38089   	0.133601   
  2.5055  	2.09891    	-0.00799285	-9.37972   	0.133585   
  2.5056  	2.09891    	-0.00799777	-9.37855   	0.133569   
  2.5057  	2.0989     	-0.00800269	-9.37737   	0.133553   
  2.5058  	2.09889    	-0.00800762	-9.3762    	0.133537   
  2.5059  	2.09888    	-0.00801256	-9.37503   	0.133521   
  2.506   	2.09887    	-0.00801749	-9.37386   	0.133505   
  2.5061  	2.09886    	-0.00802244	-9.37269   	0.133489   
  2.5062  	2.09885    	-0.00802738	-9.37152   	0.133473   
  2.5063  	2.09884    	-0.00803234	-9.37035   	0.133457   
  2.5064  	2.09883    	-0.00803729	-9.36918   	0.133441   
  2.5065  	2.09882    	-0.00804225	-9.36801   	0.133425   
  2.5066  	2.09881    	-0.00804722	-9.36684   	0.133409   
  2.5067  	2.0988     	-0.00805219	-9.36567   	0.133393   
  2.5068  	2.09879    	-0.00805716	-9.3645    	0.133377   
  2.5069  	2.09878    	-0.00806214	-9.36333   	0.133361   
  2.507   	2.09877    	-0.00806712	-9.36216   	0.133346   
  2.5071  	2.09876    	-0.00807211	-9.36099   	0.13333    
  2.5072  	2.09875    	-0.0080771 	-9.35982   	0.133314   
  2.5073  	2.09874    	-0.0080821 	-9.35865   	0.133298   
  2.5074  	2.09873    	-0.0080871 	-9.35748   	0.133282   
  2.5075  	2.09872    	-0.00809211	-9.35631   	0.133266   
  2.5076  	2.09872    	-0.00809712	-9.35514   	0.13325    
  2.5077  	2.09871    	-0.00810213	-9.35397   	0.133234   
  2.5078  	2.0987     	-0.00810715	-9.35281   	0.133218   
  2.5079  	2.09869    	-0.00811218	-9.35164   	0.133202   
  2.508   	2.09868    	-0.0081172 	-9.35047   	0.133186   
  2.5081  	2.09867    	-0.00812224	-9.3493    	0.13317    
  2.5082  	2.09866    	-0.00812728	-9.34813   	0.133154   
  2.5083  	2.09865    	-0.00813232	-9.34696   	0.133138   
  2.5084  	2.09864    	-0.00813737	-9.3458    	0.133122   
  2.5085  	2.09863    	-0.00814242	-9.34463   	0.133106   
  2.5086  	2.09862    	-0.00814747	-9.34346   	0.133091   
  2.5087  	2.09861    	-0.00815253	-9.34229   	0.133075   
  2.5088  	2.0986     	-0.0081576 	-9.34113   	0.133059   
  2.5089  	2.09859    	-0.00816267	-9.33996   	0.133043   
  2.509   	2.09858    	-0.00816774	-9.33879   	0.133027   
  2.5091  	2.09857    	-0.00817282	-9.33763   	0.133011   
  2.5092  	2.09856    	-0.00817791	-9.33646   	0.132995   
  2.5093  	2.09855    	-0.008183  	-9.33529   	0.132979   
  2.5094  	2.09854    	-0.00818809	-9.33413   	0.132963   
  2.5095  	2.09853    	-0.00819319	-9.33296   	0.132947   
  2.5096  	2.09852    	-0.00819829	-9.3318    	0.132932   
  2.5097  	2.09851    	-0.0082034 	-9.33063   	0.132916   
  2.5098  	2.0985     	-0.00820851	-9.32946   	0.1329     
  2.5099  	2.09849    	-0.00821363	-9.3283    	0.132884   
  2.51    	2.09848    	-0.00821875	-9.32713   	0.132868   
  2.5101  	2.09847    	-0.00822387	-9.32597   	0.132852   
  2.5102  	2.09846    	-0.00822901	-9.3248    	0.132836   
  2.5103  	2.09846    	-0.00823414	-9.32364   	0.13282    
  2.5104  	2.09845    	-0.00823928	-9.32247   	0.132804   
  2.5105  	2.09844    	-0.00824443	-9.32131   	0.132789   
  2.5106  	2.09843    	-0.00824958	-9.32014   	0.132773   
  2.5107  	2.09842    	-0.00825473	-9.31898   	0.132757   
  2.5108  	2.09841    	-0.00825989	-9.31781   	0.132741   
  2.5109  	2.0984     	-0.00826505	-9.31665   	0.132725   
  2.511   	2.09839    	-0.00827022	-9.31549   	0.132709   
  2.5111  	2.09838    	-0.00827539	-9.31432   	0.132693   
  2.5112  	2.09837    	-0.00828057	-9.31316   	0.132678   
  2.5113  	2.09836    	-0.00828576	-9.31199   	0.132662   
  2.5114  	2.09835    	-0.00829094	-9.31083   	0.132646   
  2.5115  	2.09834    	-0.00829614	-9.30967   	0.13263    
  2.5116  	2.09833    	-0.00830133	-9.3085    	0.132614   
  2.5117  	2.09832    	-0.00830653	-9.30734   	0.132598   
  2.5118  	2.09831    	-0.00831174	-9.30618   	0.132583   
  2.5119  	2.0983     	-0.00831695	-9.30501   	0.132567   
  2.512   	2.09829    	-0.00832217	-9.30385   	0.132551   
  2.5121  	2.09828    	-0.00832739	-9.30269   	0.132535   
  2.5122  	2.09827    	-0.00833262	-9.30153   	0.132519   
  2.5123  	2.09826    	-0.00833785	-9.30036   	0.132503   
  2.5124  	2.09825    	-0.00834308	-9.2992    	0.132488   
  2.5125  	2.09824    	-0.00834832	-9.29804   	0.132472   
  2.5126  	2.09823    	-0.00835357	-9.29688   	0.132456   
  2.5127  	2.09822    	-0.00835882	-9.29572   	0.13244    
  2.5128  	2.09821    	-0.00836407	-9.29456   	0.132424   
  2.5129  	2.0982     	-0.00836933	-9.29339   	0.132409   
  2.513   	2.09819    	-0.0083746 	-9.29223   	0.132393   
  2.5131  	2.09818    	-0.00837987	-9.29107   	0.132377   
  2.5132  	2.09817    	-0.00838514	-9.28991   	0.132361   
  2.5133  	2.09816    	-0.00839042	-9.28875   	0.132345   
  2.5134  	2.09815    	-0.0083957 	-9.28759   	0.13233    
  2.5135  	2.09814    	-0.00840099	-9.28643   	0.132314   
  2.5136  	2.09813    	-0.00840629	-9.28527   	0.132298   
  2.5137  	2.09812    	-0.00841159	-9.28411   	0.132282   
  2.5138  	2.09811    	-0.00841689	-9.28295   	0.132266   
  2.5139  	2.0981     	-0.0084222 	-9.28179   	0.132251   
  2.514   	2.09809    	-0.00842751	-9.28063   	0.132235   
  2.5141  	2.09808    	-0.00843283	-9.27947   	0.132219   
  2.5142  	2.09807    	-0.00843815	-9.27831   	0.132203   
  2.5143  	2.09806    	-0.00844348	-9.27715   	0.132187   
  2.5144  	2.09805    	-0.00844882	-9.27599   	0.132172   
  2.5145  	2.09804    	-0.00845415	-9.27483   	0.132156   
  2.5146  	2.09803    	-0.0084595 	-9.27367   	0.13214    
  2.5147  	2.09802    	-0.00846485	-9.27251   	0.132124   
  2.5148  	2.09801    	-0.0084702 	-9.27135   	0.132109   
  2.5149  	2.098      	-0.00847556	-9.27019   	0.132093   
  2.515   	2.09799    	-0.00848092	-9.26904   	0.132077   
  2.5151  	2.09798    	-0.00848629	-9.26788   	0.132061   
  2.5152  	2.09797    	-0.00849166	-9.26672   	0.132046   
  2.5153  	2.09796    	-0.00849704	-9.26556   	0.13203    
  2.5154  	2.09795    	-0.00850242	-9.2644    	0.132014   
  2.5155  	2.09794    	-0.00850781	-9.26324   	0.131998   
  2.5156  	2.09793    	-0.0085132 	-9.26209   	0.131983   
  2.5157  	2.09792    	-0.0085186 	-9.26093   	0.131967   
  2.5158  	2.09791    	-0.008524  	-9.25977   	0.131951   
  2.5159  	2.0979     	-0.00852941	-9.25861   	0.131935   
  2.516   	2.09789    	-0.00853483	-9.25746   	0.13192    
  2.5161  	2.09788    	-0.00854024	-9.2563    	0.131904   
  2.5162  	2.09787    	-0.00854567	-9.25514   	0.131888   
  2.5163  	2.09786    	-0.0085511 	-9.25399   	0.131873   
  2.5164  	2.09785    	-0.00855653	-9.25283   	0.131857   
  2.5165  	2.09784    	-0.00856197	-9.25167   	0.131841   
  2.5166  	2.09783    	-0.00856741	-9.25052   	0.131825   
  2.5167  	2.09782    	-0.00857286	-9.24936   	0.13181    
  2.5168  	2.09781    	-0.00857831	-9.24821   	0.131794   
  2.5169  	2.0978     	-0.00858377	-9.24705   	0.131778   
  2.517   	2.09779    	-0.00858924	-9.24589   	0.131763   
  2.5171  	2.09778    	-0.00859471	-9.24474   	0.131747   
  2.5172  	2.09777    	-0.00860018	-9.24358   	0.131731   
  2.5173  	2.09776    	-0.00860566	-9.24243   	0.131715   
  2.5174  	2.09775    	-0.00861114	-9.24127   	0.1317     
  2.5175  	2.09774    	-0.00861663	-9.24012   	0.131684   
  2.5176  	2.09773    	-0.00862213	-9.23896   	0.131668   
  2.5177  	2.09772    	-0.00862763	-9.23781   	0.131653   
  2.5178  	2.09771    	-0.00863313	-9.23665   	0.131637   
  2.5179  	2.0977     	-0.00863864	-9.2355    	0.131621   
  2.518   	2.09769    	-0.00864416	-9.23434   	0.131606   
  2.5181  	2.09768    	-0.00864968	-9.23319   	0.13159    
  2.5182  	2.09767    	-0.0086552 	-9.23203   	0.131574   
  2.5183  	2.09766    	-0.00866073	-9.23088   	0.131559   
  2.5184  	2.09765    	-0.00866627	-9.22973   	0.131543   
  2.5185  	2.09764    	-0.00867181	-9.22857   	0.131527   
  2.5186  	2.09763    	-0.00867736	-9.22742   	0.131512   
  2.5187  	2.09762    	-0.00868291	-9.22627   	0.131496   
  2.5188  	2.09761    	-0.00868847	-9.22511   	0.13148    
  2.5189  	2.0976     	-0.00869403	-9.22396   	0.131465   
  2.519   	2.09759    	-0.0086996 	-9.22281   	0.131449   
  2.5191  	2.09758    	-0.00870517	-9.22165   	0.131433   
  2.5192  	2.09757    	-0.00871075	-9.2205    	0.131418   
  2.5193  	2.09756    	-0.00871633	-9.21935   	0.131402   
  2.5194  	2.09755    	-0.00872192	-9.2182    	0.131386   
  2.5195  	2.09754    	-0.00872751	-9.21704   	0.131371   
  2.5196  	2.09753    	-0.00873311	-9.21589   	0.131355   
  2.5197  	2.09752    	-0.00873871	-9.21474   	0.131339   
  2.5198  	2.09751    	-0.00874432	-9.21359   	0.131324   
  2.5199  	2.0975     	-0.00874994	-9.21244   	0.131308   
  2.52    	2.09749    	-0.00875556	-9.21128   	0.131293   
  2.5201  	2.09748    	-0.00876118	-9.21013   	0.131277   
  2.5202  	2.09747    	-0.00876681	-9.20898   	0.131261   
  2.5203  	2.09746    	-0.00877245	-9.20783   	0.131246   
  2.5204  	2.09745    	-0.00877809	-9.20668   	0.13123    
  2.5205  	2.09744    	-0.00878373	-9.20553   	0.131214   
  2.5206  	2.09743    	-0.00878939	-9.20438   	0.131199   
  2.5207  	2.09742    	-0.00879504	-9.20323   	0.131183   
  2.5208  	2.09741    	-0.00880071	-9.20208   	0.131168   
  2.5209  	2.0974     	-0.00880637	-9.20092   	0.131152   
  2.521   	2.09739    	-0.00881205	-9.19977   	0.131136   
  2.5211  	2.09738    	-0.00881773	-9.19862   	0.131121   
  2.5212  	2.09737    	-0.00882341	-9.19747   	0.131105   
  2.5213  	2.09736    	-0.0088291 	-9.19632   	0.13109    
  2.5214  	2.09734    	-0.00883479	-9.19517   	0.131074   
  2.5215  	2.09733    	-0.00884049	-9.19403   	0.131058   
  2.5216  	2.09732    	-0.0088462 	-9.19288   	0.131043   
  2.5217  	2.09731    	-0.00885191	-9.19173   	0.131027   
  2.5218  	2.0973     	-0.00885763	-9.19058   	0.131012   
  2.5219  	2.09729    	-0.00886335	-9.18943   	0.130996   
  2.522   	2.09728    	-0.00886907	-9.18828   	0.13098    
  2.5221  	2.09727    	-0.00887481	-9.18713   	0.130965   
  2.5222  	2.09726    	-0.00888054	-9.18598   	0.130949   
  2.5223  	2.09725    	-0.00888629	-9.18483   	0.130934   
  2.5224  	2.09724    	-0.00889204	-9.18368   	0.130918   
  2.5225  	2.09723    	-0.00889779	-9.18254   	0.130903   
  2.5226  	2.09722    	-0.00890355	-9.18139   	0.130887   
  2.5227  	2.09721    	-0.00890932	-9.18024   	0.130871   
  2.5228  	2.0972     	-0.00891509	-9.17909   	0.130856   
  2.5229  	2.09719    	-0.00892086	-9.17795   	0.13084    
  2.523   	2.09718    	-0.00892664	-9.1768    	0.130825   
  2.5231  	2.09717    	-0.00893243	-9.17565   	0.130809   
  2.5232  	2.09716    	-0.00893822	-9.1745    	0.130794   
  2.5233  	2.09715    	-0.00894402	-9.17336   	0.130778   
  2.5234  	2.09714    	-0.00894983	-9.17221   	0.130763   
  2.5235  	2.09713    	-0.00895563	-9.17106   	0.130747   
  2.5236  	2.09712    	-0.00896145	-9.16992   	0.130732   
  2.5237  	2.09711    	-0.00896727	-9.16877   	0.130716   
  2.5238  	2.0971     	-0.0089731 	-9.16762   	0.1307     
  2.5239  	2.09709    	-0.00897893	-9.16648   	0.130685   
  2.524   	2.09707    	-0.00898476	-9.16533   	0.130669   
  2.5241  	2.09706    	-0.00899061	-9.16418   	0.130654   
  2.5242  	2.09705    	-0.00899645	-9.16304   	0.130638   
  2.5243  	2.09704    	-0.00900231	-9.16189   	0.130623   
  2.5244  	2.09703    	-0.00900817	-9.16075   	0.130607   
  2.5245  	2.09702    	-0.00901403	-9.1596    	0.130592   
  2.5246  	2.09701    	-0.0090199 	-9.15846   	0.130576   
  2.5247  	2.097      	-0.00902578	-9.15731   	0.130561   
  2.5248  	2.09699    	-0.00903166	-9.15616   	0.130545   
  2.5249  	2.09698    	-0.00903755	-9.15502   	0.13053    
  2.525   	2.09697    	-0.00904344	-9.15387   	0.130514   
  2.5251  	2.09696    	-0.00904934	-9.15273   	0.130499   
  2.5252  	2.09695    	-0.00905524	-9.15159   	0.130483   
  2.5253  	2.09694    	-0.00906115	-9.15044   	0.130468   
  2.5254  	2.09693    	-0.00906707	-9.1493    	0.130452   
  2.5255  	2.09692    	-0.00907299	-9.14815   	0.130437   
  2.5256  	2.09691    	-0.00907892	-9.14701   	0.130421   
  2.5257  	2.0969     	-0.00908485	-9.14586   	0.130406   
  2.5258  	2.09689    	-0.00909079	-9.14472   	0.13039    
  2.5259  	2.09688    	-0.00909673	-9.14358   	0.130375   
  2.526   	2.09686    	-0.00910268	-9.14243   	0.130359   
  2.5261  	2.09685    	-0.00910863	-9.14129   	0.130344   
  2.5262  	2.09684    	-0.0091146 	-9.14015   	0.130328   
  2.5263  	2.09683    	-0.00912056	-9.139     	0.130313   
  2.5264  	2.09682    	-0.00912653	-9.13786   	0.130297   
  2.5265  	2.09681    	-0.00913251	-9.13672   	0.130282   
  2.5266  	2.0968     	-0.0091385 	-9.13558   	0.130266   
  2.5267  	2.09679    	-0.00914449	-9.13443   	0.130251   
  2.5268  	2.09678    	-0.00915048	-9.13329   	0.130235   
  2.5269  	2.09677    	-0.00915648	-9.13215   	0.13022    
  2.527   	2.09676    	-0.00916249	-9.13101   	0.130205   
  2.5271  	2.09675    	-0.0091685 	-9.12986   	0.130189   
  2.5272  	2.09674    	-0.00917452	-9.12872   	0.130174   
  2.5273  	2.09673    	-0.00918054	-9.12758   	0.130158   
  2.5274  	2.09672    	-0.00918657	-9.12644   	0.130143   
  2.5275  	2.09671    	-0.00919261	-9.1253    	0.130127   
  2.5276  	2.09669    	-0.00919865	-9.12416   	0.130112   
  2.5277  	2.09668    	-0.0092047 	-9.12302   	0.130096   
  2.5278  	2.09667    	-0.00921075	-9.12187   	0.130081   
  2.5279  	2.09666    	-0.00921681	-9.12073   	0.130066   
  2.528   	2.09665    	-0.00922288	-9.11959   	0.13005    
  2.5281  	2.09664    	-0.00922895	-9.11845   	0.130035   
  2.5282  	2.09663    	-0.00923502	-9.11731   	0.130019   
  2.5283  	2.09662    	-0.00924111	-9.11617   	0.130004   
  2.5284  	2.09661    	-0.00924719	-9.11503   	0.129988   
  2.5285  	2.0966     	-0.00925329	-9.11389   	0.129973   
  2.5286  	2.09659    	-0.00925939	-9.11275   	0.129958   
  2.5287  	2.09658    	-0.0092655 	-9.11161   	0.129942   
  2.5288  	2.09657    	-0.00927161	-9.11047   	0.129927   
  2.5289  	2.09656    	-0.00927773	-9.10933   	0.129911   
  2.529   	2.09654    	-0.00928385	-9.10819   	0.129896   
  2.5291  	2.09653    	-0.00928998	-9.10705   	0.129881   
  2.5292  	2.09652    	-0.00929611	-9.10591   	0.129865   
  2.5293  	2.09651    	-0.00930226	-9.10478   	0.12985    
  2.5294  	2.0965     	-0.0093084 	-9.10364   	0.129834   
  2.5295  	2.09649    	-0.00931456	-9.1025    	0.129819   
  2.5296  	2.09648    	-0.00932072	-9.10136   	0.129804   
  2.5297  	2.09647    	-0.00932688	-9.10022   	0.129788   
  2.5298  	2.09646    	-0.00933305	-9.09908   	0.129773   
  2.5299  	2.09645    	-0.00933923	-9.09794   	0.129757   
  2.53    	2.09644    	-0.00934541	-9.09681   	0.129742   
  2.5301  	2.09643    	-0.0093516 	-9.09567   	0.129727   
  2.5302  	2.09642    	-0.0093578 	-9.09453   	0.129711   
  2.5303  	2.0964     	-0.009364  	-9.09339   	0.129696   
  2.5304  	2.09639    	-0.00937021	-9.09226   	0.12968    
  2.5305  	2.09638    	-0.00937642	-9.09112   	0.129665   
  2.5306  	2.09637    	-0.00938264	-9.08998   	0.12965    
  2.5307  	2.09636    	-0.00938887	-9.08884   	0.129634   
  2.5308  	2.09635    	-0.0093951 	-9.08771   	0.129619   
  2.5309  	2.09634    	-0.00940133	-9.08657   	0.129604   
  2.531   	2.09633    	-0.00940758	-9.08543   	0.129588   
  2.5311  	2.09632    	-0.00941383	-9.0843    	0.129573   
  2.5312  	2.09631    	-0.00942008	-9.08316   	0.129558   
  2.5313  	2.0963     	-0.00942635	-9.08202   	0.129542   
  2.5314  	2.09628    	-0.00943261	-9.08089   	0.129527   
  2.5315  	2.09627    	-0.00943889	-9.07975   	0.129511   
  2.5316  	2.09626    	-0.00944517	-9.07862   	0.129496   
  2.5317  	2.09625    	-0.00945145	-9.07748   	0.129481   
  2.5318  	2.09624    	-0.00945775	-9.07634   	0.129465   
  2.5319  	2.09623    	-0.00946405	-9.07521   	0.12945    
  2.532   	2.09622    	-0.00947035	-9.07407   	0.129435   
  2.5321  	2.09621    	-0.00947666	-9.07294   	0.129419   
  2.5322  	2.0962     	-0.00948298	-9.0718    	0.129404   
  2.5323  	2.09619    	-0.0094893 	-9.07067   	0.129389   
  2.5324  	2.09618    	-0.00949563	-9.06953   	0.129373   
  2.5325  	2.09616    	-0.00950197	-9.0684    	0.129358   
  2.5326  	2.09615    	-0.00950831	-9.06726   	0.129343   
  2.5327  	2.09614    	-0.00951466	-9.06613   	0.129327   
  2.5328  	2.09613    	-0.00952101	-9.065     	0.129312   
  2.5329  	2.09612    	-0.00952737	-9.06386   	0.129297   
  2.533   	2.09611    	-0.00953374	-9.06273   	0.129282   
  2.5331  	2.0961     	-0.00954011	-9.06159   	0.129266   
  2.5332  	2.09609    	-0.00954649	-9.06046   	0.129251   
  2.5333  	2.09608    	-0.00955288	-9.05933   	0.129236   
  2.5334  	2.09607    	-0.00955927	-9.05819   	0.12922    
  2.5335  	2.09605    	-0.00956566	-9.05706   	0.129205   
  2.5336  	2.09604    	-0.00957207	-9.05593   	0.12919    
  2.5337  	2.09603    	-0.00957848	-9.05479   	0.129174   
  2.5338  	2.09602    	-0.0095849 	-9.05366   	0.129159   
  2.5339  	2.09601    	-0.00959132	-9.05253   	0.129144   
  2.534   	2.096      	-0.00959775	-9.05139   	0.129129   
  2.5341  	2.09599    	-0.00960418	-9.05026   	0.129113   
  2.5342  	2.09598    	-0.00961063	-9.04913   	0.129098   
  2.5343  	2.09597    	-0.00961707	-9.048     	0.129083   
  2.5344  	2.09595    	-0.00962353	-9.04686   	0.129067   
  2.5345  	2.09594    	-0.00962999	-9.04573   	0.129052   
  2.5346  	2.09593    	-0.00963646	-9.0446    	0.129037   
  2.5347  	2.09592    	-0.00964293	-9.04347   	0.129022   
  2.5348  	2.09591    	-0.00964941	-9.04234   	0.129006   
  2.5349  	2.0959     	-0.0096559 	-9.04121   	0.128991   
  2.535   	2.09589    	-0.00966239	-9.04007   	0.128976   
  2.5351  	2.09588    	-0.00966889	-9.03894   	0.128961   
  2.5352  	2.09587    	-0.00967539	-9.03781   	0.128945   
  2.5353  	2.09585    	-0.00968191	-9.03668   	0.12893    
  2.5354  	2.09584    	-0.00968842	-9.03555   	0.128915   
  2.5355  	2.09583    	-0.00969495	-9.03442   	0.1289     
  2.5356  	2.09582    	-0.00970148	-9.03329   	0.128884   
  2.5357  	2.09581    	-0.00970802	-9.03216   	0.128869   
  2.5358  	2.0958     	-0.00971456	-9.03103   	0.128854   
  2.5359  	2.09579    	-0.00972111	-9.0299    	0.128839   
  2.536   	2.09578    	-0.00972767	-9.02877   	0.128823   
  2.5361  	2.09577    	-0.00973423	-9.02764   	0.128808   
  2.5362  	2.09575    	-0.0097408 	-9.02651   	0.128793   
  2.5363  	2.09574    	-0.00974738	-9.02538   	0.128778   
  2.5364  	2.09573    	-0.00975396	-9.02425   	0.128762   
  2.5365  	2.09572    	-0.00976055	-9.02312   	0.128747   
  2.5366  	2.09571    	-0.00976715	-9.02199   	0.128732   
  2.5367  	2.0957     	-0.00977375	-9.02086   	0.128717   
  2.5368  	2.09569    	-0.00978036	-9.01973   	0.128701   
  2.5369  	2.09568    	-0.00978698	-9.0186    	0.128686   
  2.537   	2.09566    	-0.0097936 	-9.01748   	0.128671   
  2.5371  	2.09565    	-0.00980023	-9.01635   	0.128656   
  2.5372  	2.09564    	-0.00980686	-9.01522   	0.128641   
  2.5373  	2.09563    	-0.0098135 	-9.01409   	0.128625   
  2.5374  	2.09562    	-0.00982015	-9.01296   	0.12861    
  2.5375  	2.09561    	-0.00982681	-9.01183   	0.128595   
  2.5376  	2.0956     	-0.00983347	-9.01071   	0.12858    
  2.5377  	2.09559    	-0.00984014	-9.00958   	0.128565   
  2.5378  	2.09557    	-0.00984681	-9.00845   	0.128549   
  2.5379  	2.09556    	-0.00985349	-9.00732   	0.128534   
  2.538   	2.09555    	-0.00986018	-9.0062    	0.128519   
  2.5381  	2.09554    	-0.00986688	-9.00507   	0.128504   
  2.5382  	2.09553    	-0.00987358	-9.00394   	0.128489   
  2.5383  	2.09552    	-0.00988029	-9.00282   	0.128473   
  2.5384  	2.09551    	-0.009887  	-9.00169   	0.128458   
  2.5385  	2.09549    	-0.00989372	-9.00056   	0.128443   
  2.5386  	2.09548    	-0.00990045	-8.99944   	0.128428   
  2.5387  	2.09547    	-0.00990718	-8.99831   	0.128413   
  2.5388  	2.09546    	-0.00991393	-8.99718   	0.128398   
  2.5389  	2.09545    	-0.00992067	-8.99606   	0.128382   
  2.539   	2.09544    	-0.00992743	-8.99493   	0.128367   
  2.5391  	2.09543    	-0.00993419	-8.9938    	0.128352   
  2.5392  	2.09542    	-0.00994096	-8.99268   	0.128337   
  2.5393  	2.0954     	-0.00994773	-8.99155   	0.128322   
  2.5394  	2.09539    	-0.00995452	-8.99043   	0.128307   
  2.5395  	2.09538    	-0.0099613 	-8.9893    	0.128291   
  2.5396  	2.09537    	-0.0099681 	-8.98818   	0.128276   
  2.5397  	2.09536    	-0.0099749 	-8.98705   	0.128261   
  2.5398  	2.09535    	-0.00998171	-8.98593   	0.128246   
  2.5399  	2.09534    	-0.00998853	-8.9848    	0.128231   
  2.54    	2.09532    	-0.00999535	-8.98368   	0.128216   
  2.5401  	2.09531    	-0.0100022 	-8.98255   	0.128201   
  2.5402  	2.0953     	-0.010009  	-8.98143   	0.128185   
  2.5403  	2.09529    	-0.0100159 	-8.9803    	0.12817    
  2.5404  	2.09528    	-0.0100227 	-8.97918   	0.128155   
  2.5405  	2.09527    	-0.0100296 	-8.97806   	0.12814    
  2.5406  	2.09526    	-0.0100364 	-8.97693   	0.128125   
  2.5407  	2.09524    	-0.0100433 	-8.97581   	0.12811    
  2.5408  	2.09523    	-0.0100502 	-8.97469   	0.128095   
  2.5409  	2.09522    	-0.0100571 	-8.97356   	0.12808    
  2.541   	2.09521    	-0.010064  	-8.97244   	0.128064   
  2.5411  	2.0952     	-0.0100708 	-8.97131   	0.128049   
  2.5412  	2.09519    	-0.0100778 	-8.97019   	0.128034   
  2.5413  	2.09517    	-0.0100847 	-8.96907   	0.128019   
  2.5414  	2.09516    	-0.0100916 	-8.96795   	0.128004   
  2.5415  	2.09515    	-0.0100985 	-8.96682   	0.127989   
  2.5416  	2.09514    	-0.0101054 	-8.9657    	0.127974   
  2.5417  	2.09513    	-0.0101124 	-8.96458   	0.127959   
  2.5418  	2.09512    	-0.0101193 	-8.96346   	0.127944   
  2.5419  	2.09511    	-0.0101263 	-8.96233   	0.127928   
  2.542   	2.09509    	-0.0101332 	-8.96121   	0.127913   
  2.5421  	2.09508    	-0.0101402 	-8.96009   	0.127898   
  2.5422  	2.09507    	-0.0101472 	-8.95897   	0.127883   
  2.5423  	2.09506    	-0.0101542 	-8.95785   	0.127868   
  2.5424  	2.09505    	-0.0101612 	-8.95673   	0.127853   
  2.5425  	2.09504    	-0.0101682 	-8.9556    	0.127838   
  2.5426  	2.09502    	-0.0101752 	-8.95448   	0.127823   
  2.5427  	2.09501    	-0.0101822 	-8.95336   	0.127808   
  2.5428  	2.095      	-0.0101892 	-8.95224   	0.127793   
  2.5429  	2.09499    	-0.0101962 	-8.95112   	0.127778   
  2.543   	2.09498    	-0.0102032 	-8.95      	0.127762   
  2.5431  	2.09497    	-0.0102103 	-8.94888   	0.127747   
  2.5432  	2.09495    	-0.0102173 	-8.94776   	0.127732   
  2.5433  	2.09494    	-0.0102244 	-8.94664   	0.127717   
  2.5434  	2.09493    	-0.0102314 	-8.94552   	0.127702   
  2.5435  	2.09492    	-0.0102385 	-8.9444    	0.127687   
  2.5436  	2.09491    	-0.0102456 	-8.94328   	0.127672   
  2.5437  	2.0949     	-0.0102527 	-8.94216   	0.127657   
  2.5438  	2.09488    	-0.0102597 	-8.94104   	0.127642   
  2.5439  	2.09487    	-0.0102668 	-8.93992   	0.127627   
  2.544   	2.09486    	-0.0102739 	-8.9388    	0.127612   
  2.5441  	2.09485    	-0.010281  	-8.93768   	0.127597   
  2.5442  	2.09484    	-0.0102882 	-8.93656   	0.127582   
  2.5443  	2.09483    	-0.0102953 	-8.93544   	0.127567   
  2.5444  	2.09481    	-0.0103024 	-8.93432   	0.127552   
  2.5445  	2.0948     	-0.0103096 	-8.9332    	0.127537   
  2.5446  	2.09479    	-0.0103167 	-8.93209   	0.127522   
  2.5447  	2.09478    	-0.0103239 	-8.93097   	0.127507   
  2.5448  	2.09477    	-0.010331  	-8.92985   	0.127492   
  2.5449  	2.09476    	-0.0103382 	-8.92873   	0.127477   
  2.545   	2.09474    	-0.0103454 	-8.92761   	0.127462   
  2.5451  	2.09473    	-0.0103525 	-8.92649   	0.127446   
  2.5452  	2.09472    	-0.0103597 	-8.92538   	0.127431   
  2.5453  	2.09471    	-0.0103669 	-8.92426   	0.127416   
  2.5454  	2.0947     	-0.0103741 	-8.92314   	0.127401   
  2.5455  	2.09468    	-0.0103813 	-8.92202   	0.127386   
  2.5456  	2.09467    	-0.0103886 	-8.92091   	0.127371   
  2.5457  	2.09466    	-0.0103958 	-8.91979   	0.127356   
  2.5458  	2.09465    	-0.010403  	-8.91867   	0.127341   
  2.5459  	2.09464    	-0.0104103 	-8.91756   	0.127326   
  2.546   	2.09463    	-0.0104175 	-8.91644   	0.127311   
  2.5461  	2.09461    	-0.0104248 	-8.91532   	0.127296   
  2.5462  	2.0946     	-0.010432  	-8.91421   	0.127281   
  2.5463  	2.09459    	-0.0104393 	-8.91309   	0.127266   
  2.5464  	2.09458    	-0.0104466 	-8.91197   	0.127251   
  2.5465  	2.09457    	-0.0104538 	-8.91086   	0.127236   
  2.5466  	2.09455    	-0.0104611 	-8.90974   	0.127221   
  2.5467  	2.09454    	-0.0104684 	-8.90863   	0.127206   
  2.5468  	2.09453    	-0.0104757 	-8.90751   	0.127191   
  2.5469  	2.09452    	-0.0104831 	-8.90639   	0.127176   
  2.547   	2.09451    	-0.0104904 	-8.90528   	0.127162   
  2.5471  	2.09449    	-0.0104977 	-8.90416   	0.127147   
  2.5472  	2.09448    	-0.010505  	-8.90305   	0.127132   
  2.5473  	2.09447    	-0.0105124 	-8.90193   	0.127117   
  2.5474  	2.09446    	-0.0105197 	-8.90082   	0.127102   
  2.5475  	2.09445    	-0.0105271 	-8.8997    	0.127087   
  2.5476  	2.09443    	-0.0105345 	-8.89859   	0.127072   
  2.5477  	2.09442    	-0.0105418 	-8.89747   	0.127057   
  2.5478  	2.09441    	-0.0105492 	-8.89636   	0.127042   
  2.5479  	2.0944     	-0.0105566 	-8.89525   	0.127027   
  2.548   	2.09439    	-0.010564  	-8.89413   	0.127012   
  2.5481  	2.09437    	-0.0105714 	-8.89302   	0.126997   
  2.5482  	2.09436    	-0.0105788 	-8.8919    	0.126982   
  2.5483  	2.09435    	-0.0105862 	-8.89079   	0.126967   
  2.5484  	2.09434    	-0.0105937 	-8.88968   	0.126952   
  2.5485  	2.09433    	-0.0106011 	-8.88856   	0.126937   
  2.5486  	2.09431    	-0.0106086 	-8.88745   	0.126922   
  2.5487  	2.0943     	-0.010616  	-8.88634   	0.126907   
  2.5488  	2.09429    	-0.0106235 	-8.88522   	0.126892   
  2.5489  	2.09428    	-0.0106309 	-8.88411   	0.126877   
  2.549   	2.09427    	-0.0106384 	-8.883     	0.126862   
  2.5491  	2.09425    	-0.0106459 	-8.88189   	0.126848   
  2.5492  	2.09424    	-0.0106534 	-8.88077   	0.126833   
  2.5493  	2.09423    	-0.0106609 	-8.87966   	0.126818   
  2.5494  	2.09422    	-0.0106684 	-8.87855   	0.126803   
  2.5495  	2.09421    	-0.0106759 	-8.87744   	0.126788   
  2.5496  	2.09419    	-0.0106834 	-8.87632   	0.126773   
  2.5497  	2.09418    	-0.0106909 	-8.87521   	0.126758   
  2.5498  	2.09417    	-0.0106985 	-8.8741    	0.126743   
  2.5499  	2.09416    	-0.010706  	-8.87299   	0.126728   
  2.55    	2.09415    	-0.0107136 	-8.87188   	0.126713   
  2.5501  	2.09413    	-0.0107211 	-8.87077   	0.126698   
  2.5502  	2.09412    	-0.0107287 	-8.86965   	0.126683   
  2.5503  	2.09411    	-0.0107363 	-8.86854   	0.126669   
  2.5504  	2.0941     	-0.0107438 	-8.86743   	0.126654   
  2.5505  	2.09409    	-0.0107514 	-8.86632   	0.126639   
  2.5506  	2.09407    	-0.010759  	-8.86521   	0.126624   
  2.5507  	2.09406    	-0.0107666 	-8.8641    	0.126609   
  2.5508  	2.09405    	-0.0107742 	-8.86299   	0.126594   
  2.5509  	2.09404    	-0.0107819 	-8.86188   	0.126579   
  2.551   	2.09402    	-0.0107895 	-8.86077   	0.126564   
  2.5511  	2.09401    	-0.0107971 	-8.85966   	0.126549   
  2.5512  	2.094      	-0.0108048 	-8.85855   	0.126535   
  2.5513  	2.09399    	-0.0108124 	-8.85744   	0.12652    
  2.5514  	2.09398    	-0.0108201 	-8.85633   	0.126505   
  2.5515  	2.09396    	-0.0108277 	-8.85522   	0.12649    
  2.5516  	2.09395    	-0.0108354 	-8.85411   	0.126475   
  2.5517  	2.09394    	-0.0108431 	-8.853     	0.12646    
  2.5518  	2.09393    	-0.0108508 	-8.85189   	0.126445   
  2.5519  	2.09391    	-0.0108585 	-8.85078   	0.12643    
  2.552   	2.0939     	-0.0108662 	-8.84967   	0.126416   
  2.5521  	2.09389    	-0.0108739 	-8.84857   	0.126401   
  2.5522  	2.09388    	-0.0108816 	-8.84746   	0.126386   
  2.5523  	2.09387    	-0.0108894 	-8.84635   	0.126371   
  2.5524  	2.09385    	-0.0108971 	-8.84524   	0.126356   
  2.5525  	2.09384    	-0.0109049 	-8.84413   	0.126341   
  2.5526  	2.09383    	-0.0109126 	-8.84302   	0.126326   
  2.5527  	2.09382    	-0.0109204 	-8.84192   	0.126312   
  2.5528  	2.0938     	-0.0109282 	-8.84081   	0.126297   
  2.5529  	2.09379    	-0.0109359 	-8.8397    	0.126282   
  2.553   	2.09378    	-0.0109437 	-8.83859   	0.126267   
  2.5531  	2.09377    	-0.0109515 	-8.83749   	0.126252   
  2.5532  	2.09375    	-0.0109593 	-8.83638   	0.126237   
  2.5533  	2.09374    	-0.0109671 	-8.83527   	0.126223   
  2.5534  	2.09373    	-0.010975  	-8.83416   	0.126208   
  2.5535  	2.09372    	-0.0109828 	-8.83306   	0.126193   
  2.5536  	2.0937     	-0.0109906 	-8.83195   	0.126178   
  2.5537  	2.09369    	-0.0109985 	-8.83084   	0.126163   
  2.5538  	2.09368    	-0.0110063 	-8.82974   	0.126148   
  2.5539  	2.09367    	-0.0110142 	-8.82863   	0.126134   
  2.554   	2.09366    	-0.011022  	-8.82752   	0.126119   
  2.5541  	2.09364    	-0.0110299 	-8.82642   	0.126104   
  2.5542  	2.09363    	-0.0110378 	-8.82531   	0.126089   
  2.5543  	2.09362    	-0.0110457 	-8.82421   	0.126074   
  2.5544  	2.09361    	-0.0110536 	-8.8231    	0.12606    
  2.5545  	2.09359    	-0.0110615 	-8.822     	0.126045   
  2.5546  	2.09358    	-0.0110694 	-8.82089   	0.12603    
  2.5547  	2.09357    	-0.0110774 	-8.81978   	0.126015   
  2.5548  	2.09356    	-0.0110853 	-8.81868   	0.126      
  2.5549  	2.09354    	-0.0110932 	-8.81757   	0.125986   
  2.555   	2.09353    	-0.0111012 	-8.81647   	0.125971   
  2.5551  	2.09352    	-0.0111092 	-8.81536   	0.125956   
  2.5552  	2.09351    	-0.0111171 	-8.81426   	0.125941   
  2.5553  	2.09349    	-0.0111251 	-8.81315   	0.125926   
  2.5554  	2.09348    	-0.0111331 	-8.81205   	0.125912   
  2.5555  	2.09347    	-0.0111411 	-8.81095   	0.125897   
  2.5556  	2.09346    	-0.0111491 	-8.80984   	0.125882   
  2.5557  	2.09344    	-0.0111571 	-8.80874   	0.125867   
  2.5558  	2.09343    	-0.0111651 	-8.80763   	0.125853   
  2.5559  	2.09342    	-0.0111731 	-8.80653   	0.125838   
  2.556   	2.09341    	-0.0111812 	-8.80543   	0.125823   
  2.5561  	2.09339    	-0.0111892 	-8.80432   	0.125808   
  2.5562  	2.09338    	-0.0111973 	-8.80322   	0.125794   
  2.5563  	2.09337    	-0.0112053 	-8.80212   	0.125779   
  2.5564  	2.09336    	-0.0112134 	-8.80101   	0.125764   
  2.5565  	2.09334    	-0.0112215 	-8.79991   	0.125749   
  2.5566  	2.09333    	-0.0112296 	-8.79881   	0.125734   
  2.5567  	2.09332    	-0.0112377 	-8.7977    	0.12572    
  2.5568  	2.0933     	-0.0112458 	-8.7966    	0.125705   
  2.5569  	2.09329    	-0.0112539 	-8.7955    	0.12569    
  2.557   	2.09328    	-0.011262  	-8.7944    	0.125675   
  2.5571  	2.09327    	-0.0112701 	-8.79329   	0.125661   
  2.5572  	2.09325    	-0.0112783 	-8.79219   	0.125646   
  2.5573  	2.09324    	-0.0112864 	-8.79109   	0.125631   
  2.5574  	2.09323    	-0.0112946 	-8.78999   	0.125617   
  2.5575  	2.09322    	-0.0113027 	-8.78889   	0.125602   
  2.5576  	2.0932     	-0.0113109 	-8.78778   	0.125587   
  2.5577  	2.09319    	-0.0113191 	-8.78668   	0.125572   
  2.5578  	2.09318    	-0.0113273 	-8.78558   	0.125558   
  2.5579  	2.09317    	-0.0113355 	-8.78448   	0.125543   
  2.558   	2.09315    	-0.0113437 	-8.78338   	0.125528   
  2.5581  	2.09314    	-0.0113519 	-8.78228   	0.125513   
  2.5582  	2.09313    	-0.0113601 	-8.78118   	0.125499   
  2.5583  	2.09311    	-0.0113683 	-8.78008   	0.125484   
  2.5584  	2.0931     	-0.0113766 	-8.77898   	0.125469   
  2.5585  	2.09309    	-0.0113848 	-8.77788   	0.125455   
  2.5586  	2.09308    	-0.0113931 	-8.77678   	0.12544    
  2.5587  	2.09306    	-0.0114013 	-8.77568   	0.125425   
  2.5588  	2.09305    	-0.0114096 	-8.77458   	0.12541    
  2.5589  	2.09304    	-0.0114179 	-8.77348   	0.125396   
  2.559   	2.09303    	-0.0114262 	-8.77238   	0.125381   
  2.5591  	2.09301    	-0.0114345 	-8.77128   	0.125366   
  2.5592  	2.093      	-0.0114428 	-8.77018   	0.125352   
  2.5593  	2.09299    	-0.0114511 	-8.76908   	0.125337   
  2.5594  	2.09297    	-0.0114595 	-8.76798   	0.125322   
  2.5595  	2.09296    	-0.0114678 	-8.76688   	0.125308   
  2.5596  	2.09295    	-0.0114761 	-8.76578   	0.125293   
  2.5597  	2.09294    	-0.0114845 	-8.76468   	0.125278   
  2.5598  	2.09292    	-0.0114929 	-8.76358   	0.125264   
  2.5599  	2.09291    	-0.0115012 	-8.76248   	0.125249   
  2.56    	2.0929     	-0.0115096 	-8.76138   	0.125234   
  2.5601  	2.09288    	-0.011518  	-8.76029   	0.12522    
  2.5602  	2.09287    	-0.0115264 	-8.75919   	0.125205   
  2.5603  	2.09286    	-0.0115348 	-8.75809   	0.12519    
  2.5604  	2.09285    	-0.0115432 	-8.75699   	0.125176   
  2.5605  	2.09283    	-0.0115517 	-8.75589   	0.125161   
  2.5606  	2.09282    	-0.0115601 	-8.7548    	0.125146   
  2.5607  	2.09281    	-0.0115685 	-8.7537    	0.125132   
  2.5608  	2.09279    	-0.011577  	-8.7526    	0.125117   
  2.5609  	2.09278    	-0.0115854 	-8.7515    	0.125102   
  2.561   	2.09277    	-0.0115939 	-8.75041   	0.125088   
  2.5611  	2.09276    	-0.0116024 	-8.74931   	0.125073   
  2.5612  	2.09274    	-0.0116109 	-8.74821   	0.125058   
  2.5613  	2.09273    	-0.0116194 	-8.74712   	0.125044   
  2.5614  	2.09272    	-0.0116279 	-8.74602   	0.125029   
  2.5615  	2.0927     	-0.0116364 	-8.74492   	0.125014   
  2.5616  	2.09269    	-0.0116449 	-8.74383   	0.125      
  2.5617  	2.09268    	-0.0116535 	-8.74273   	0.124985   
  2.5618  	2.09266    	-0.011662  	-8.74163   	0.12497    
  2.5619  	2.09265    	-0.0116706 	-8.74054   	0.124956   
  2.562   	2.09264    	-0.0116791 	-8.73944   	0.124941   
  2.5621  	2.09263    	-0.0116877 	-8.73835   	0.124927   
  2.5622  	2.09261    	-0.0116963 	-8.73725   	0.124912   
  2.5623  	2.0926     	-0.0117049 	-8.73615   	0.124897   
  2.5624  	2.09259    	-0.0117135 	-8.73506   	0.124883   
  2.5625  	2.09257    	-0.0117221 	-8.73396   	0.124868   
  2.5626  	2.09256    	-0.0117307 	-8.73287   	0.124853   
  2.5627  	2.09255    	-0.0117393 	-8.73177   	0.124839   
  2.5628  	2.09253    	-0.0117479 	-8.73068   	0.124824   
  2.5629  	2.09252    	-0.0117566 	-8.72958   	0.12481    
  2.563   	2.09251    	-0.0117652 	-8.72849   	0.124795   
  2.5631  	2.0925     	-0.0117739 	-8.72739   	0.12478    
  2.5632  	2.09248    	-0.0117826 	-8.7263    	0.124766   
  2.5633  	2.09247    	-0.0117913 	-8.72521   	0.124751   
  2.5634  	2.09246    	-0.0118    	-8.72411   	0.124737   
  2.5635  	2.09244    	-0.0118087 	-8.72302   	0.124722   
  2.5636  	2.09243    	-0.0118174 	-8.72192   	0.124707   
  2.5637  	2.09242    	-0.0118261 	-8.72083   	0.124693   
  2.5638  	2.0924     	-0.0118348 	-8.71974   	0.124678   
  2.5639  	2.09239    	-0.0118435 	-8.71864   	0.124664   
  2.564   	2.09238    	-0.0118523 	-8.71755   	0.124649   
  2.5641  	2.09236    	-0.0118611 	-8.71646   	0.124634   
  2.5642  	2.09235    	-0.0118698 	-8.71536   	0.12462    
  2.5643  	2.09234    	-0.0118786 	-8.71427   	0.124605   
  2.5644  	2.09232    	-0.0118874 	-8.71318   	0.124591   
  2.5645  	2.09231    	-0.0118962 	-8.71208   	0.124576   
  2.5646  	2.0923     	-0.011905  	-8.71099   	0.124562   
  2.5647  	2.09228    	-0.0119138 	-8.7099    	0.124547   
  2.5648  	2.09227    	-0.0119226 	-8.70881   	0.124532   
  2.5649  	2.09226    	-0.0119314 	-8.70771   	0.124518   
  2.565   	2.09225    	-0.0119403 	-8.70662   	0.124503   
  2.5651  	2.09223    	-0.0119491 	-8.70553   	0.124489   
  2.5652  	2.09222    	-0.011958  	-8.70444   	0.124474   
  2.5653  	2.09221    	-0.0119669 	-8.70335   	0.12446    
  2.5654  	2.09219    	-0.0119757 	-8.70226   	0.124445   
  2.5655  	2.09218    	-0.0119846 	-8.70116   	0.124431   
  2.5656  	2.09217    	-0.0119935 	-8.70007   	0.124416   
  2.5657  	2.09215    	-0.0120024 	-8.69898   	0.124401   
  2.5658  	2.09214    	-0.0120114 	-8.69789   	0.124387   
  2.5659  	2.09213    	-0.0120203 	-8.6968    	0.124372   
  2.566   	2.09211    	-0.0120292 	-8.69571   	0.124358   
  2.5661  	2.0921     	-0.0120382 	-8.69462   	0.124343   
  2.5662  	2.09209    	-0.0120471 	-8.69353   	0.124329   
  2.5663  	2.09207    	-0.0120561 	-8.69244   	0.124314   
  2.5664  	2.09206    	-0.0120651 	-8.69135   	0.1243     
  2.5665  	2.09205    	-0.0120741 	-8.69026   	0.124285   
  2.5666  	2.09203    	-0.0120831 	-8.68917   	0.124271   
  2.5667  	2.09202    	-0.0120921 	-8.68808   	0.124256   
  2.5668  	2.09201    	-0.0121011 	-8.68699   	0.124242   
  2.5669  	2.09199    	-0.0121101 	-8.6859    	0.124227   
  2.567   	2.09198    	-0.0121191 	-8.68481   	0.124213   
  2.5671  	2.09197    	-0.0121282 	-8.68372   	0.124198   
  2.5672  	2.09195    	-0.0121372 	-8.68263   	0.124184   
  2.5673  	2.09194    	-0.0121463 	-8.68154   	0.124169   
  2.5674  	2.09193    	-0.0121554 	-8.68045   	0.124154   
  2.5675  	2.09191    	-0.0121645 	-8.67936   	0.12414    
  2.5676  	2.0919     	-0.0121735 	-8.67827   	0.124125   
  2.5677  	2.09189    	-0.0121826 	-8.67718   	0.124111   
  2.5678  	2.09187    	-0.0121918 	-8.67609   	0.124096   
  2.5679  	2.09186    	-0.0122009 	-8.67501   	0.124082   
  2.568   	2.09184    	-0.01221   	-8.67392   	0.124067   
  2.5681  	2.09183    	-0.0122192 	-8.67283   	0.124053   
  2.5682  	2.09182    	-0.0122283 	-8.67174   	0.124039   
  2.5683  	2.0918     	-0.0122375 	-8.67065   	0.124024   
  2.5684  	2.09179    	-0.0122466 	-8.66957   	0.12401    
  2.5685  	2.09178    	-0.0122558 	-8.66848   	0.123995   
  2.5686  	2.09176    	-0.012265  	-8.66739   	0.123981   
  2.5687  	2.09175    	-0.0122742 	-8.6663    	0.123966   
  2.5688  	2.09174    	-0.0122834 	-8.66522   	0.123952   
  2.5689  	2.09172    	-0.0122927 	-8.66413   	0.123937   
  2.569   	2.09171    	-0.0123019 	-8.66304   	0.123923   
  2.5691  	2.0917     	-0.0123111 	-8.66196   	0.123908   
  2.5692  	2.09168    	-0.0123204 	-8.66087   	0.123894   
  2.5693  	2.09167    	-0.0123297 	-8.65978   	0.123879   
  2.5694  	2.09166    	-0.0123389 	-8.6587    	0.123865   
  2.5695  	2.09164    	-0.0123482 	-8.65761   	0.12385    
  2.5696  	2.09163    	-0.0123575 	-8.65652   	0.123836   
  2.5697  	2.09161    	-0.0123668 	-8.65544   	0.123821   
  2.5698  	2.0916     	-0.0123761 	-8.65435   	0.123807   
  2.5699  	2.09159    	-0.0123855 	-8.65326   	0.123793   
  2.57    	2.09157    	-0.0123948 	-8.65218   	0.123778   
  2.5701  	2.09156    	-0.0124041 	-8.65109   	0.123764   
  2.5702  	2.09155    	-0.0124135 	-8.65001   	0.123749   
  2.5703  	2.09153    	-0.0124229 	-8.64892   	0.123735   
  2.5704  	2.09152    	-0.0124322 	-8.64784   	0.12372    
  2.5705  	2.09151    	-0.0124416 	-8.64675   	0.123706   
  2.5706  	2.09149    	-0.012451  	-8.64567   	0.123691   
  2.5707  	2.09148    	-0.0124604 	-8.64458   	0.123677   
  2.5708  	2.09146    	-0.0124698 	-8.6435    	0.123663   
  2.5709  	2.09145    	-0.0124793 	-8.64241   	0.123648   
  2.571   	2.09144    	-0.0124887 	-8.64133   	0.123634   
  2.5711  	2.09142    	-0.0124981 	-8.64024   	0.123619   
  2.5712  	2.09141    	-0.0125076 	-8.63916   	0.123605   
  2.5713  	2.0914     	-0.0125171 	-8.63808   	0.12359    
  2.5714  	2.09138    	-0.0125265 	-8.63699   	0.123576   
  2.5715  	2.09137    	-0.012536  	-8.63591   	0.123562   
  2.5716  	2.09135    	-0.0125455 	-8.63482   	0.123547   
  2.5717  	2.09134    	-0.012555  	-8.63374   	0.123533   
  2.5718  	2.09133    	-0.0125646 	-8.63266   	0.123518   
  2.5719  	2.09131    	-0.0125741 	-8.63157   	0.123504   
  2.572   	2.0913     	-0.0125836 	-8.63049   	0.12349    
  2.5721  	2.09129    	-0.0125932 	-8.62941   	0.123475   
  2.5722  	2.09127    	-0.0126028 	-8.62832   	0.123461   
  2.5723  	2.09126    	-0.0126123 	-8.62724   	0.123446   
  2.5724  	2.09124    	-0.0126219 	-8.62616   	0.123432   
  2.5725  	2.09123    	-0.0126315 	-8.62508   	0.123418   
  2.5726  	2.09122    	-0.0126411 	-8.62399   	0.123403   
  2.5727  	2.0912     	-0.0126507 	-8.62291   	0.123389   
  2.5728  	2.09119    	-0.0126604 	-8.62183   	0.123374   
  2.5729  	2.09117    	-0.01267   	-8.62075   	0.12336    
  2.573   	2.09116    	-0.0126796 	-8.61967   	0.123346   
  2.5731  	2.09115    	-0.0126893 	-8.61858   	0.123331   
  2.5732  	2.09113    	-0.012699  	-8.6175    	0.123317   
  2.5733  	2.09112    	-0.0127086 	-8.61642   	0.123303   
  2.5734  	2.09111    	-0.0127183 	-8.61534   	0.123288   
  2.5735  	2.09109    	-0.012728  	-8.61426   	0.123274   
  2.5736  	2.09108    	-0.0127377 	-8.61318   	0.123259   
  2.5737  	2.09106    	-0.0127475 	-8.6121    	0.123245   
  2.5738  	2.09105    	-0.0127572 	-8.61101   	0.123231   
  2.5739  	2.09104    	-0.0127669 	-8.60993   	0.123216   
  2.574   	2.09102    	-0.0127767 	-8.60885   	0.123202   
  2.5741  	2.09101    	-0.0127865 	-8.60777   	0.123188   
  2.5742  	2.09099    	-0.0127962 	-8.60669   	0.123173   
  2.5743  	2.09098    	-0.012806  	-8.60561   	0.123159   
  2.5744  	2.09097    	-0.0128158 	-8.60453   	0.123145   
  2.5745  	2.09095    	-0.0128256 	-8.60345   	0.12313    
  2.5746  	2.09094    	-0.0128355 	-8.60237   	0.123116   
  2.5747  	2.09092    	-0.0128453 	-8.60129   	0.123102   
  2.5748  	2.09091    	-0.0128551 	-8.60021   	0.123087   
  2.5749  	2.0909     	-0.012865  	-8.59913   	0.123073   
  2.575   	2.09088    	-0.0128748 	-8.59805   	0.123058   
  2.5751  	2.09087    	-0.0128847 	-8.59697   	0.123044   
  2.5752  	2.09085    	-0.0128946 	-8.59589   	0.12303    
  2.5753  	2.09084    	-0.0129045 	-8.59482   	0.123015   
  2.5754  	2.09083    	-0.0129144 	-8.59374   	0.123001   
  2.5755  	2.09081    	-0.0129243 	-8.59266   	0.122987   
  2.5756  	2.0908     	-0.0129343 	-8.59158   	0.122973   
  2.5757  	2.09078    	-0.0129442 	-8.5905    	0.122958   
  2.5758  	2.09077    	-0.0129542 	-8.58942   	0.122944   
  2.5759  	2.09075    	-0.0129641 	-8.58834   	0.12293    
  2.576   	2.09074    	-0.0129741 	-8.58727   	0.122915   
  2.5761  	2.09073    	-0.0129841 	-8.58619   	0.122901   
  2.5762  	2.09071    	-0.0129941 	-8.58511   	0.122887   
  2.5763  	2.0907     	-0.0130041 	-8.58403   	0.122872   
  2.5764  	2.09068    	-0.0130141 	-8.58295   	0.122858   
  2.5765  	2.09067    	-0.0130241 	-8.58188   	0.122844   
  2.5766  	2.09066    	-0.0130342 	-8.5808    	0.122829   
  2.5767  	2.09064    	-0.0130442 	-8.57972   	0.122815   
  2.5768  	2.09063    	-0.0130543 	-8.57864   	0.122801   
  2.5769  	2.09061    	-0.0130644 	-8.57757   	0.122786   
  2.577   	2.0906     	-0.0130744 	-8.57649   	0.122772   
  2.5771  	2.09058    	-0.0130845 	-8.57541   	0.122758   
  2.5772  	2.09057    	-0.0130947 	-8.57434   	0.122744   
  2.5773  	2.09056    	-0.0131048 	-8.57326   	0.122729   
  2.5774  	2.09054    	-0.0131149 	-8.57218   	0.122715   
  2.5775  	2.09053    	-0.013125  	-8.57111   	0.122701   
  2.5776  	2.09051    	-0.0131352 	-8.57003   	0.122686   
  2.5777  	2.0905     	-0.0131454 	-8.56896   	0.122672   
  2.5778  	2.09049    	-0.0131555 	-8.56788   	0.122658   
  2.5779  	2.09047    	-0.0131657 	-8.5668    	0.122644   
  2.578   	2.09046    	-0.0131759 	-8.56573   	0.122629   
  2.5781  	2.09044    	-0.0131861 	-8.56465   	0.122615   
  2.5782  	2.09043    	-0.0131964 	-8.56358   	0.122601   
  2.5783  	2.09041    	-0.0132066 	-8.5625    	0.122587   
  2.5784  	2.0904     	-0.0132168 	-8.56143   	0.122572   
  2.5785  	2.09038    	-0.0132271 	-8.56035   	0.122558   
  2.5786  	2.09037    	-0.0132374 	-8.55928   	0.122544   
  2.5787  	2.09036    	-0.0132477 	-8.5582    	0.12253    
  2.5788  	2.09034    	-0.0132579 	-8.55713   	0.122515   
  2.5789  	2.09033    	-0.0132682 	-8.55605   	0.122501   
  2.579   	2.09031    	-0.0132786 	-8.55498   	0.122487   
  2.5791  	2.0903     	-0.0132889 	-8.5539    	0.122473   
  2.5792  	2.09028    	-0.0132992 	-8.55283   	0.122458   
  2.5793  	2.09027    	-0.0133096 	-8.55176   	0.122444   
  2.5794  	2.09026    	-0.0133199 	-8.55068   	0.12243    
  2.5795  	2.09024    	-0.0133303 	-8.54961   	0.122416   
  2.5796  	2.09023    	-0.0133407 	-8.54853   	0.122401   
  2.5797  	2.09021    	-0.0133511 	-8.54746   	0.122387   
  2.5798  	2.0902     	-0.0133615 	-8.54639   	0.122373   
  2.5799  	2.09018    	-0.0133719 	-8.54531   	0.122359   
  2.58    	2.09017    	-0.0133824 	-8.54424   	0.122344   
  2.5801  	2.09015    	-0.0133928 	-8.54317   	0.12233    
  2.5802  	2.09014    	-0.0134033 	-8.54209   	0.122316   
  2.5803  	2.09013    	-0.0134137 	-8.54102   	0.122302   
  2.5804  	2.09011    	-0.0134242 	-8.53995   	0.122288   
  2.5805  	2.0901     	-0.0134347 	-8.53888   	0.122273   
  2.5806  	2.09008    	-0.0134452 	-8.5378    	0.122259   
  2.5807  	2.09007    	-0.0134557 	-8.53673   	0.122245   
  2.5808  	2.09005    	-0.0134662 	-8.53566   	0.122231   
  2.5809  	2.09004    	-0.0134768 	-8.53459   	0.122217   
  2.581   	2.09002    	-0.0134873 	-8.53352   	0.122202   
  2.5811  	2.09001    	-0.0134979 	-8.53244   	0.122188   
  2.5812  	2.08999    	-0.0135085 	-8.53137   	0.122174   
  2.5813  	2.08998    	-0.013519  	-8.5303    	0.12216    
  2.5814  	2.08997    	-0.0135296 	-8.52923   	0.122146   
  2.5815  	2.08995    	-0.0135403 	-8.52816   	0.122131   
  2.5816  	2.08994    	-0.0135509 	-8.52709   	0.122117   
  2.5817  	2.08992    	-0.0135615 	-8.52602   	0.122103   
  2.5818  	2.08991    	-0.0135722 	-8.52494   	0.122089   
  2.5819  	2.08989    	-0.0135828 	-8.52387   	0.122075   
  2.582   	2.08988    	-0.0135935 	-8.5228    	0.12206    
  2.5821  	2.08986    	-0.0136042 	-8.52173   	0.122046   
  2.5822  	2.08985    	-0.0136149 	-8.52066   	0.122032   
  2.5823  	2.08983    	-0.0136256 	-8.51959   	0.122018   
  2.5824  	2.08982    	-0.0136363 	-8.51852   	0.122004   
  2.5825  	2.0898     	-0.013647  	-8.51745   	0.12199    
  2.5826  	2.08979    	-0.0136578 	-8.51638   	0.121975   
  2.5827  	2.08977    	-0.0136685 	-8.51531   	0.121961   
  2.5828  	2.08976    	-0.0136793 	-8.51424   	0.121947   
  2.5829  	2.08975    	-0.0136901 	-8.51317   	0.121933   
  2.583   	2.08973    	-0.0137009 	-8.5121    	0.121919   
  2.5831  	2.08972    	-0.0137117 	-8.51103   	0.121905   
  2.5832  	2.0897     	-0.0137225 	-8.50996   	0.12189    
  2.5833  	2.08969    	-0.0137333 	-8.5089    	0.121876   
  2.5834  	2.08967    	-0.0137442 	-8.50783   	0.121862   
  2.5835  	2.08966    	-0.013755  	-8.50676   	0.121848   
  2.5836  	2.08964    	-0.0137659 	-8.50569   	0.121834   
  2.5837  	2.08963    	-0.0137768 	-8.50462   	0.12182    
  2.5838  	2.08961    	-0.0137877 	-8.50355   	0.121805   
  2.5839  	2.0896     	-0.0137986 	-8.50248   	0.121791   
  2.584   	2.08958    	-0.0138095 	-8.50142   	0.121777   
  2.5841  	2.08957    	-0.0138204 	-8.50035   	0.121763   
  2.5842  	2.08955    	-0.0138313 	-8.49928   	0.121749   
  2.5843  	2.08954    	-0.0138423 	-8.49821   	0.121735   
  2.5844  	2.08952    	-0.0138533 	-8.49714   	0.121721   
  2.5845  	2.08951    	-0.0138642 	-8.49608   	0.121707   
  2.5846  	2.08949    	-0.0138752 	-8.49501   	0.121692   
  2.5847  	2.08948    	-0.0138862 	-8.49394   	0.121678   
  2.5848  	2.08946    	-0.0138973 	-8.49287   	0.121664   
  2.5849  	2.08945    	-0.0139083 	-8.49181   	0.12165    
  2.585   	2.08943    	-0.0139193 	-8.49074   	0.121636   
  2.5851  	2.08942    	-0.0139304 	-8.48967   	0.121622   
  2.5852  	2.0894     	-0.0139415 	-8.48861   	0.121608   
  2.5853  	2.08939    	-0.0139525 	-8.48754   	0.121594   
  2.5854  	2.08937    	-0.0139636 	-8.48647   	0.121579   
  2.5855  	2.08936    	-0.0139747 	-8.48541   	0.121565   
  2.5856  	2.08934    	-0.0139859 	-8.48434   	0.121551   
  2.5857  	2.08933    	-0.013997  	-8.48328   	0.121537   
  2.5858  	2.08931    	-0.0140081 	-8.48221   	0.121523   
  2.5859  	2.0893     	-0.0140193 	-8.48114   	0.121509   
  2.586   	2.08928    	-0.0140305 	-8.48008   	0.121495   
  2.5861  	2.08927    	-0.0140416 	-8.47901   	0.121481   
  2.5862  	2.08925    	-0.0140528 	-8.47795   	0.121467   
  2.5863  	2.08924    	-0.0140641 	-8.47688   	0.121453   
  2.5864  	2.08922    	-0.0140753 	-8.47582   	0.121439   
  2.5865  	2.08921    	-0.0140865 	-8.47475   	0.121424   
  2.5866  	2.08919    	-0.0140978 	-8.47369   	0.12141    
  2.5867  	2.08918    	-0.014109  	-8.47262   	0.121396   
  2.5868  	2.08916    	-0.0141203 	-8.47156   	0.121382   
  2.5869  	2.08915    	-0.0141316 	-8.47049   	0.121368   
  2.587   	2.08913    	-0.0141429 	-8.46943   	0.121354   
  2.5871  	2.08912    	-0.0141542 	-8.46836   	0.12134    
  2.5872  	2.0891     	-0.0141655 	-8.4673    	0.121326   
  2.5873  	2.08909    	-0.0141769 	-8.46623   	0.121312   
  2.5874  	2.08907    	-0.0141882 	-8.46517   	0.121298   
  2.5875  	2.08906    	-0.0141996 	-8.46411   	0.121284   
  2.5876  	2.08904    	-0.014211  	-8.46304   	0.12127    
  2.5877  	2.08903    	-0.0142223 	-8.46198   	0.121256   
  2.5878  	2.08901    	-0.0142337 	-8.46092   	0.121242   
  2.5879  	2.089      	-0.0142452 	-8.45985   	0.121227   
  2.588   	2.08898    	-0.0142566 	-8.45879   	0.121213   
  2.5881  	2.08897    	-0.014268  	-8.45773   	0.121199   
  2.5882  	2.08895    	-0.0142795 	-8.45666   	0.121185   
  2.5883  	2.08894    	-0.014291  	-8.4556    	0.121171   
  2.5884  	2.08892    	-0.0143025 	-8.45454   	0.121157   
  2.5885  	2.08891    	-0.014314  	-8.45347   	0.121143   
  2.5886  	2.08889    	-0.0143255 	-8.45241   	0.121129   
  2.5887  	2.08888    	-0.014337  	-8.45135   	0.121115   
  2.5888  	2.08886    	-0.0143485 	-8.45029   	0.121101   
  2.5889  	2.08885    	-0.0143601 	-8.44923   	0.121087   
  2.589   	2.08883    	-0.0143716 	-8.44816   	0.121073   
  2.5891  	2.08882    	-0.0143832 	-8.4471    	0.121059   
  2.5892  	2.0888     	-0.0143948 	-8.44604   	0.121045   
  2.5893  	2.08878    	-0.0144064 	-8.44498   	0.121031   
  2.5894  	2.08877    	-0.014418  	-8.44392   	0.121017   
  2.5895  	2.08875    	-0.0144297 	-8.44286   	0.121003   
  2.5896  	2.08874    	-0.0144413 	-8.44179   	0.120989   
  2.5897  	2.08872    	-0.014453  	-8.44073   	0.120975   
  2.5898  	2.08871    	-0.0144646 	-8.43967   	0.120961   
  2.5899  	2.08869    	-0.0144763 	-8.43861   	0.120947   
  2.59    	2.08868    	-0.014488  	-8.43755   	0.120933   
  2.5901  	2.08866    	-0.0144997 	-8.43649   	0.120919   
  2.5902  	2.08865    	-0.0145115 	-8.43543   	0.120905   
  2.5903  	2.08863    	-0.0145232 	-8.43437   	0.120891   
  2.5904  	2.08862    	-0.014535  	-8.43331   	0.120877   
  2.5905  	2.0886     	-0.0145467 	-8.43225   	0.120863   
  2.5906  	2.08858    	-0.0145585 	-8.43119   	0.120849   
  2.5907  	2.08857    	-0.0145703 	-8.43013   	0.120835   
  2.5908  	2.08855    	-0.0145821 	-8.42907   	0.120821   
  2.5909  	2.08854    	-0.0145939 	-8.42801   	0.120807   
  2.591   	2.08852    	-0.0146058 	-8.42695   	0.120793   
  2.5911  	2.08851    	-0.0146176 	-8.42589   	0.120779   
  2.5912  	2.08849    	-0.0146295 	-8.42483   	0.120765   
  2.5913  	2.08848    	-0.0146414 	-8.42377   	0.120751   
  2.5914  	2.08846    	-0.0146533 	-8.42271   	0.120737   
  2.5915  	2.08845    	-0.0146652 	-8.42165   	0.120723   
  2.5916  	2.08843    	-0.0146771 	-8.42059   	0.120709   
  2.5917  	2.08841    	-0.014689  	-8.41954   	0.120695   
  2.5918  	2.0884     	-0.014701  	-8.41848   	0.120681   
  2.5919  	2.08838    	-0.014713  	-8.41742   	0.120667   
  2.592   	2.08837    	-0.0147249 	-8.41636   	0.120653   
  2.5921  	2.08835    	-0.0147369 	-8.4153    	0.120639   
  2.5922  	2.08834    	-0.0147489 	-8.41424   	0.120625   
  2.5923  	2.08832    	-0.0147609 	-8.41319   	0.120611   
  2.5924  	2.08831    	-0.014773  	-8.41213   	0.120597   
  2.5925  	2.08829    	-0.014785  	-8.41107   	0.120583   
  2.5926  	2.08827    	-0.0147971 	-8.41001   	0.120569   
  2.5927  	2.08826    	-0.0148092 	-8.40895   	0.120555   
  2.5928  	2.08824    	-0.0148213 	-8.4079    	0.120542   
  2.5929  	2.08823    	-0.0148334 	-8.40684   	0.120528   
  2.593   	2.08821    	-0.0148455 	-8.40578   	0.120514   
  2.5931  	2.0882     	-0.0148576 	-8.40473   	0.1205     
  2.5932  	2.08818    	-0.0148698 	-8.40367   	0.120486   
  2.5933  	2.08817    	-0.0148819 	-8.40261   	0.120472   
  2.5934  	2.08815    	-0.0148941 	-8.40156   	0.120458   
  2.5935  	2.08813    	-0.0149063 	-8.4005    	0.120444   
  2.5936  	2.08812    	-0.0149185 	-8.39944   	0.12043    
  2.5937  	2.0881     	-0.0149307 	-8.39839   	0.120416   
  2.5938  	2.08809    	-0.0149429 	-8.39733   	0.120402   
  2.5939  	2.08807    	-0.0149552 	-8.39627   	0.120388   
  2.594   	2.08806    	-0.0149674 	-8.39522   	0.120374   
  2.5941  	2.08804    	-0.0149797 	-8.39416   	0.12036    
  2.5942  	2.08802    	-0.014992  	-8.39311   	0.120346   
  2.5943  	2.08801    	-0.0150043 	-8.39205   	0.120333   
  2.5944  	2.08799    	-0.0150166 	-8.391     	0.120319   
  2.5945  	2.08798    	-0.015029  	-8.38994   	0.120305   
  2.5946  	2.08796    	-0.0150413 	-8.38889   	0.120291   
  2.5947  	2.08794    	-0.0150537 	-8.38783   	0.120277   
  2.5948  	2.08793    	-0.0150661 	-8.38678   	0.120263   
  2.5949  	2.08791    	-0.0150785 	-8.38572   	0.120249   
  2.595   	2.0879     	-0.0150909 	-8.38467   	0.120235   
  2.5951  	2.08788    	-0.0151033 	-8.38361   	0.120221   
  2.5952  	2.08787    	-0.0151157 	-8.38256   	0.120207   
  2.5953  	2.08785    	-0.0151282 	-8.3815    	0.120194   
  2.5954  	2.08783    	-0.0151407 	-8.38045   	0.12018    
  2.5955  	2.08782    	-0.0151531 	-8.37939   	0.120166   
  2.5956  	2.0878     	-0.0151656 	-8.37834   	0.120152   
  2.5957  	2.08779    	-0.0151781 	-8.37729   	0.120138   
  2.5958  	2.08777    	-0.0151907 	-8.37623   	0.120124   
  2.5959  	2.08775    	-0.0152032 	-8.37518   	0.12011    
  2.596   	2.08774    	-0.0152158 	-8.37413   	0.120096   
  2.5961  	2.08772    	-0.0152283 	-8.37307   	0.120082   
  2.5962  	2.08771    	-0.0152409 	-8.37202   	0.120069   
  2.5963  	2.08769    	-0.0152535 	-8.37097   	0.120055   
  2.5964  	2.08767    	-0.0152661 	-8.36991   	0.120041   
  2.5965  	2.08766    	-0.0152788 	-8.36886   	0.120027   
  2.5966  	2.08764    	-0.0152914 	-8.36781   	0.120013   
  2.5967  	2.08763    	-0.0153041 	-8.36676   	0.119999   
  2.5968  	2.08761    	-0.0153168 	-8.3657    	0.119985   
  2.5969  	2.08759    	-0.0153295 	-8.36465   	0.119972   
  2.597   	2.08758    	-0.0153422 	-8.3636    	0.119958   
  2.5971  	2.08756    	-0.0153549 	-8.36255   	0.119944   
  2.5972  	2.08755    	-0.0153676 	-8.36149   	0.11993    
  2.5973  	2.08753    	-0.0153804 	-8.36044   	0.119916   
  2.5974  	2.08751    	-0.0153931 	-8.35939   	0.119902   
  2.5975  	2.0875     	-0.0154059 	-8.35834   	0.119888   
  2.5976  	2.08748    	-0.0154187 	-8.35729   	0.119875   
  2.5977  	2.08747    	-0.0154315 	-8.35624   	0.119861   
  2.5978  	2.08745    	-0.0154444 	-8.35519   	0.119847   
  2.5979  	2.08743    	-0.0154572 	-8.35413   	0.119833   
  2.598   	2.08742    	-0.0154701 	-8.35308   	0.119819   
  2.5981  	2.0874     	-0.0154829 	-8.35203   	0.119805   
  2.5982  	2.08739    	-0.0154958 	-8.35098   	0.119792   
  2.5983  	2.08737    	-0.0155087 	-8.34993   	0.119778   
  2.5984  	2.08735    	-0.0155217 	-8.34888   	0.119764   
  2.5985  	2.08734    	-0.0155346 	-8.34783   	0.11975    
  2.5986  	2.08732    	-0.0155475 	-8.34678   	0.119736   
  2.5987  	2.0873     	-0.0155605 	-8.34573   	0.119722   
  2.5988  	2.08729    	-0.0155735 	-8.34468   	0.119709   
  2.5989  	2.08727    	-0.0155865 	-8.34363   	0.119695   
  2.599   	2.08726    	-0.0155995 	-8.34258   	0.119681   
  2.5991  	2.08724    	-0.0156125 	-8.34153   	0.119667   
  2.5992  	2.08722    	-0.0156256 	-8.34048   	0.119653   
  2.5993  	2.08721    	-0.0156386 	-8.33943   	0.11964    
  2.5994  	2.08719    	-0.0156517 	-8.33838   	0.119626   
  2.5995  	2.08718    	-0.0156648 	-8.33733   	0.119612   
  2.5996  	2.08716    	-0.0156779 	-8.33628   	0.119598   
  2.5997  	2.08714    	-0.015691  	-8.33523   	0.119584   
  2.5998  	2.08713    	-0.0157042 	-8.33419   	0.119571   
  2.5999  	2.08711    	-0.0157173 	-8.33314   	0.119557   
  2.6     	2.08709    	-0.0157305 	-8.33209   	0.119543   
  2.6001  	2.08708    	-0.0157437 	-8.33104   	0.119529   
  2.6002  	2.08706    	-0.0157569 	-8.32999   	0.119515   
  2.6003  	2.08704    	-0.0157701 	-8.32894   	0.119502   
  2.6004  	2.08703    	-0.0157834 	-8.32789   	0.119488   
  2.6005  	2.08701    	-0.0157966 	-8.32685   	0.119474   
  2.6006  	2.087      	-0.0158099 	-8.3258    	0.11946    
  2.6007  	2.08698    	-0.0158232 	-8.32475   	0.119446   
  2.6008  	2.08696    	-0.0158365 	-8.3237    	0.119433   
  2.6009  	2.08695    	-0.0158498 	-8.32266   	0.119419   
  2.601   	2.08693    	-0.0158631 	-8.32161   	0.119405   
  2.6011  	2.08691    	-0.0158765 	-8.32056   	0.119391   
  2.6012  	2.0869     	-0.0158898 	-8.31951   	0.119378   
  2.6013  	2.08688    	-0.0159032 	-8.31847   	0.119364   
  2.6014  	2.08686    	-0.0159166 	-8.31742   	0.11935    
  2.6015  	2.08685    	-0.01593   	-8.31637   	0.119336   
  2.6016  	2.08683    	-0.0159434 	-8.31533   	0.119323   
  2.6017  	2.08681    	-0.0159569 	-8.31428   	0.119309   
  2.6018  	2.0868     	-0.0159704 	-8.31323   	0.119295   
  2.6019  	2.08678    	-0.0159838 	-8.31219   	0.119281   
  2.602   	2.08677    	-0.0159973 	-8.31114   	0.119267   
  2.6021  	2.08675    	-0.0160108 	-8.3101    	0.119254   
  2.6022  	2.08673    	-0.0160244 	-8.30905   	0.11924    
  2.6023  	2.08672    	-0.0160379 	-8.308     	0.119226   
  2.6024  	2.0867     	-0.0160515 	-8.30696   	0.119213   
  2.6025  	2.08668    	-0.016065  	-8.30591   	0.119199   
  2.6026  	2.08667    	-0.0160786 	-8.30487   	0.119185   
  2.6027  	2.08665    	-0.0160922 	-8.30382   	0.119171   
  2.6028  	2.08663    	-0.0161059 	-8.30278   	0.119158   
  2.6029  	2.08662    	-0.0161195 	-8.30173   	0.119144   
  2.603   	2.0866     	-0.0161332 	-8.30069   	0.11913    
  2.6031  	2.08658    	-0.0161468 	-8.29964   	0.119116   
  2.6032  	2.08657    	-0.0161605 	-8.2986    	0.119103   
  2.6033  	2.08655    	-0.0161742 	-8.29755   	0.119089   
  2.6034  	2.08653    	-0.016188  	-8.29651   	0.119075   
  2.6035  	2.08652    	-0.0162017 	-8.29546   	0.119061   
  2.6036  	2.0865     	-0.0162155 	-8.29442   	0.119048   
  2.6037  	2.08648    	-0.0162292 	-8.29337   	0.119034   
  2.6038  	2.08647    	-0.016243  	-8.29233   	0.11902    
  2.6039  	2.08645    	-0.0162568 	-8.29129   	0.119007   
  2.604   	2.08643    	-0.0162707 	-8.29024   	0.118993   
  2.6041  	2.08642    	-0.0162845 	-8.2892    	0.118979   
  2.6042  	2.0864     	-0.0162984 	-8.28816   	0.118965   
  2.6043  	2.08638    	-0.0163123 	-8.28711   	0.118952   
  2.6044  	2.08637    	-0.0163261 	-8.28607   	0.118938   
  2.6045  	2.08635    	-0.0163401 	-8.28503   	0.118924   
  2.6046  	2.08633    	-0.016354  	-8.28398   	0.118911   
  2.6047  	2.08632    	-0.0163679 	-8.28294   	0.118897   
  2.6048  	2.0863     	-0.0163819 	-8.2819    	0.118883   
  2.6049  	2.08628    	-0.0163959 	-8.28085   	0.11887    
  2.605   	2.08627    	-0.0164099 	-8.27981   	0.118856   
  2.6051  	2.08625    	-0.0164239 	-8.27877   	0.118842   
  2.6052  	2.08623    	-0.0164379 	-8.27773   	0.118829   
  2.6053  	2.08622    	-0.016452  	-8.27668   	0.118815   
  2.6054  	2.0862     	-0.016466  	-8.27564   	0.118801   
  2.6055  	2.08618    	-0.0164801 	-8.2746    	0.118788   
  2.6056  	2.08616    	-0.0164942 	-8.27356   	0.118774   
  2.6057  	2.08615    	-0.0165083 	-8.27252   	0.11876    
  2.6058  	2.08613    	-0.0165225 	-8.27148   	0.118747   
  2.6059  	2.08611    	-0.0165366 	-8.27043   	0.118733   
  2.606   	2.0861     	-0.0165508 	-8.26939   	0.118719   
  2.6061  	2.08608    	-0.016565  	-8.26835   	0.118706   
  2.6062  	2.08606    	-0.0165792 	-8.26731   	0.118692   
  2.6063  	2.08605    	-0.0165934 	-8.26627   	0.118678   
  2.6064  	2.08603    	-0.0166076 	-8.26523   	0.118665   
  2.6065  	2.08601    	-0.0166219 	-8.26419   	0.118651   
  2.6066  	2.086      	-0.0166362 	-8.26315   	0.118637   
  2.6067  	2.08598    	-0.0166505 	-8.26211   	0.118624   
  2.6068  	2.08596    	-0.0166648 	-8.26107   	0.11861    
  2.6069  	2.08594    	-0.0166791 	-8.26003   	0.118596   
  2.607   	2.08593    	-0.0166934 	-8.25899   	0.118583   
  2.6071  	2.08591    	-0.0167078 	-8.25795   	0.118569   
  2.6072  	2.08589    	-0.0167222 	-8.25691   	0.118555   
  2.6073  	2.08588    	-0.0167366 	-8.25587   	0.118542   
  2.6074  	2.08586    	-0.016751  	-8.25483   	0.118528   
  2.6075  	2.08584    	-0.0167654 	-8.25379   	0.118514   
  2.6076  	2.08583    	-0.0167799 	-8.25275   	0.118501   
  2.6077  	2.08581    	-0.0167943 	-8.25171   	0.118487   
  2.6078  	2.08579    	-0.0168088 	-8.25067   	0.118474   
  2.6079  	2.08577    	-0.0168233 	-8.24963   	0.11846    
  2.608   	2.08576    	-0.0168379 	-8.24859   	0.118446   
  2.6081  	2.08574    	-0.0168524 	-8.24755   	0.118433   
  2.6082  	2.08572    	-0.016867  	-8.24651   	0.118419   
  2.6083  	2.08571    	-0.0168815 	-8.24547   	0.118405   
  2.6084  	2.08569    	-0.0168961 	-8.24444   	0.118392   
  2.6085  	2.08567    	-0.0169107 	-8.2434    	0.118378   
  2.6086  	2.08565    	-0.0169254 	-8.24236   	0.118365   
  2.6087  	2.08564    	-0.01694   	-8.24132   	0.118351   
  2.6088  	2.08562    	-0.0169547 	-8.24028   	0.118337   
  2.6089  	2.0856     	-0.0169694 	-8.23924   	0.118324   
  2.609   	2.08559    	-0.0169841 	-8.23821   	0.11831    
  2.6091  	2.08557    	-0.0169988 	-8.23717   	0.118297   
  2.6092  	2.08555    	-0.0170135 	-8.23613   	0.118283   
  2.6093  	2.08553    	-0.0170283 	-8.23509   	0.118269   
  2.6094  	2.08552    	-0.0170431 	-8.23406   	0.118256   
  2.6095  	2.0855     	-0.0170579 	-8.23302   	0.118242   
  2.6096  	2.08548    	-0.0170727 	-8.23198   	0.118229   
  2.6097  	2.08546    	-0.0170875 	-8.23095   	0.118215   
  2.6098  	2.08545    	-0.0171024 	-8.22991   	0.118201   
  2.6099  	2.08543    	-0.0171172 	-8.22887   	0.118188   
  2.61    	2.08541    	-0.0171321 	-8.22784   	0.118174   
  2.6101  	2.0854     	-0.017147  	-8.2268    	0.118161   
  2.6102  	2.08538    	-0.0171619 	-8.22576   	0.118147   
  2.6103  	2.08536    	-0.0171769 	-8.22473   	0.118133   
  2.6104  	2.08534    	-0.0171918 	-8.22369   	0.11812    
  2.6105  	2.08533    	-0.0172068 	-8.22265   	0.118106   
  2.6106  	2.08531    	-0.0172218 	-8.22162   	0.118093   
  2.6107  	2.08529    	-0.0172368 	-8.22058   	0.118079   
  2.6108  	2.08527    	-0.0172519 	-8.21955   	0.118066   
  2.6109  	2.08526    	-0.0172669 	-8.21851   	0.118052   
  2.611   	2.08524    	-0.017282  	-8.21748   	0.118038   
  2.6111  	2.08522    	-0.0172971 	-8.21644   	0.118025   
  2.6112  	2.0852     	-0.0173122 	-8.21541   	0.118011   
  2.6113  	2.08519    	-0.0173273 	-8.21437   	0.117998   
  2.6114  	2.08517    	-0.0173425 	-8.21334   	0.117984   
  2.6115  	2.08515    	-0.0173577 	-8.2123    	0.117971   
  2.6116  	2.08513    	-0.0173728 	-8.21127   	0.117957   
  2.6117  	2.08512    	-0.0173881 	-8.21023   	0.117944   
  2.6118  	2.0851     	-0.0174033 	-8.2092    	0.11793    
  2.6119  	2.08508    	-0.0174185 	-8.20816   	0.117917   
  2.612   	2.08506    	-0.0174338 	-8.20713   	0.117903   
  2.6121  	2.08505    	-0.0174491 	-8.20609   	0.117889   
  2.6122  	2.08503    	-0.0174644 	-8.20506   	0.117876   
  2.6123  	2.08501    	-0.0174797 	-8.20403   	0.117862   
  2.6124  	2.08499    	-0.017495  	-8.20299   	0.117849   
  2.6125  	2.08498    	-0.0175104 	-8.20196   	0.117835   
  2.6126  	2.08496    	-0.0175258 	-8.20093   	0.117822   
  2.6127  	2.08494    	-0.0175412 	-8.19989   	0.117808   
  2.6128  	2.08492    	-0.0175566 	-8.19886   	0.117795   
  2.6129  	2.08491    	-0.017572  	-8.19783   	0.117781   
  2.613   	2.08489    	-0.0175875 	-8.19679   	0.117768   
  2.6131  	2.08487    	-0.017603  	-8.19576   	0.117754   
  2.6132  	2.08485    	-0.0176185 	-8.19473   	0.117741   
  2.6133  	2.08484    	-0.017634  	-8.19369   	0.117727   
  2.6134  	2.08482    	-0.0176495 	-8.19266   	0.117714   
  2.6135  	2.0848     	-0.0176651 	-8.19163   	0.1177     
  2.6136  	2.08478    	-0.0176806 	-8.1906    	0.117687   
  2.6137  	2.08476    	-0.0176962 	-8.18956   	0.117673   
  2.6138  	2.08475    	-0.0177118 	-8.18853   	0.11766    
  2.6139  	2.08473    	-0.0177275 	-8.1875    	0.117646   
  2.614   	2.08471    	-0.0177431 	-8.18647   	0.117633   
  2.6141  	2.08469    	-0.0177588 	-8.18544   	0.117619   
  2.6142  	2.08468    	-0.0177745 	-8.18441   	0.117606   
  2.6143  	2.08466    	-0.0177902 	-8.18337   	0.117592   
  2.6144  	2.08464    	-0.0178059 	-8.18234   	0.117579   
  2.6145  	2.08462    	-0.0178217 	-8.18131   	0.117565   
  2.6146  	2.0846     	-0.0178374 	-8.18028   	0.117552   
  2.6147  	2.08459    	-0.0178532 	-8.17925   	0.117538   
  2.6148  	2.08457    	-0.017869  	-8.17822   	0.117525   
  2.6149  	2.08455    	-0.0178849 	-8.17719   	0.117511   
  2.615   	2.08453    	-0.0179007 	-8.17616   	0.117498   
  2.6151  	2.08452    	-0.0179166 	-8.17513   	0.117484   
  2.6152  	2.0845     	-0.0179325 	-8.1741    	0.117471   
  2.6153  	2.08448    	-0.0179484 	-8.17307   	0.117457   
  2.6154  	2.08446    	-0.0179643 	-8.17204   	0.117444   
  2.6155  	2.08444    	-0.0179803 	-8.17101   	0.11743    
  2.6156  	2.08443    	-0.0179963 	-8.16998   	0.117417   
  2.6157  	2.08441    	-0.0180122 	-8.16895   	0.117403   
  2.6158  	2.08439    	-0.0180283 	-8.16792   	0.11739    
  2.6159  	2.08437    	-0.0180443 	-8.16689   	0.117376   
  2.616   	2.08435    	-0.0180603 	-8.16586   	0.117363   
  2.6161  	2.08434    	-0.0180764 	-8.16483   	0.11735    
  2.6162  	2.08432    	-0.0180925 	-8.1638    	0.117336   
  2.6163  	2.0843     	-0.0181086 	-8.16277   	0.117323   
  2.6164  	2.08428    	-0.0181248 	-8.16174   	0.117309   
  2.6165  	2.08426    	-0.0181409 	-8.16071   	0.117296   
  2.6166  	2.08425    	-0.0181571 	-8.15968   	0.117282   
  2.6167  	2.08423    	-0.0181733 	-8.15865   	0.117269   
  2.6168  	2.08421    	-0.0181895 	-8.15763   	0.117255   
  2.6169  	2.08419    	-0.0182057 	-8.1566    	0.117242   
  2.617   	2.08417    	-0.018222  	-8.15557   	0.117228   
  2.6171  	2.08416    	-0.0182383 	-8.15454   	0.117215   
  2.6172  	2.08414    	-0.0182546 	-8.15351   	0.117202   
  2.6173  	2.08412    	-0.0182709 	-8.15248   	0.117188   
  2.6174  	2.0841     	-0.0182872 	-8.15146   	0.117175   
  2.6175  	2.08408    	-0.0183036 	-8.15043   	0.117161   
  2.6176  	2.08407    	-0.01832   	-8.1494    	0.117148   
  2.6177  	2.08405    	-0.0183364 	-8.14837   	0.117134   
  2.6178  	2.08403    	-0.0183528 	-8.14735   	0.117121   
  2.6179  	2.08401    	-0.0183693 	-8.14632   	0.117108   
  2.618   	2.08399    	-0.0183857 	-8.14529   	0.117094   
  2.6181  	2.08398    	-0.0184022 	-8.14427   	0.117081   
  2.6182  	2.08396    	-0.0184187 	-8.14324   	0.117067   
  2.6183  	2.08394    	-0.0184353 	-8.14221   	0.117054   
  2.6184  	2.08392    	-0.0184518 	-8.14118   	0.117041   
  2.6185  	2.0839     	-0.0184684 	-8.14016   	0.117027   
  2.6186  	2.08388    	-0.018485  	-8.13913   	0.117014   
  2.6187  	2.08387    	-0.0185016 	-8.13811   	0.117      
  2.6188  	2.08385    	-0.0185182 	-8.13708   	0.116987   
  2.6189  	2.08383    	-0.0185349 	-8.13605   	0.116974   
  2.619   	2.08381    	-0.0185516 	-8.13503   	0.11696    
  2.6191  	2.08379    	-0.0185683 	-8.134     	0.116947   
  2.6192  	2.08378    	-0.018585  	-8.13298   	0.116933   
  2.6193  	2.08376    	-0.0186017 	-8.13195   	0.11692    
  2.6194  	2.08374    	-0.0186185 	-8.13092   	0.116907   
  2.6195  	2.08372    	-0.0186353 	-8.1299    	0.116893   
  2.6196  	2.0837     	-0.0186521 	-8.12887   	0.11688    
  2.6197  	2.08368    	-0.0186689 	-8.12785   	0.116866   
  2.6198  	2.08367    	-0.0186858 	-8.12682   	0.116853   
  2.6199  	2.08365    	-0.0187026 	-8.1258    	0.11684    
  2.62    	2.08363    	-0.0187195 	-8.12477   	0.116826   
  2.6201  	2.08361    	-0.0187364 	-8.12375   	0.116813   
  2.6202  	2.08359    	-0.0187534 	-8.12273   	0.1168     
  2.6203  	2.08357    	-0.0187703 	-8.1217    	0.116786   
  2.6204  	2.08356    	-0.0187873 	-8.12068   	0.116773   
  2.6205  	2.08354    	-0.0188043 	-8.11965   	0.116759   
  2.6206  	2.08352    	-0.0188214 	-8.11863   	0.116746   
  2.6207  	2.0835     	-0.0188384 	-8.1176    	0.116733   
  2.6208  	2.08348    	-0.0188555 	-8.11658   	0.116719   
  2.6209  	2.08346    	-0.0188726 	-8.11556   	0.116706   
  2.621   	2.08344    	-0.0188897 	-8.11453   	0.116693   
  2.6211  	2.08343    	-0.0189068 	-8.11351   	0.116679   
  2.6212  	2.08341    	-0.018924  	-8.11249   	0.116666   
  2.6213  	2.08339    	-0.0189411 	-8.11146   	0.116653   
  2.6214  	2.08337    	-0.0189584 	-8.11044   	0.116639   
  2.6215  	2.08335    	-0.0189756 	-8.10942   	0.116626   
  2.6216  	2.08333    	-0.0189928 	-8.10839   	0.116613   
  2.6217  	2.08332    	-0.0190101 	-8.10737   	0.116599   
  2.6218  	2.0833     	-0.0190274 	-8.10635   	0.116586   
  2.6219  	2.08328    	-0.0190447 	-8.10533   	0.116572   
  2.622   	2.08326    	-0.019062  	-8.1043    	0.116559   
  2.6221  	2.08324    	-0.0190794 	-8.10328   	0.116546   
  2.6222  	2.08322    	-0.0190968 	-8.10226   	0.116532   
  2.6223  	2.0832     	-0.0191142 	-8.10124   	0.116519   
  2.6224  	2.08319    	-0.0191316 	-8.10021   	0.116506   
  2.6225  	2.08317    	-0.019149  	-8.09919   	0.116493   
  2.6226  	2.08315    	-0.0191665 	-8.09817   	0.116479   
  2.6227  	2.08313    	-0.019184  	-8.09715   	0.116466   
  2.6228  	2.08311    	-0.0192015 	-8.09613   	0.116453   
  2.6229  	2.08309    	-0.0192191 	-8.09511   	0.116439   
  2.623   	2.08307    	-0.0192366 	-8.09409   	0.116426   
  2.6231  	2.08305    	-0.0192542 	-8.09306   	0.116413   
  2.6232  	2.08304    	-0.0192718 	-8.09204   	0.116399   
  2.6233  	2.08302    	-0.0192895 	-8.09102   	0.116386   
  2.6234  	2.083      	-0.0193071 	-8.09      	0.116373   
  2.6235  	2.08298    	-0.0193248 	-8.08898   	0.116359   
  2.6236  	2.08296    	-0.0193425 	-8.08796   	0.116346   
  2.6237  	2.08294    	-0.0193602 	-8.08694   	0.116333   
  2.6238  	2.08292    	-0.019378  	-8.08592   	0.116319   
  2.6239  	2.0829     	-0.0193957 	-8.0849    	0.116306   
  2.624   	2.08289    	-0.0194135 	-8.08388   	0.116293   
  2.6241  	2.08287    	-0.0194313 	-8.08286   	0.11628    
  2.6242  	2.08285    	-0.0194492 	-8.08184   	0.116266   
  2.6243  	2.08283    	-0.019467  	-8.08082   	0.116253   
  2.6244  	2.08281    	-0.0194849 	-8.0798    	0.11624    
  2.6245  	2.08279    	-0.0195028 	-8.07878   	0.116226   
  2.6246  	2.08277    	-0.0195208 	-8.07776   	0.116213   
  2.6247  	2.08275    	-0.0195387 	-8.07674   	0.1162     
  2.6248  	2.08274    	-0.0195567 	-8.07572   	0.116187   
  2.6249  	2.08272    	-0.0195747 	-8.0747    	0.116173   
  2.625   	2.0827     	-0.0195927 	-8.07368   	0.11616    
  2.6251  	2.08268    	-0.0196108 	-8.07267   	0.116147   
  2.6252  	2.08266    	-0.0196288 	-8.07165   	0.116133   
  2.6253  	2.08264    	-0.0196469 	-8.07063   	0.11612    
  2.6254  	2.08262    	-0.0196651 	-8.06961   	0.116107   
  2.6255  	2.0826     	-0.0196832 	-8.06859   	0.116094   
  2.6256  	2.08258    	-0.0197014 	-8.06757   	0.11608    
  2.6257  	2.08256    	-0.0197196 	-8.06656   	0.116067   
  2.6258  	2.08255    	-0.0197378 	-8.06554   	0.116054   
  2.6259  	2.08253    	-0.019756  	-8.06452   	0.116041   
  2.626   	2.08251    	-0.0197743 	-8.0635    	0.116027   
  2.6261  	2.08249    	-0.0197926 	-8.06248   	0.116014   
  2.6262  	2.08247    	-0.0198109 	-8.06147   	0.116001   
  2.6263  	2.08245    	-0.0198292 	-8.06045   	0.115988   
  2.6264  	2.08243    	-0.0198476 	-8.05943   	0.115974   
  2.6265  	2.08241    	-0.0198659 	-8.05841   	0.115961   
  2.6266  	2.08239    	-0.0198844 	-8.0574    	0.115948   
  2.6267  	2.08237    	-0.0199028 	-8.05638   	0.115935   
  2.6268  	2.08236    	-0.0199212 	-8.05536   	0.115921   
  2.6269  	2.08234    	-0.0199397 	-8.05435   	0.115908   
  2.627   	2.08232    	-0.0199582 	-8.05333   	0.115895   
  2.6271  	2.0823     	-0.0199768 	-8.05231   	0.115882   
  2.6272  	2.08228    	-0.0199953 	-8.0513    	0.115868   
  2.6273  	2.08226    	-0.0200139 	-8.05028   	0.115855   
  2.6274  	2.08224    	-0.0200325 	-8.04927   	0.115842   
  2.6275  	2.08222    	-0.0200511 	-8.04825   	0.115829   
  2.6276  	2.0822     	-0.0200698 	-8.04723   	0.115816   
  2.6277  	2.08218    	-0.0200884 	-8.04622   	0.115802   
  2.6278  	2.08216    	-0.0201071 	-8.0452    	0.115789   
  2.6279  	2.08214    	-0.0201259 	-8.04419   	0.115776   
  2.628   	2.08213    	-0.0201446 	-8.04317   	0.115763   
  2.6281  	2.08211    	-0.0201634 	-8.04216   	0.115749   
  2.6282  	2.08209    	-0.0201822 	-8.04114   	0.115736   
  2.6283  	2.08207    	-0.020201  	-8.04013   	0.115723   
  2.6284  	2.08205    	-0.0202199 	-8.03911   	0.11571    
  2.6285  	2.08203    	-0.0202387 	-8.0381    	0.115697   
  2.6286  	2.08201    	-0.0202576 	-8.03708   	0.115683   
  2.6287  	2.08199    	-0.0202766 	-8.03607   	0.11567    
  2.6288  	2.08197    	-0.0202955 	-8.03505   	0.115657   
  2.6289  	2.08195    	-0.0203145 	-8.03404   	0.115644   
  2.629   	2.08193    	-0.0203335 	-8.03302   	0.115631   
  2.6291  	2.08191    	-0.0203525 	-8.03201   	0.115617   
  2.6292  	2.08189    	-0.0203716 	-8.03099   	0.115604   
  2.6293  	2.08187    	-0.0203906 	-8.02998   	0.115591   
  2.6294  	2.08186    	-0.0204097 	-8.02897   	0.115578   
  2.6295  	2.08184    	-0.0204289 	-8.02795   	0.115565   
  2.6296  	2.08182    	-0.020448  	-8.02694   	0.115552   
  2.6297  	2.0818     	-0.0204672 	-8.02593   	0.115538   
  2.6298  	2.08178    	-0.0204864 	-8.02491   	0.115525   
  2.6299  	2.08176    	-0.0205056 	-8.0239    	0.115512   
  2.63    	2.08174    	-0.0205249 	-8.02289   	0.115499   
  2.6301  	2.08172    	-0.0205442 	-8.02187   	0.115486   
  2.6302  	2.0817     	-0.0205635 	-8.02086   	0.115472   
  2.6303  	2.08168    	-0.0205828 	-8.01985   	0.115459   
  2.6304  	2.08166    	-0.0206021 	-8.01884   	0.115446   
  2.6305  	2.08164    	-0.0206215 	-8.01782   	0.115433   
  2.6306  	2.08162    	-0.0206409 	-8.01681   	0.11542    
  2.6307  	2.0816     	-0.0206604 	-8.0158    	0.115407   
  2.6308  	2.08158    	-0.0206798 	-8.01479   	0.115393   
  2.6309  	2.08156    	-0.0206993 	-8.01377   	0.11538    
  2.631   	2.08154    	-0.0207188 	-8.01276   	0.115367   
  2.6311  	2.08152    	-0.0207384 	-8.01175   	0.115354   
  2.6312  	2.0815     	-0.0207579 	-8.01074   	0.115341   
  2.6313  	2.08149    	-0.0207775 	-8.00973   	0.115328   
  2.6314  	2.08147    	-0.0207971 	-8.00871   	0.115315   
  2.6315  	2.08145    	-0.0208168 	-8.0077    	0.115301   
  2.6316  	2.08143    	-0.0208364 	-8.00669   	0.115288   
  2.6317  	2.08141    	-0.0208561 	-8.00568   	0.115275   
  2.6318  	2.08139    	-0.0208758 	-8.00467   	0.115262   
  2.6319  	2.08137    	-0.0208956 	-8.00366   	0.115249   
  2.632   	2.08135    	-0.0209154 	-8.00265   	0.115236   
  2.6321  	2.08133    	-0.0209352 	-8.00164   	0.115223   
  2.6322  	2.08131    	-0.020955  	-8.00063   	0.115209   
  2.6323  	2.08129    	-0.0209748 	-7.99962   	0.115196   
  2.6324  	2.08127    	-0.0209947 	-7.99861   	0.115183   
  2.6325  	2.08125    	-0.0210146 	-7.9976    	0.11517    
  2.6326  	2.08123    	-0.0210346 	-7.99659   	0.115157   
  2.6327  	2.08121    	-0.0210545 	-7.99558   	0.115144   
  2.6328  	2.08119    	-0.0210745 	-7.99457   	0.115131   
  2.6329  	2.08117    	-0.0210945 	-7.99356   	0.115118   
  2.633   	2.08115    	-0.0211146 	-7.99255   	0.115104   
  2.6331  	2.08113    	-0.0211346 	-7.99154   	0.115091   
  2.6332  	2.08111    	-0.0211547 	-7.99053   	0.115078   
  2.6333  	2.08109    	-0.0211748 	-7.98952   	0.115065   
  2.6334  	2.08107    	-0.021195  	-7.98851   	0.115052   
  2.6335  	2.08105    	-0.0212152 	-7.9875    	0.115039   
  2.6336  	2.08103    	-0.0212354 	-7.98649   	0.115026   
  2.6337  	2.08101    	-0.0212556 	-7.98548   	0.115013   
  2.6338  	2.08099    	-0.0212758 	-7.98447   	0.115      
  2.6339  	2.08097    	-0.0212961 	-7.98346   	0.114987   
  2.634   	2.08095    	-0.0213164 	-7.98246   	0.114973   
  2.6341  	2.08093    	-0.0213368 	-7.98145   	0.11496    
  2.6342  	2.08091    	-0.0213571 	-7.98044   	0.114947   
  2.6343  	2.08089    	-0.0213775 	-7.97943   	0.114934   
  2.6344  	2.08087    	-0.021398  	-7.97842   	0.114921   
  2.6345  	2.08085    	-0.0214184 	-7.97742   	0.114908   
  2.6346  	2.08083    	-0.0214389 	-7.97641   	0.114895   
  2.6347  	2.08081    	-0.0214594 	-7.9754    	0.114882   
  2.6348  	2.08079    	-0.0214799 	-7.97439   	0.114869   
  2.6349  	2.08077    	-0.0215005 	-7.97338   	0.114856   
  2.635   	2.08075    	-0.0215211 	-7.97238   	0.114843   
  2.6351  	2.08073    	-0.0215417 	-7.97137   	0.11483    
  2.6352  	2.08071    	-0.0215623 	-7.97036   	0.114816   
  2.6353  	2.08069    	-0.021583  	-7.96936   	0.114803   
  2.6354  	2.08067    	-0.0216037 	-7.96835   	0.11479    
  2.6355  	2.08065    	-0.0216244 	-7.96734   	0.114777   
  2.6356  	2.08063    	-0.0216452 	-7.96634   	0.114764   
  2.6357  	2.08061    	-0.0216659 	-7.96533   	0.114751   
  2.6358  	2.08059    	-0.0216868 	-7.96432   	0.114738   
  2.6359  	2.08057    	-0.0217076 	-7.96332   	0.114725   
  2.636   	2.08055    	-0.0217285 	-7.96231   	0.114712   
  2.6361  	2.08053    	-0.0217494 	-7.9613    	0.114699   
  2.6362  	2.08051    	-0.0217703 	-7.9603    	0.114686   
  2.6363  	2.08049    	-0.0217912 	-7.95929   	0.114673   
  2.6364  	2.08047    	-0.0218122 	-7.95829   	0.11466    
  2.6365  	2.08045    	-0.0218332 	-7.95728   	0.114647   
  2.6366  	2.08043    	-0.0218543 	-7.95627   	0.114634   
  2.6367  	2.08041    	-0.0218753 	-7.95527   	0.114621   
  2.6368  	2.08039    	-0.0218964 	-7.95426   	0.114608   
  2.6369  	2.08037    	-0.0219175 	-7.95326   	0.114595   
  2.637   	2.08035    	-0.0219387 	-7.95225   	0.114581   
  2.6371  	2.08033    	-0.0219599 	-7.95125   	0.114568   
  2.6372  	2.08031    	-0.0219811 	-7.95024   	0.114555   
  2.6373  	2.08029    	-0.0220023 	-7.94924   	0.114542   
  2.6374  	2.08027    	-0.0220236 	-7.94823   	0.114529   
  2.6375  	2.08025    	-0.0220449 	-7.94723   	0.114516   
  2.6376  	2.08023    	-0.0220662 	-7.94623   	0.114503   
  2.6377  	2.08021    	-0.0220876 	-7.94522   	0.11449    
  2.6378  	2.08019    	-0.0221089 	-7.94422   	0.114477   
  2.6379  	2.08017    	-0.0221303 	-7.94321   	0.114464   
  2.638   	2.08015    	-0.0221518 	-7.94221   	0.114451   
  2.6381  	2.08013    	-0.0221733 	-7.94121   	0.114438   
  2.6382  	2.08011    	-0.0221948 	-7.9402    	0.114425   
  2.6383  	2.08009    	-0.0222163 	-7.9392    	0.114412   
  2.6384  	2.08007    	-0.0222378 	-7.93819   	0.114399   
  2.6385  	2.08005    	-0.0222594 	-7.93719   	0.114386   
  2.6386  	2.08003    	-0.0222811 	-7.93619   	0.114373   
  2.6387  	2.08001    	-0.0223027 	-7.93518   	0.11436    
  2.6388  	2.07999    	-0.0223244 	-7.93418   	0.114347   
  2.6389  	2.07997    	-0.0223461 	-7.93318   	0.114334   
  2.639   	2.07995    	-0.0223678 	-7.93218   	0.114321   
  2.6391  	2.07993    	-0.0223896 	-7.93117   	0.114308   
  2.6392  	2.07991    	-0.0224114 	-7.93017   	0.114295   
  2.6393  	2.07988    	-0.0224332 	-7.92917   	0.114282   
  2.6394  	2.07986    	-0.0224551 	-7.92817   	0.114269   
  2.6395  	2.07984    	-0.0224769 	-7.92716   	0.114256   
  2.6396  	2.07982    	-0.0224989 	-7.92616   	0.114243   
  2.6397  	2.0798     	-0.0225208 	-7.92516   	0.11423    
  2.6398  	2.07978    	-0.0225428 	-7.92416   	0.114217   
  2.6399  	2.07976    	-0.0225648 	-7.92316   	0.114204   
  2.64    	2.07974    	-0.0225868 	-7.92215   	0.114191   
  2.6401  	2.07972    	-0.0226089 	-7.92115   	0.114178   
  2.6402  	2.0797     	-0.022631  	-7.92015   	0.114165   
  2.6403  	2.07968    	-0.0226531 	-7.91915   	0.114152   
  2.6404  	2.07966    	-0.0226753 	-7.91815   	0.114139   
  2.6405  	2.07964    	-0.0226975 	-7.91715   	0.114126   
  2.6406  	2.07962    	-0.0227197 	-7.91615   	0.114114   
  2.6407  	2.0796     	-0.0227419 	-7.91515   	0.114101   
  2.6408  	2.07958    	-0.0227642 	-7.91415   	0.114088   
  2.6409  	2.07956    	-0.0227865 	-7.91314   	0.114075   
  2.641   	2.07954    	-0.0228088 	-7.91214   	0.114062   
  2.6411  	2.07952    	-0.0228312 	-7.91114   	0.114049   
  2.6412  	2.07949    	-0.0228536 	-7.91014   	0.114036   
  2.6413  	2.07947    	-0.0228761 	-7.90914   	0.114023   
  2.6414  	2.07945    	-0.0228985 	-7.90814   	0.11401    
  2.6415  	2.07943    	-0.022921  	-7.90714   	0.113997   
  2.6416  	2.07941    	-0.0229435 	-7.90614   	0.113984   
  2.6417  	2.07939    	-0.0229661 	-7.90514   	0.113971   
  2.6418  	2.07937    	-0.0229887 	-7.90414   	0.113958   
  2.6419  	2.07935    	-0.0230113 	-7.90314   	0.113945   
  2.642   	2.07933    	-0.023034  	-7.90214   	0.113932   
  2.6421  	2.07931    	-0.0230566 	-7.90115   	0.113919   
  2.6422  	2.07929    	-0.0230793 	-7.90015   	0.113906   
  2.6423  	2.07927    	-0.0231021 	-7.89915   	0.113893   
  2.6424  	2.07925    	-0.0231249 	-7.89815   	0.11388    
  2.6425  	2.07923    	-0.0231477 	-7.89715   	0.113868   
  2.6426  	2.0792     	-0.0231705 	-7.89615   	0.113855   
  2.6427  	2.07918    	-0.0231934 	-7.89515   	0.113842   
  2.6428  	2.07916    	-0.0232163 	-7.89415   	0.113829   
  2.6429  	2.07914    	-0.0232392 	-7.89316   	0.113816   
  2.643   	2.07912    	-0.0232622 	-7.89216   	0.113803   
  2.6431  	2.0791     	-0.0232852 	-7.89116   	0.11379    
  2.6432  	2.07908    	-0.0233082 	-7.89016   	0.113777   
  2.6433  	2.07906    	-0.0233313 	-7.88916   	0.113764   
  2.6434  	2.07904    	-0.0233544 	-7.88817   	0.113751   
  2.6435  	2.07902    	-0.0233775 	-7.88717   	0.113738   
  2.6436  	2.079      	-0.0234006 	-7.88617   	0.113725   
  2.6437  	2.07898    	-0.0234238 	-7.88517   	0.113713   
  2.6438  	2.07895    	-0.0234471 	-7.88418   	0.1137     
  2.6439  	2.07893    	-0.0234703 	-7.88318   	0.113687   
  2.644   	2.07891    	-0.0234936 	-7.88218   	0.113674   
  2.6441  	2.07889    	-0.0235169 	-7.88118   	0.113661   
  2.6442  	2.07887    	-0.0235403 	-7.88019   	0.113648   
  2.6443  	2.07885    	-0.0235637 	-7.87919   	0.113635   
  2.6444  	2.07883    	-0.0235871 	-7.87819   	0.113622   
  2.6445  	2.07881    	-0.0236105 	-7.8772    	0.113609   
  2.6446  	2.07879    	-0.023634  	-7.8762    	0.113597   
  2.6447  	2.07877    	-0.0236575 	-7.8752    	0.113584   
  2.6448  	2.07874    	-0.0236811 	-7.87421   	0.113571   
  2.6449  	2.07872    	-0.0237046 	-7.87321   	0.113558   
  2.645   	2.0787     	-0.0237283 	-7.87222   	0.113545   
  2.6451  	2.07868    	-0.0237519 	-7.87122   	0.113532   
  2.6452  	2.07866    	-0.0237756 	-7.87022   	0.113519   
  2.6453  	2.07864    	-0.0237993 	-7.86923   	0.113506   
  2.6454  	2.07862    	-0.023823  	-7.86823   	0.113494   
  2.6455  	2.0786     	-0.0238468 	-7.86724   	0.113481   
  2.6456  	2.07858    	-0.0238706 	-7.86624   	0.113468   
  2.6457  	2.07856    	-0.0238945 	-7.86525   	0.113455   
  2.6458  	2.07853    	-0.0239183 	-7.86425   	0.113442   
  2.6459  	2.07851    	-0.0239423 	-7.86326   	0.113429   
  2.646   	2.07849    	-0.0239662 	-7.86226   	0.113416   
  2.6461  	2.07847    	-0.0239902 	-7.86127   	0.113403   
  2.6462  	2.07845    	-0.0240142 	-7.86027   	0.113391   
  2.6463  	2.07843    	-0.0240382 	-7.85928   	0.113378   
  2.6464  	2.07841    	-0.0240623 	-7.85828   	0.113365   
  2.6465  	2.07839    	-0.0240864 	-7.85729   	0.113352   
  2.6466  	2.07836    	-0.0241106 	-7.8563    	0.113339   
  2.6467  	2.07834    	-0.0241347 	-7.8553    	0.113326   
  2.6468  	2.07832    	-0.024159  	-7.85431   	0.113314   
  2.6469  	2.0783     	-0.0241832 	-7.85331   	0.113301   
  2.647   	2.07828    	-0.0242075 	-7.85232   	0.113288   
  2.6471  	2.07826    	-0.0242318 	-7.85133   	0.113275   
  2.6472  	2.07824    	-0.0242562 	-7.85033   	0.113262   
  2.6473  	2.07822    	-0.0242805 	-7.84934   	0.113249   
  2.6474  	2.07819    	-0.024305  	-7.84835   	0.113236   
  2.6475  	2.07817    	-0.0243294 	-7.84735   	0.113224   
  2.6476  	2.07815    	-0.0243539 	-7.84636   	0.113211   
  2.6477  	2.07813    	-0.0243784 	-7.84537   	0.113198   
  2.6478  	2.07811    	-0.024403  	-7.84437   	0.113185   
  2.6479  	2.07809    	-0.0244276 	-7.84338   	0.113172   
  2.648   	2.07807    	-0.0244522 	-7.84239   	0.11316    
  2.6481  	2.07805    	-0.0244769 	-7.8414    	0.113147   
  2.6482  	2.07802    	-0.0245016 	-7.8404    	0.113134   
  2.6483  	2.078      	-0.0245263 	-7.83941   	0.113121   
  2.6484  	2.07798    	-0.024551  	-7.83842   	0.113108   
  2.6485  	2.07796    	-0.0245758 	-7.83743   	0.113095   
  2.6486  	2.07794    	-0.0246007 	-7.83644   	0.113083   
  2.6487  	2.07792    	-0.0246255 	-7.83544   	0.11307    
  2.6488  	2.0779     	-0.0246505 	-7.83445   	0.113057   
  2.6489  	2.07787    	-0.0246754 	-7.83346   	0.113044   
  2.649   	2.07785    	-0.0247004 	-7.83247   	0.113031   
  2.6491  	2.07783    	-0.0247254 	-7.83148   	0.113019   
  2.6492  	2.07781    	-0.0247504 	-7.83049   	0.113006   
  2.6493  	2.07779    	-0.0247755 	-7.8295    	0.112993   
  2.6494  	2.07777    	-0.0248006 	-7.8285    	0.11298    
  2.6495  	2.07775    	-0.0248258 	-7.82751   	0.112967   
  2.6496  	2.07772    	-0.024851  	-7.82652   	0.112955   
  2.6497  	2.0777     	-0.0248762 	-7.82553   	0.112942   
  2.6498  	2.07768    	-0.0249014 	-7.82454   	0.112929   
  2.6499  	2.07766    	-0.0249267 	-7.82355   	0.112916   
  2.65    	2.07764    	-0.0249521 	-7.82256   	0.112904   
  2.6501  	2.07762    	-0.0249774 	-7.82157   	0.112891   
  2.6502  	2.07759    	-0.0250028 	-7.82058   	0.112878   
  2.6503  	2.07757    	-0.0250283 	-7.81959   	0.112865   
  2.6504  	2.07755    	-0.0250537 	-7.8186    	0.112852   
  2.6505  	2.07753    	-0.0250792 	-7.81761   	0.11284    
  2.6506  	2.07751    	-0.0251048 	-7.81662   	0.112827   
  2.6507  	2.07749    	-0.0251304 	-7.81563   	0.112814   
  2.6508  	2.07747    	-0.025156  	-7.81464   	0.112801   
  2.6509  	2.07744    	-0.0251817 	-7.81365   	0.112789   
  2.651   	2.07742    	-0.0252073 	-7.81266   	0.112776   
  2.6511  	2.0774     	-0.0252331 	-7.81167   	0.112763   
  2.6512  	2.07738    	-0.0252588 	-7.81068   	0.11275    
  2.6513  	2.07736    	-0.0252846 	-7.8097    	0.112738   
  2.6514  	2.07734    	-0.0253105 	-7.80871   	0.112725   
  2.6515  	2.07731    	-0.0253363 	-7.80772   	0.112712   
  2.6516  	2.07729    	-0.0253623 	-7.80673   	0.112699   
  2.6517  	2.07727    	-0.0253882 	-7.80574   	0.112687   
  2.6518  	2.07725    	-0.0254142 	-7.80475   	0.112674   
  2.6519  	2.07723    	-0.0254402 	-7.80376   	0.112661   
  2.652   	2.0772     	-0.0254663 	-7.80278   	0.112648   
  2.6521  	2.07718    	-0.0254924 	-7.80179   	0.112636   
  2.6522  	2.07716    	-0.0255185 	-7.8008    	0.112623   
  2.6523  	2.07714    	-0.0255447 	-7.79981   	0.11261    
  2.6524  	2.07712    	-0.0255709 	-7.79882   	0.112597   
  2.6525  	2.0771     	-0.0255971 	-7.79784   	0.112585   
  2.6526  	2.07707    	-0.0256234 	-7.79685   	0.112572   
  2.6527  	2.07705    	-0.0256497 	-7.79586   	0.112559   
  2.6528  	2.07703    	-0.0256761 	-7.79488   	0.112546   
  2.6529  	2.07701    	-0.0257025 	-7.79389   	0.112534   
  2.653   	2.07699    	-0.0257289 	-7.7929    	0.112521   
  2.6531  	2.07697    	-0.0257554 	-7.79191   	0.112508   
  2.6532  	2.07694    	-0.0257819 	-7.79093   	0.112496   
  2.6533  	2.07692    	-0.0258084 	-7.78994   	0.112483   
  2.6534  	2.0769     	-0.025835  	-7.78895   	0.11247    
  2.6535  	2.07688    	-0.0258617 	-7.78797   	0.112457   
  2.6536  	2.07686    	-0.0258883 	-7.78698   	0.112445   
  2.6537  	2.07683    	-0.025915  	-7.786     	0.112432   
  2.6538  	2.07681    	-0.0259418 	-7.78501   	0.112419   
  2.6539  	2.07679    	-0.0259685 	-7.78402   	0.112407   
  2.654   	2.07677    	-0.0259953 	-7.78304   	0.112394   
  2.6541  	2.07675    	-0.0260222 	-7.78205   	0.112381   
  2.6542  	2.07672    	-0.0260491 	-7.78107   	0.112368   
  2.6543  	2.0767     	-0.026076  	-7.78008   	0.112356   
  2.6544  	2.07668    	-0.026103  	-7.77909   	0.112343   
  2.6545  	2.07666    	-0.02613   	-7.77811   	0.11233    
  2.6546  	2.07664    	-0.026157  	-7.77712   	0.112318   
  2.6547  	2.07661    	-0.0261841 	-7.77614   	0.112305   
  2.6548  	2.07659    	-0.0262112 	-7.77515   	0.112292   
  2.6549  	2.07657    	-0.0262384 	-7.77417   	0.11228    
  2.655   	2.07655    	-0.0262656 	-7.77318   	0.112267   
  2.6551  	2.07653    	-0.0262928 	-7.7722    	0.112254   
  2.6552  	2.0765     	-0.0263201 	-7.77122   	0.112242   
  2.6553  	2.07648    	-0.0263474 	-7.77023   	0.112229   
  2.6554  	2.07646    	-0.0263748 	-7.76925   	0.112216   
  2.6555  	2.07644    	-0.0264022 	-7.76826   	0.112203   
  2.6556  	2.07642    	-0.0264296 	-7.76728   	0.112191   
  2.6557  	2.07639    	-0.0264571 	-7.76629   	0.112178   
  2.6558  	2.07637    	-0.0264846 	-7.76531   	0.112165   
  2.6559  	2.07635    	-0.0265122 	-7.76433   	0.112153   
  2.656   	2.07633    	-0.0265398 	-7.76334   	0.11214    
  2.6561  	2.07631    	-0.0265674 	-7.76236   	0.112127   
  2.6562  	2.07628    	-0.0265951 	-7.76138   	0.112115   
  2.6563  	2.07626    	-0.0266228 	-7.76039   	0.112102   
  2.6564  	2.07624    	-0.0266506 	-7.75941   	0.112089   
  2.6565  	2.07622    	-0.0266784 	-7.75843   	0.112077   
  2.6566  	2.07619    	-0.0267062 	-7.75744   	0.112064   
  2.6567  	2.07617    	-0.0267341 	-7.75646   	0.112052   
  2.6568  	2.07615    	-0.026762  	-7.75548   	0.112039   
  2.6569  	2.07613    	-0.0267899 	-7.75449   	0.112026   
  2.657   	2.07611    	-0.0268179 	-7.75351   	0.112014   
  2.6571  	2.07608    	-0.026846  	-7.75253   	0.112001   
  2.6572  	2.07606    	-0.0268741 	-7.75155   	0.111988   
  2.6573  	2.07604    	-0.0269022 	-7.75057   	0.111976   
  2.6574  	2.07602    	-0.0269303 	-7.74958   	0.111963   
  2.6575  	2.07599    	-0.0269585 	-7.7486    	0.11195    
  2.6576  	2.07597    	-0.0269868 	-7.74762   	0.111938   
  2.6577  	2.07595    	-0.0270151 	-7.74664   	0.111925   
  2.6578  	2.07593    	-0.0270434 	-7.74566   	0.111912   
  2.6579  	2.07591    	-0.0270717 	-7.74467   	0.1119     
  2.658   	2.07588    	-0.0271001 	-7.74369   	0.111887   
  2.6581  	2.07586    	-0.0271286 	-7.74271   	0.111875   
  2.6582  	2.07584    	-0.0271571 	-7.74173   	0.111862   
  2.6583  	2.07582    	-0.0271856 	-7.74075   	0.111849   
  2.6584  	2.07579    	-0.0272142 	-7.73977   	0.111837   
  2.6585  	2.07577    	-0.0272428 	-7.73879   	0.111824   
  2.6586  	2.07575    	-0.0272714 	-7.73781   	0.111811   
  2.6587  	2.07573    	-0.0273001 	-7.73683   	0.111799   
  2.6588  	2.0757     	-0.0273289 	-7.73585   	0.111786   
  2.6589  	2.07568    	-0.0273577 	-7.73486   	0.111774   
  2.659   	2.07566    	-0.0273865 	-7.73388   	0.111761   
  2.6591  	2.07564    	-0.0274153 	-7.7329    	0.111748   
  2.6592  	2.07561    	-0.0274442 	-7.73192   	0.111736   
  2.6593  	2.07559    	-0.0274732 	-7.73094   	0.111723   
  2.6594  	2.07557    	-0.0275022 	-7.72996   	0.111711   
  2.6595  	2.07555    	-0.0275312 	-7.72898   	0.111698   
  2.6596  	2.07553    	-0.0275603 	-7.728     	0.111685   
  2.6597  	2.0755     	-0.0275894 	-7.72702   	0.111673   
  2.6598  	2.07548    	-0.0276185 	-7.72605   	0.11166    
  2.6599  	2.07546    	-0.0276477 	-7.72507   	0.111648   
  2.66    	2.07544    	-0.027677  	-7.72409   	0.111635   
  2.6601  	2.07541    	-0.0277063 	-7.72311   	0.111622   
  2.6602  	2.07539    	-0.0277356 	-7.72213   	0.11161    
  2.6603  	2.07537    	-0.027765  	-7.72115   	0.111597   
  2.6604  	2.07535    	-0.0277944 	-7.72017   	0.111585   
  2.6605  	2.07532    	-0.0278238 	-7.71919   	0.111572   
  2.6606  	2.0753     	-0.0278533 	-7.71821   	0.11156    
  2.6607  	2.07528    	-0.0278829 	-7.71724   	0.111547   
  2.6608  	2.07526    	-0.0279125 	-7.71626   	0.111534   
  2.6609  	2.07523    	-0.0279421 	-7.71528   	0.111522   
  2.661   	2.07521    	-0.0279718 	-7.7143    	0.111509   
  2.6611  	2.07519    	-0.0280015 	-7.71332   	0.111497   
  2.6612  	2.07516    	-0.0280312 	-7.71234   	0.111484   
  2.6613  	2.07514    	-0.028061  	-7.71137   	0.111472   
  2.6614  	2.07512    	-0.0280909 	-7.71039   	0.111459   
  2.6615  	2.0751     	-0.0281208 	-7.70941   	0.111446   
  2.6616  	2.07507    	-0.0281507 	-7.70843   	0.111434   
  2.6617  	2.07505    	-0.0281807 	-7.70746   	0.111421   
  2.6618  	2.07503    	-0.0282107 	-7.70648   	0.111409   
  2.6619  	2.07501    	-0.0282408 	-7.7055    	0.111396   
  2.662   	2.07498    	-0.0282709 	-7.70453   	0.111384   
  2.6621  	2.07496    	-0.028301  	-7.70355   	0.111371   
  2.6622  	2.07494    	-0.0283312 	-7.70257   	0.111359   
  2.6623  	2.07492    	-0.0283615 	-7.70159   	0.111346   
  2.6624  	2.07489    	-0.0283918 	-7.70062   	0.111333   
  2.6625  	2.07487    	-0.0284221 	-7.69964   	0.111321   
  2.6626  	2.07485    	-0.0284525 	-7.69867   	0.111308   
  2.6627  	2.07483    	-0.0284829 	-7.69769   	0.111296   
  2.6628  	2.0748     	-0.0285134 	-7.69671   	0.111283   
  2.6629  	2.07478    	-0.0285439 	-7.69574   	0.111271   
  2.663   	2.07476    	-0.0285744 	-7.69476   	0.111258   
  2.6631  	2.07473    	-0.028605  	-7.69379   	0.111246   
  2.6632  	2.07471    	-0.0286357 	-7.69281   	0.111233   
  2.6633  	2.07469    	-0.0286664 	-7.69183   	0.111221   
  2.6634  	2.07467    	-0.0286971 	-7.69086   	0.111208   
  2.6635  	2.07464    	-0.0287279 	-7.68988   	0.111196   
  2.6636  	2.07462    	-0.0287587 	-7.68891   	0.111183   
  2.6637  	2.0746     	-0.0287896 	-7.68793   	0.111171   
  2.6638  	2.07457    	-0.0288205 	-7.68696   	0.111158   
  2.6639  	2.07455    	-0.0288515 	-7.68598   	0.111145   
  2.664   	2.07453    	-0.0288825 	-7.68501   	0.111133   
  2.6641  	2.07451    	-0.0289135 	-7.68403   	0.11112    
  2.6642  	2.07448    	-0.0289446 	-7.68306   	0.111108   
  2.6643  	2.07446    	-0.0289758 	-7.68208   	0.111095   
  2.6644  	2.07444    	-0.029007  	-7.68111   	0.111083   
  2.6645  	2.07442    	-0.0290382 	-7.68014   	0.11107    
  2.6646  	2.07439    	-0.0290695 	-7.67916   	0.111058   
  2.6647  	2.07437    	-0.0291008 	-7.67819   	0.111045   
  2.6648  	2.07435    	-0.0291322 	-7.67721   	0.111033   
  2.6649  	2.07432    	-0.0291636 	-7.67624   	0.11102    
  2.665   	2.0743     	-0.0291951 	-7.67527   	0.111008   
  2.6651  	2.07428    	-0.0292266 	-7.67429   	0.110995   
  2.6652  	2.07426    	-0.0292582 	-7.67332   	0.110983   
  2.6653  	2.07423    	-0.0292898 	-7.67234   	0.11097    
  2.6654  	2.07421    	-0.0293214 	-7.67137   	0.110958   
  2.6655  	2.07419    	-0.0293531 	-7.6704    	0.110945   
  2.6656  	2.07416    	-0.0293849 	-7.66943   	0.110933   
  2.6657  	2.07414    	-0.0294167 	-7.66845   	0.11092    
  2.6658  	2.07412    	-0.0294485 	-7.66748   	0.110908   
  2.6659  	2.07409    	-0.0294804 	-7.66651   	0.110896   
  2.666   	2.07407    	-0.0295123 	-7.66553   	0.110883   
  2.6661  	2.07405    	-0.0295443 	-7.66456   	0.110871   
  2.6662  	2.07403    	-0.0295764 	-7.66359   	0.110858   
  2.6663  	2.074      	-0.0296084 	-7.66262   	0.110846   
  2.6664  	2.07398    	-0.0296406 	-7.66164   	0.110833   
  2.6665  	2.07396    	-0.0296727 	-7.66067   	0.110821   
  2.6666  	2.07393    	-0.029705  	-7.6597    	0.110808   
  2.6667  	2.07391    	-0.0297372 	-7.65873   	0.110796   
  2.6668  	2.07389    	-0.0297696 	-7.65776   	0.110783   
  2.6669  	2.07386    	-0.0298019 	-7.65679   	0.110771   
  2.667   	2.07384    	-0.0298343 	-7.65581   	0.110758   
  2.6671  	2.07382    	-0.0298668 	-7.65484   	0.110746   
  2.6672  	2.0738     	-0.0298993 	-7.65387   	0.110733   
  2.6673  	2.07377    	-0.0299319 	-7.6529    	0.110721   
  2.6674  	2.07375    	-0.0299645 	-7.65193   	0.110709   
  2.6675  	2.07373    	-0.0299971 	-7.65096   	0.110696   
  2.6676  	2.0737     	-0.0300298 	-7.64999   	0.110684   
  2.6677  	2.07368    	-0.0300626 	-7.64902   	0.110671   
  2.6678  	2.07366    	-0.0300954 	-7.64805   	0.110659   
  2.6679  	2.07363    	-0.0301283 	-7.64707   	0.110646   
  2.668   	2.07361    	-0.0301612 	-7.6461    	0.110634   
  2.6681  	2.07359    	-0.0301941 	-7.64513   	0.110621   
  2.6682  	2.07357    	-0.0302271 	-7.64416   	0.110609   
  2.6683  	2.07354    	-0.0302602 	-7.64319   	0.110597   
  2.6684  	2.07352    	-0.0302933 	-7.64222   	0.110584   
  2.6685  	2.0735     	-0.0303264 	-7.64125   	0.110572   
  2.6686  	2.07347    	-0.0303596 	-7.64028   	0.110559   
  2.6687  	2.07345    	-0.0303928 	-7.63931   	0.110547   
  2.6688  	2.07343    	-0.0304261 	-7.63834   	0.110534   
  2.6689  	2.0734     	-0.0304595 	-7.63738   	0.110522   
  2.669   	2.07338    	-0.0304929 	-7.63641   	0.11051    
  2.6691  	2.07336    	-0.0305263 	-7.63544   	0.110497   
  2.6692  	2.07333    	-0.0305598 	-7.63447   	0.110485   
  2.6693  	2.07331    	-0.0305934 	-7.6335    	0.110472   
  2.6694  	2.07329    	-0.030627  	-7.63253   	0.11046    
  2.6695  	2.07326    	-0.0306606 	-7.63156   	0.110447   
  2.6696  	2.07324    	-0.0306943 	-7.63059   	0.110435   
  2.6697  	2.07322    	-0.0307281 	-7.62962   	0.110423   
  2.6698  	2.07319    	-0.0307619 	-7.62865   	0.11041    
  2.6699  	2.07317    	-0.0307957 	-7.62769   	0.110398   
  2.67    	2.07315    	-0.0308296 	-7.62672   	0.110385   
  2.6701  	2.07313    	-0.0308636 	-7.62575   	0.110373   
  2.6702  	2.0731     	-0.0308976 	-7.62478   	0.110361   
  2.6703  	2.07308    	-0.0309316 	-7.62381   	0.110348   
  2.6704  	2.07306    	-0.0309657 	-7.62285   	0.110336   
  2.6705  	2.07303    	-0.0309999 	-7.62188   	0.110323   
  2.6706  	2.07301    	-0.0310341 	-7.62091   	0.110311   
  2.6707  	2.07299    	-0.0310683 	-7.61994   	0.110299   
  2.6708  	2.07296    	-0.0311026 	-7.61898   	0.110286   
  2.6709  	2.07294    	-0.031137  	-7.61801   	0.110274   
  2.671   	2.07292    	-0.0311714 	-7.61704   	0.110262   
  2.6711  	2.07289    	-0.0312059 	-7.61607   	0.110249   
  2.6712  	2.07287    	-0.0312404 	-7.61511   	0.110237   
  2.6713  	2.07285    	-0.0312749 	-7.61414   	0.110224   
  2.6714  	2.07282    	-0.0313096 	-7.61317   	0.110212   
  2.6715  	2.0728     	-0.0313442 	-7.61221   	0.1102     
  2.6716  	2.07278    	-0.031379  	-7.61124   	0.110187   
  2.6717  	2.07275    	-0.0314137 	-7.61027   	0.110175   
  2.6718  	2.07273    	-0.0314486 	-7.60931   	0.110163   
  2.6719  	2.07271    	-0.0314834 	-7.60834   	0.11015    
  2.672   	2.07268    	-0.0315184 	-7.60738   	0.110138   
  2.6721  	2.07266    	-0.0315534 	-7.60641   	0.110125   
  2.6722  	2.07264    	-0.0315884 	-7.60544   	0.110113   
  2.6723  	2.07261    	-0.0316235 	-7.60448   	0.110101   
  2.6724  	2.07259    	-0.0316586 	-7.60351   	0.110088   
  2.6725  	2.07257    	-0.0316938 	-7.60255   	0.110076   
  2.6726  	2.07254    	-0.0317291 	-7.60158   	0.110064   
  2.6727  	2.07252    	-0.0317644 	-7.60062   	0.110051   
  2.6728  	2.0725     	-0.0317997 	-7.59965   	0.110039   
  2.6729  	2.07247    	-0.0318351 	-7.59869   	0.110027   
  2.673   	2.07245    	-0.0318706 	-7.59772   	0.110014   
  2.6731  	2.07243    	-0.0319061 	-7.59676   	0.110002   
  2.6732  	2.0724     	-0.0319417 	-7.59579   	0.10999    
  2.6733  	2.07238    	-0.0319773 	-7.59483   	0.109977   
  2.6734  	2.07236    	-0.032013  	-7.59386   	0.109965   
  2.6735  	2.07233    	-0.0320487 	-7.5929    	0.109953   
  2.6736  	2.07231    	-0.0320845 	-7.59193   	0.10994    
  2.6737  	2.07229    	-0.0321203 	-7.59097   	0.109928   
  2.6738  	2.07226    	-0.0321562 	-7.59      	0.109916   
  2.6739  	2.07224    	-0.0321922 	-7.58904   	0.109903   
  2.674   	2.07222    	-0.0322282 	-7.58808   	0.109891   
  2.6741  	2.07219    	-0.0322642 	-7.58711   	0.109879   
  2.6742  	2.07217    	-0.0323004 	-7.58615   	0.109866   
  2.6743  	2.07215    	-0.0323365 	-7.58518   	0.109854   
  2.6744  	2.07212    	-0.0323727 	-7.58422   	0.109842   
  2.6745  	2.0721     	-0.032409  	-7.58326   	0.109829   
  2.6746  	2.07207    	-0.0324453 	-7.58229   	0.109817   
  2.6747  	2.07205    	-0.0324817 	-7.58133   	0.109805   
  2.6748  	2.07203    	-0.0325182 	-7.58037   	0.109792   
  2.6749  	2.072      	-0.0325547 	-7.57941   	0.10978    
  2.675   	2.07198    	-0.0325912 	-7.57844   	0.109768   
  2.6751  	2.07196    	-0.0326278 	-7.57748   	0.109755   
  2.6752  	2.07193    	-0.0326645 	-7.57652   	0.109743   
  2.6753  	2.07191    	-0.0327012 	-7.57555   	0.109731   
  2.6754  	2.07189    	-0.032738  	-7.57459   	0.109718   
  2.6755  	2.07186    	-0.0327748 	-7.57363   	0.109706   
  2.6756  	2.07184    	-0.0328117 	-7.57267   	0.109694   
  2.6757  	2.07182    	-0.0328486 	-7.57171   	0.109682   
  2.6758  	2.07179    	-0.0328856 	-7.57074   	0.109669   
  2.6759  	2.07177    	-0.0329227 	-7.56978   	0.109657   
  2.676   	2.07175    	-0.0329598 	-7.56882   	0.109645   
  2.6761  	2.07172    	-0.032997  	-7.56786   	0.109632   
  2.6762  	2.0717     	-0.0330342 	-7.5669    	0.10962    
  2.6763  	2.07168    	-0.0330715 	-7.56594   	0.109608   
  2.6764  	2.07165    	-0.0331088 	-7.56497   	0.109596   
  2.6765  	2.07163    	-0.0331462 	-7.56401   	0.109583   
  2.6766  	2.07161    	-0.0331836 	-7.56305   	0.109571   
  2.6767  	2.07158    	-0.0332212 	-7.56209   	0.109559   
  2.6768  	2.07156    	-0.0332587 	-7.56113   	0.109546   
  2.6769  	2.07153    	-0.0332963 	-7.56017   	0.109534   
  2.677   	2.07151    	-0.033334  	-7.55921   	0.109522   
  2.6771  	2.07149    	-0.0333718 	-7.55825   	0.10951    
  2.6772  	2.07146    	-0.0334095 	-7.55729   	0.109497   
  2.6773  	2.07144    	-0.0334474 	-7.55633   	0.109485   
  2.6774  	2.07142    	-0.0334853 	-7.55537   	0.109473   
  2.6775  	2.07139    	-0.0335233 	-7.55441   	0.10946    
  2.6776  	2.07137    	-0.0335613 	-7.55345   	0.109448   
  2.6777  	2.07135    	-0.0335994 	-7.55249   	0.109436   
  2.6778  	2.07132    	-0.0336375 	-7.55153   	0.109424   
  2.6779  	2.0713     	-0.0336757 	-7.55057   	0.109411   
  2.678   	2.07128    	-0.033714  	-7.54961   	0.109399   
  2.6781  	2.07125    	-0.0337523 	-7.54865   	0.109387   
  2.6782  	2.07123    	-0.0337907 	-7.54769   	0.109375   
  2.6783  	2.07121    	-0.0338291 	-7.54673   	0.109362   
  2.6784  	2.07118    	-0.0338676 	-7.54577   	0.10935    
  2.6785  	2.07116    	-0.0339061 	-7.54481   	0.109338   
  2.6786  	2.07113    	-0.0339448 	-7.54385   	0.109326   
  2.6787  	2.07111    	-0.0339834 	-7.54289   	0.109313   
  2.6788  	2.07109    	-0.0340222 	-7.54193   	0.109301   
  2.6789  	2.07106    	-0.0340609 	-7.54098   	0.109289   
  2.679   	2.07104    	-0.0340998 	-7.54002   	0.109277   
  2.6791  	2.07102    	-0.0341387 	-7.53906   	0.109265   
  2.6792  	2.07099    	-0.0341777 	-7.5381    	0.109252   
  2.6793  	2.07097    	-0.0342167 	-7.53714   	0.10924    
  2.6794  	2.07095    	-0.0342558 	-7.53618   	0.109228   
  2.6795  	2.07092    	-0.0342949 	-7.53523   	0.109216   
  2.6796  	2.0709     	-0.0343341 	-7.53427   	0.109203   
  2.6797  	2.07087    	-0.0343734 	-7.53331   	0.109191   
  2.6798  	2.07085    	-0.0344127 	-7.53235   	0.109179   
  2.6799  	2.07083    	-0.0344521 	-7.53139   	0.109167   
  2.68    	2.0708     	-0.0344915 	-7.53044   	0.109154   
  2.6801  	2.07078    	-0.034531  	-7.52948   	0.109142   
  2.6802  	2.07076    	-0.0345706 	-7.52852   	0.10913    
  2.6803  	2.07073    	-0.0346102 	-7.52757   	0.109118   
  2.6804  	2.07071    	-0.0346499 	-7.52661   	0.109106   
  2.6805  	2.07069    	-0.0346897 	-7.52565   	0.109093   
  2.6806  	2.07066    	-0.0347295 	-7.52469   	0.109081   
  2.6807  	2.07064    	-0.0347694 	-7.52374   	0.109069   
  2.6808  	2.07062    	-0.0348093 	-7.52278   	0.109057   
  2.6809  	2.07059    	-0.0348493 	-7.52182   	0.109045   
  2.681   	2.07057    	-0.0348893 	-7.52087   	0.109032   
  2.6811  	2.07054    	-0.0349295 	-7.51991   	0.10902    
  2.6812  	2.07052    	-0.0349696 	-7.51896   	0.109008   
  2.6813  	2.0705     	-0.0350099 	-7.518     	0.108996   
  2.6814  	2.07047    	-0.0350502 	-7.51704   	0.108984   
  2.6815  	2.07045    	-0.0350905 	-7.51609   	0.108971   
  2.6816  	2.07043    	-0.035131  	-7.51513   	0.108959   
  2.6817  	2.0704     	-0.0351715 	-7.51418   	0.108947   
  2.6818  	2.07038    	-0.035212  	-7.51322   	0.108935   
  2.6819  	2.07036    	-0.0352526 	-7.51227   	0.108923   
  2.682   	2.07033    	-0.0352933 	-7.51131   	0.10891    
  2.6821  	2.07031    	-0.035334  	-7.51035   	0.108898   
  2.6822  	2.07028    	-0.0353748 	-7.5094    	0.108886   
  2.6823  	2.07026    	-0.0354157 	-7.50844   	0.108874   
  2.6824  	2.07024    	-0.0354566 	-7.50749   	0.108862   
  2.6825  	2.07021    	-0.0354976 	-7.50653   	0.10885    
  2.6826  	2.07019    	-0.0355387 	-7.50558   	0.108837   
  2.6827  	2.07017    	-0.0355798 	-7.50463   	0.108825   
  2.6828  	2.07014    	-0.035621  	-7.50367   	0.108813   
  2.6829  	2.07012    	-0.0356622 	-7.50272   	0.108801   
  2.683   	2.0701     	-0.0357035 	-7.50176   	0.108789   
  2.6831  	2.07007    	-0.0357449 	-7.50081   	0.108777   
  2.6832  	2.07005    	-0.0357863 	-7.49985   	0.108764   
  2.6833  	2.07003    	-0.0358278 	-7.4989    	0.108752   
  2.6834  	2.07       	-0.0358694 	-7.49795   	0.10874    
  2.6835  	2.06998    	-0.035911  	-7.49699   	0.108728   
  2.6836  	2.06995    	-0.0359527 	-7.49604   	0.108716   
  2.6837  	2.06993    	-0.0359945 	-7.49509   	0.108704   
  2.6838  	2.06991    	-0.0360363 	-7.49413   	0.108691   
  2.6839  	2.06988    	-0.0360782 	-7.49318   	0.108679   
  2.684   	2.06986    	-0.0361201 	-7.49223   	0.108667   
  2.6841  	2.06984    	-0.0361621 	-7.49127   	0.108655   
  2.6842  	2.06981    	-0.0362042 	-7.49032   	0.108643   
  2.6843  	2.06979    	-0.0362464 	-7.48937   	0.108631   
  2.6844  	2.06977    	-0.0362886 	-7.48841   	0.108619   
  2.6845  	2.06974    	-0.0363308 	-7.48746   	0.108606   
  2.6846  	2.06972    	-0.0363732 	-7.48651   	0.108594   
  2.6847  	2.06969    	-0.0364156 	-7.48556   	0.108582   
  2.6848  	2.06967    	-0.0364581 	-7.4846    	0.10857    
  2.6849  	2.06965    	-0.0365006 	-7.48365   	0.108558   
  2.685   	2.06962    	-0.0365432 	-7.4827    	0.108546   
  2.6851  	2.0696     	-0.0365859 	-7.48175   	0.108534   
  2.6852  	2.06958    	-0.0366286 	-7.4808    	0.108522   
  2.6853  	2.06955    	-0.0366714 	-7.47984   	0.108509   
  2.6854  	2.06953    	-0.0367143 	-7.47889   	0.108497   
  2.6855  	2.06951    	-0.0367572 	-7.47794   	0.108485   
  2.6856  	2.06948    	-0.0368002 	-7.47699   	0.108473   
  2.6857  	2.06946    	-0.0368433 	-7.47604   	0.108461   
  2.6858  	2.06944    	-0.0368864 	-7.47509   	0.108449   
  2.6859  	2.06941    	-0.0369296 	-7.47413   	0.108437   
  2.686   	2.06939    	-0.0369729 	-7.47318   	0.108425   
  2.6861  	2.06936    	-0.0370162 	-7.47223   	0.108413   
  2.6862  	2.06934    	-0.0370596 	-7.47128   	0.1084     
  2.6863  	2.06932    	-0.0371031 	-7.47033   	0.108388   
  2.6864  	2.06929    	-0.0371466 	-7.46938   	0.108376   
  2.6865  	2.06927    	-0.0371902 	-7.46843   	0.108364   
  2.6866  	2.06925    	-0.0372339 	-7.46748   	0.108352   
  2.6867  	2.06922    	-0.0372776 	-7.46653   	0.10834    
  2.6868  	2.0692     	-0.0373214 	-7.46558   	0.108328   
  2.6869  	2.06918    	-0.0373653 	-7.46463   	0.108316   
  2.687   	2.06915    	-0.0374093 	-7.46368   	0.108304   
  2.6871  	2.06913    	-0.0374533 	-7.46273   	0.108292   
  2.6872  	2.06911    	-0.0374973 	-7.46178   	0.108279   
  2.6873  	2.06908    	-0.0375415 	-7.46083   	0.108267   
  2.6874  	2.06906    	-0.0375857 	-7.45988   	0.108255   
  2.6875  	2.06904    	-0.03763   	-7.45893   	0.108243   
  2.6876  	2.06901    	-0.0376744 	-7.45798   	0.108231   
  2.6877  	2.06899    	-0.0377188 	-7.45703   	0.108219   
  2.6878  	2.06896    	-0.0377633 	-7.45608   	0.108207   
  2.6879  	2.06894    	-0.0378078 	-7.45513   	0.108195   
  2.688   	2.06892    	-0.0378525 	-7.45418   	0.108183   
  2.6881  	2.06889    	-0.0378972 	-7.45324   	0.108171   
  2.6882  	2.06887    	-0.0379419 	-7.45229   	0.108159   
  2.6883  	2.06885    	-0.0379868 	-7.45134   	0.108147   
  2.6884  	2.06882    	-0.0380317 	-7.45039   	0.108135   
  2.6885  	2.0688     	-0.0380767 	-7.44944   	0.108122   
  2.6886  	2.06878    	-0.0381217 	-7.44849   	0.10811    
  2.6887  	2.06875    	-0.0381668 	-7.44754   	0.108098   
  2.6888  	2.06873    	-0.038212  	-7.4466    	0.108086   
  2.6889  	2.06871    	-0.0382573 	-7.44565   	0.108074   
  2.689   	2.06868    	-0.0383026 	-7.4447    	0.108062   
  2.6891  	2.06866    	-0.038348  	-7.44375   	0.10805    
  2.6892  	2.06864    	-0.0383935 	-7.44281   	0.108038   
  2.6893  	2.06861    	-0.0384391 	-7.44186   	0.108026   
  2.6894  	2.06859    	-0.0384847 	-7.44091   	0.108014   
  2.6895  	2.06857    	-0.0385304 	-7.43996   	0.108002   
  2.6896  	2.06854    	-0.0385761 	-7.43902   	0.10799    
  2.6897  	2.06852    	-0.0386219 	-7.43807   	0.107978   
  2.6898  	2.0685     	-0.0386678 	-7.43712   	0.107966   
  2.6899  	2.06847    	-0.0387138 	-7.43617   	0.107954   
  2.69    	2.06845    	-0.0387599 	-7.43523   	0.107942   
  2.6901  	2.06843    	-0.038806  	-7.43428   	0.10793    
  2.6902  	2.0684     	-0.0388522 	-7.43333   	0.107918   
  2.6903  	2.06838    	-0.0388984 	-7.43239   	0.107906   
  2.6904  	2.06836    	-0.0389448 	-7.43144   	0.107894   
  2.6905  	2.06833    	-0.0389912 	-7.43049   	0.107882   
  2.6906  	2.06831    	-0.0390376 	-7.42955   	0.10787    
  2.6907  	2.06829    	-0.0390842 	-7.4286    	0.107857   
  2.6908  	2.06826    	-0.0391308 	-7.42766   	0.107845   
  2.6909  	2.06824    	-0.0391775 	-7.42671   	0.107833   
  2.691   	2.06822    	-0.0392243 	-7.42576   	0.107821   
  2.6911  	2.06819    	-0.0392711 	-7.42482   	0.107809   
  2.6912  	2.06817    	-0.039318  	-7.42387   	0.107797   
  2.6913  	2.06815    	-0.039365  	-7.42293   	0.107785   
  2.6914  	2.06812    	-0.0394121 	-7.42198   	0.107773   
  2.6915  	2.0681     	-0.0394592 	-7.42104   	0.107761   
  2.6916  	2.06808    	-0.0395064 	-7.42009   	0.107749   
  2.6917  	2.06805    	-0.0395537 	-7.41915   	0.107737   
  2.6918  	2.06803    	-0.0396011 	-7.4182    	0.107725   
  2.6919  	2.06801    	-0.0396485 	-7.41726   	0.107713   
  2.692   	2.06798    	-0.039696  	-7.41631   	0.107701   
  2.6921  	2.06796    	-0.0397436 	-7.41537   	0.107689   
  2.6922  	2.06794    	-0.0397912 	-7.41442   	0.107677   
  2.6923  	2.06791    	-0.0398389 	-7.41348   	0.107665   
  2.6924  	2.06789    	-0.0398867 	-7.41253   	0.107653   
  2.6925  	2.06787    	-0.0399346 	-7.41159   	0.107641   
  2.6926  	2.06784    	-0.0399826 	-7.41065   	0.107629   
  2.6927  	2.06782    	-0.0400306 	-7.4097    	0.107617   
  2.6928  	2.0678     	-0.0400787 	-7.40876   	0.107605   
  2.6929  	2.06777    	-0.0401269 	-7.40781   	0.107593   
  2.693   	2.06775    	-0.0401751 	-7.40687   	0.107581   
  2.6931  	2.06773    	-0.0402235 	-7.40593   	0.107569   
  2.6932  	2.0677     	-0.0402719 	-7.40498   	0.107557   
  2.6933  	2.06768    	-0.0403204 	-7.40404   	0.107545   
  2.6934  	2.06766    	-0.0403689 	-7.4031    	0.107533   
  2.6935  	2.06763    	-0.0404175 	-7.40215   	0.107521   
  2.6936  	2.06761    	-0.0404662 	-7.40121   	0.10751    
  2.6937  	2.06759    	-0.040515  	-7.40027   	0.107498   
  2.6938  	2.06756    	-0.0405639 	-7.39933   	0.107486   
  2.6939  	2.06754    	-0.0406128 	-7.39838   	0.107474   
  2.694   	2.06752    	-0.0406618 	-7.39744   	0.107462   
  2.6941  	2.0675     	-0.0407109 	-7.3965    	0.10745    
  2.6942  	2.06747    	-0.0407601 	-7.39556   	0.107438   
  2.6943  	2.06745    	-0.0408094 	-7.39461   	0.107426   
  2.6944  	2.06743    	-0.0408587 	-7.39367   	0.107414   
  2.6945  	2.0674     	-0.0409081 	-7.39273   	0.107402   
  2.6946  	2.06738    	-0.0409576 	-7.39179   	0.10739    
  2.6947  	2.06736    	-0.0410071 	-7.39084   	0.107378   
  2.6948  	2.06733    	-0.0410567 	-7.3899    	0.107366   
  2.6949  	2.06731    	-0.0411065 	-7.38896   	0.107354   
  2.695   	2.06729    	-0.0411562 	-7.38802   	0.107342   
  2.6951  	2.06727    	-0.0412061 	-7.38708   	0.10733    
  2.6952  	2.06724    	-0.0412561 	-7.38614   	0.107318   
  2.6953  	2.06722    	-0.0413061 	-7.3852    	0.107306   
  2.6954  	2.0672     	-0.0413562 	-7.38425   	0.107294   
  2.6955  	2.06717    	-0.0414064 	-7.38331   	0.107282   
  2.6956  	2.06715    	-0.0414566 	-7.38237   	0.10727    
  2.6957  	2.06713    	-0.041507  	-7.38143   	0.107258   
  2.6958  	2.0671     	-0.0415574 	-7.38049   	0.107247   
  2.6959  	2.06708    	-0.0416079 	-7.37955   	0.107235   
  2.696   	2.06706    	-0.0416585 	-7.37861   	0.107223   
  2.6961  	2.06704    	-0.0417091 	-7.37767   	0.107211   
  2.6962  	2.06701    	-0.0417598 	-7.37673   	0.107199   
  2.6963  	2.06699    	-0.0418107 	-7.37579   	0.107187   
  2.6964  	2.06697    	-0.0418616 	-7.37485   	0.107175   
  2.6965  	2.06694    	-0.0419125 	-7.37391   	0.107163   
  2.6966  	2.06692    	-0.0419636 	-7.37297   	0.107151   
  2.6967  	2.0669     	-0.0420147 	-7.37203   	0.107139   
  2.6968  	2.06688    	-0.0420659 	-7.37109   	0.107127   
  2.6969  	2.06685    	-0.0421172 	-7.37015   	0.107115   
  2.697   	2.06683    	-0.0421686 	-7.36921   	0.107103   
  2.6971  	2.06681    	-0.0422201 	-7.36827   	0.107092   
  2.6972  	2.06679    	-0.0422716 	-7.36733   	0.10708    
  2.6973  	2.06676    	-0.0423232 	-7.36639   	0.107068   
  2.6974  	2.06674    	-0.0423749 	-7.36545   	0.107056   
  2.6975  	2.06672    	-0.0424267 	-7.36451   	0.107044   
  2.6976  	2.06669    	-0.0424786 	-7.36358   	0.107032   
  2.6977  	2.06667    	-0.0425305 	-7.36264   	0.10702    
  2.6978  	2.06665    	-0.0425825 	-7.3617    	0.107008   
  2.6979  	2.06663    	-0.0426346 	-7.36076   	0.106996   
  2.698   	2.0666     	-0.0426868 	-7.35982   	0.106984   
  2.6981  	2.06658    	-0.0427391 	-7.35888   	0.106973   
  2.6982  	2.06656    	-0.0427915 	-7.35794   	0.106961   
  2.6983  	2.06654    	-0.0428439 	-7.35701   	0.106949   
  2.6984  	2.06651    	-0.0428964 	-7.35607   	0.106937   
  2.6985  	2.06649    	-0.042949  	-7.35513   	0.106925   
  2.6986  	2.06647    	-0.0430017 	-7.35419   	0.106913   
  2.6987  	2.06645    	-0.0430545 	-7.35325   	0.106901   
  2.6988  	2.06642    	-0.0431073 	-7.35232   	0.106889   
  2.6989  	2.0664     	-0.0431603 	-7.35138   	0.106877   
  2.699   	2.06638    	-0.0432133 	-7.35044   	0.106866   
  2.6991  	2.06636    	-0.0432664 	-7.3495    	0.106854   
  2.6992  	2.06633    	-0.0433196 	-7.34857   	0.106842   
  2.6993  	2.06631    	-0.0433728 	-7.34763   	0.10683    
  2.6994  	2.06629    	-0.0434262 	-7.34669   	0.106818   
  2.6995  	2.06627    	-0.0434796 	-7.34576   	0.106806   
  2.6996  	2.06624    	-0.0435331 	-7.34482   	0.106794   
  2.6997  	2.06622    	-0.0435867 	-7.34388   	0.106782   
  2.6998  	2.0662     	-0.0436404 	-7.34295   	0.106771   
  2.6999  	2.06618    	-0.0436942 	-7.34201   	0.106759   
  2.7     	2.06615    	-0.043748  	-7.34107   	0.106747   
  2.7001  	2.06613    	-0.043802  	-7.34014   	0.106735   
  2.7002  	2.06611    	-0.043856  	-7.3392    	0.106723   
  2.7003  	2.06609    	-0.0439101 	-7.33827   	0.106711   
  2.7004  	2.06607    	-0.0439643 	-7.33733   	0.106699   
  2.7005  	2.06604    	-0.0440186 	-7.33639   	0.106688   
  2.7006  	2.06602    	-0.044073  	-7.33546   	0.106676   
  2.7007  	2.066      	-0.0441274 	-7.33452   	0.106664   
  2.7008  	2.06598    	-0.044182  	-7.33359   	0.106652   
  2.7009  	2.06595    	-0.0442366 	-7.33265   	0.10664    
  2.701   	2.06593    	-0.0442913 	-7.33172   	0.106628   
  2.7011  	2.06591    	-0.0443461 	-7.33078   	0.106616   
  2.7012  	2.06589    	-0.044401  	-7.32985   	0.106605   
  2.7013  	2.06587    	-0.044456  	-7.32891   	0.106593   
  2.7014  	2.06584    	-0.044511  	-7.32798   	0.106581   
  2.7015  	2.06582    	-0.0445662 	-7.32704   	0.106569   
  2.7016  	2.0658     	-0.0446214 	-7.32611   	0.106557   
  2.7017  	2.06578    	-0.0446767 	-7.32517   	0.106545   
  2.7018  	2.06576    	-0.0447321 	-7.32424   	0.106534   
  2.7019  	2.06573    	-0.0447876 	-7.3233    	0.106522   
  2.702   	2.06571    	-0.0448432 	-7.32237   	0.10651    
  2.7021  	2.06569    	-0.0448988 	-7.32143   	0.106498   
  2.7022  	2.06567    	-0.0449546 	-7.3205    	0.106486   
  2.7023  	2.06565    	-0.0450104 	-7.31957   	0.106475   
  2.7024  	2.06562    	-0.0450664 	-7.31863   	0.106463   
  2.7025  	2.0656     	-0.0451224 	-7.3177    	0.106451   
  2.7026  	2.06558    	-0.0451785 	-7.31676   	0.106439   
  2.7027  	2.06556    	-0.0452347 	-7.31583   	0.106427   
  2.7028  	2.06554    	-0.045291  	-7.3149    	0.106415   
  2.7029  	2.06552    	-0.0453473 	-7.31396   	0.106404   
  2.703   	2.06549    	-0.0454038 	-7.31303   	0.106392   
  2.7031  	2.06547    	-0.0454603 	-7.3121    	0.10638    
  2.7032  	2.06545    	-0.045517  	-7.31117   	0.106368   
  2.7033  	2.06543    	-0.0455737 	-7.31023   	0.106356   
  2.7034  	2.06541    	-0.0456305 	-7.3093    	0.106345   
  2.7035  	2.06539    	-0.0456874 	-7.30837   	0.106333   
  2.7036  	2.06536    	-0.0457444 	-7.30743   	0.106321   
  2.7037  	2.06534    	-0.0458015 	-7.3065    	0.106309   
  2.7038  	2.06532    	-0.0458587 	-7.30557   	0.106297   
  2.7039  	2.0653     	-0.0459159 	-7.30464   	0.106286   
  2.704   	2.06528    	-0.0459733 	-7.3037    	0.106274   
  2.7041  	2.06526    	-0.0460307 	-7.30277   	0.106262   
  2.7042  	2.06523    	-0.0460883 	-7.30184   	0.10625    
  2.7043  	2.06521    	-0.0461459 	-7.30091   	0.106238   
  2.7044  	2.06519    	-0.0462036 	-7.29998   	0.106227   
  2.7045  	2.06517    	-0.0462614 	-7.29905   	0.106215   
  2.7046  	2.06515    	-0.0463193 	-7.29811   	0.106203   
  2.7047  	2.06513    	-0.0463773 	-7.29718   	0.106191   
  2.7048  	2.06511    	-0.0464354 	-7.29625   	0.10618    
  2.7049  	2.06508    	-0.0464936 	-7.29532   	0.106168   
  2.705   	2.06506    	-0.0465518 	-7.29439   	0.106156   
  2.7051  	2.06504    	-0.0466102 	-7.29346   	0.106144   
  2.7052  	2.06502    	-0.0466686 	-7.29253   	0.106132   
  2.7053  	2.065      	-0.0467272 	-7.2916    	0.106121   
  2.7054  	2.06498    	-0.0467858 	-7.29066   	0.106109   
  2.7055  	2.06496    	-0.0468445 	-7.28973   	0.106097   
  2.7056  	2.06494    	-0.0469034 	-7.2888    	0.106085   
  2.7057  	2.06492    	-0.0469623 	-7.28787   	0.106074   
  2.7058  	2.06489    	-0.0470213 	-7.28694   	0.106062   
  2.7059  	2.06487    	-0.0470804 	-7.28601   	0.10605    
  2.706   	2.06485    	-0.0471395 	-7.28508   	0.106038   
  2.7061  	2.06483    	-0.0471988 	-7.28415   	0.106027   
  2.7062  	2.06481    	-0.0472582 	-7.28322   	0.106015   
  2.7063  	2.06479    	-0.0473177 	-7.28229   	0.106003   
  2.7064  	2.06477    	-0.0473772 	-7.28136   	0.105991   
  2.7065  	2.06475    	-0.0474369 	-7.28043   	0.10598    
  2.7066  	2.06473    	-0.0474966 	-7.2795    	0.105968   
  2.7067  	2.06471    	-0.0475565 	-7.27857   	0.105956   
  2.7068  	2.06468    	-0.0476164 	-7.27764   	0.105944   
  2.7069  	2.06466    	-0.0476764 	-7.27672   	0.105933   
  2.707   	2.06464    	-0.0477366 	-7.27579   	0.105921   
  2.7071  	2.06462    	-0.0477968 	-7.27486   	0.105909   
  2.7072  	2.0646     	-0.0478571 	-7.27393   	0.105897   
  2.7073  	2.06458    	-0.0479175 	-7.273     	0.105886   
  2.7074  	2.06456    	-0.047978  	-7.27207   	0.105874   
  2.7075  	2.06454    	-0.0480386 	-7.27114   	0.105862   
  2.7076  	2.06452    	-0.0480993 	-7.27021   	0.105851   
  2.7077  	2.0645     	-0.0481601 	-7.26929   	0.105839   
  2.7078  	2.06448    	-0.048221  	-7.26836   	0.105827   
  2.7079  	2.06446    	-0.0482819 	-7.26743   	0.105815   
  2.708   	2.06444    	-0.048343  	-7.2665    	0.105804   
  2.7081  	2.06442    	-0.0484042 	-7.26557   	0.105792   
  2.7082  	2.0644     	-0.0484655 	-7.26464   	0.10578    
  2.7083  	2.06438    	-0.0485268 	-7.26372   	0.105768   
  2.7084  	2.06436    	-0.0485883 	-7.26279   	0.105757   
  2.7085  	2.06434    	-0.0486498 	-7.26186   	0.105745   
  2.7086  	2.06432    	-0.0487115 	-7.26093   	0.105733   
  2.7087  	2.06429    	-0.0487732 	-7.26001   	0.105722   
  2.7088  	2.06427    	-0.0488351 	-7.25908   	0.10571    
  2.7089  	2.06425    	-0.048897  	-7.25815   	0.105698   
  2.709   	2.06423    	-0.0489591 	-7.25723   	0.105687   
  2.7091  	2.06421    	-0.0490212 	-7.2563    	0.105675   
  2.7092  	2.06419    	-0.0490835 	-7.25537   	0.105663   
  2.7093  	2.06417    	-0.0491458 	-7.25444   	0.105651   
  2.7094  	2.06415    	-0.0492082 	-7.25352   	0.10564    
  2.7095  	2.06413    	-0.0492707 	-7.25259   	0.105628   
  2.7096  	2.06411    	-0.0493334 	-7.25167   	0.105616   
  2.7097  	2.06409    	-0.0493961 	-7.25074   	0.105605   
  2.7098  	2.06407    	-0.0494589 	-7.24981   	0.105593   
  2.7099  	2.06405    	-0.0495218 	-7.24889   	0.105581   
  2.71    	2.06403    	-0.0495849 	-7.24796   	0.10557    
  2.7101  	2.06401    	-0.049648  	-7.24703   	0.105558   
  2.7102  	2.06399    	-0.0497112 	-7.24611   	0.105546   
  2.7103  	2.06397    	-0.0497745 	-7.24518   	0.105535   
  2.7104  	2.06396    	-0.0498379 	-7.24426   	0.105523   
  2.7105  	2.06394    	-0.0499014 	-7.24333   	0.105511   
  2.7106  	2.06392    	-0.0499651 	-7.24241   	0.105499   
  2.7107  	2.0639     	-0.0500288 	-7.24148   	0.105488   
  2.7108  	2.06388    	-0.0500926 	-7.24056   	0.105476   
  2.7109  	2.06386    	-0.0501565 	-7.23963   	0.105464   
  2.711   	2.06384    	-0.0502205 	-7.23871   	0.105453   
  2.7111  	2.06382    	-0.0502846 	-7.23778   	0.105441   
  2.7112  	2.0638     	-0.0503489 	-7.23686   	0.105429   
  2.7113  	2.06378    	-0.0504132 	-7.23593   	0.105418   
  2.7114  	2.06376    	-0.0504776 	-7.23501   	0.105406   
  2.7115  	2.06374    	-0.0505421 	-7.23408   	0.105394   
  2.7116  	2.06372    	-0.0506067 	-7.23316   	0.105383   
  2.7117  	2.0637     	-0.0506714 	-7.23223   	0.105371   
  2.7118  	2.06368    	-0.0507363 	-7.23131   	0.105359   
  2.7119  	2.06366    	-0.0508012 	-7.23039   	0.105348   
  2.712   	2.06364    	-0.0508662 	-7.22946   	0.105336   
  2.7121  	2.06363    	-0.0509313 	-7.22854   	0.105325   
  2.7122  	2.06361    	-0.0509965 	-7.22761   	0.105313   
  2.7123  	2.06359    	-0.0510619 	-7.22669   	0.105301   
  2.7124  	2.06357    	-0.0511273 	-7.22577   	0.10529    
  2.7125  	2.06355    	-0.0511928 	-7.22484   	0.105278   
  2.7126  	2.06353    	-0.0512585 	-7.22392   	0.105266   
  2.7127  	2.06351    	-0.0513242 	-7.223     	0.105255   
  2.7128  	2.06349    	-0.05139   	-7.22207   	0.105243   
  2.7129  	2.06347    	-0.051456  	-7.22115   	0.105231   
  2.713   	2.06346    	-0.051522  	-7.22023   	0.10522    
  2.7131  	2.06344    	-0.0515882 	-7.2193    	0.105208   
  2.7132  	2.06342    	-0.0516544 	-7.21838   	0.105196   
  2.7133  	2.0634     	-0.0517208 	-7.21746   	0.105185   
  2.7134  	2.06338    	-0.0517872 	-7.21654   	0.105173   
  2.7135  	2.06336    	-0.0518538 	-7.21561   	0.105162   
  2.7136  	2.06334    	-0.0519205 	-7.21469   	0.10515    
  2.7137  	2.06333    	-0.0519872 	-7.21377   	0.105138   
  2.7138  	2.06331    	-0.0520541 	-7.21285   	0.105127   
  2.7139  	2.06329    	-0.0521211 	-7.21193   	0.105115   
  2.714   	2.06327    	-0.0521881 	-7.211     	0.105103   
  2.7141  	2.06325    	-0.0522553 	-7.21008   	0.105092   
  2.7142  	2.06323    	-0.0523226 	-7.20916   	0.10508    
  2.7143  	2.06322    	-0.05239   	-7.20824   	0.105069   
  2.7144  	2.0632     	-0.0524575 	-7.20732   	0.105057   
  2.7145  	2.06318    	-0.0525251 	-7.20639   	0.105045   
  2.7146  	2.06316    	-0.0525928 	-7.20547   	0.105034   
  2.7147  	2.06314    	-0.0526606 	-7.20455   	0.105022   
  2.7148  	2.06313    	-0.0527286 	-7.20363   	0.105011   
  2.7149  	2.06311    	-0.0527966 	-7.20271   	0.104999   
  2.715   	2.06309    	-0.0528647 	-7.20179   	0.104987   
  2.7151  	2.06307    	-0.0529329 	-7.20087   	0.104976   
  2.7152  	2.06305    	-0.0530013 	-7.19995   	0.104964   
  2.7153  	2.06304    	-0.0530697 	-7.19903   	0.104953   
  2.7154  	2.06302    	-0.0531383 	-7.19811   	0.104941   
  2.7155  	2.063      	-0.0532069 	-7.19719   	0.104929   
  2.7156  	2.06298    	-0.0532757 	-7.19627   	0.104918   
  2.7157  	2.06297    	-0.0533446 	-7.19535   	0.104906   
  2.7158  	2.06295    	-0.0534136 	-7.19443   	0.104895   
  2.7159  	2.06293    	-0.0534826 	-7.19351   	0.104883   
  2.716   	2.06291    	-0.0535518 	-7.19259   	0.104871   
  2.7161  	2.0629     	-0.0536211 	-7.19167   	0.10486    
  2.7162  	2.06288    	-0.0536905 	-7.19075   	0.104848   
  2.7163  	2.06286    	-0.0537601 	-7.18983   	0.104837   
  2.7164  	2.06284    	-0.0538297 	-7.18891   	0.104825   
  2.7165  	2.06283    	-0.0538994 	-7.18799   	0.104814   
  2.7166  	2.06281    	-0.0539692 	-7.18707   	0.104802   
  2.7167  	2.06279    	-0.0540392 	-7.18615   	0.10479    
  2.7168  	2.06278    	-0.0541092 	-7.18523   	0.104779   
  2.7169  	2.06276    	-0.0541794 	-7.18431   	0.104767   
  2.717   	2.06274    	-0.0542497 	-7.18339   	0.104756   
  2.7171  	2.06272    	-0.0543201 	-7.18247   	0.104744   
  2.7172  	2.06271    	-0.0543905 	-7.18155   	0.104733   
  2.7173  	2.06269    	-0.0544611 	-7.18064   	0.104721   
  2.7174  	2.06267    	-0.0545318 	-7.17972   	0.104709   
  2.7175  	2.06266    	-0.0546027 	-7.1788    	0.104698   
  2.7176  	2.06264    	-0.0546736 	-7.17788   	0.104686   
  2.7177  	2.06262    	-0.0547446 	-7.17696   	0.104675   
  2.7178  	2.06261    	-0.0548157 	-7.17604   	0.104663   
  2.7179  	2.06259    	-0.054887  	-7.17513   	0.104652   
  2.718   	2.06257    	-0.0549584 	-7.17421   	0.10464    
  2.7181  	2.06256    	-0.0550298 	-7.17329   	0.104629   
  2.7182  	2.06254    	-0.0551014 	-7.17237   	0.104617   
  2.7183  	2.06253    	-0.0551731 	-7.17146   	0.104606   
  2.7184  	2.06251    	-0.0552449 	-7.17054   	0.104594   
  2.7185  	2.06249    	-0.0553168 	-7.16962   	0.104582   
  2.7186  	2.06248    	-0.0553888 	-7.1687    	0.104571   
  2.7187  	2.06246    	-0.055461  	-7.16779   	0.104559   
  2.7188  	2.06244    	-0.0555332 	-7.16687   	0.104548   
  2.7189  	2.06243    	-0.0556056 	-7.16595   	0.104536   
  2.719   	2.06241    	-0.055678  	-7.16504   	0.104525   
  2.7191  	2.0624     	-0.0557506 	-7.16412   	0.104513   
  2.7192  	2.06238    	-0.0558233 	-7.1632    	0.104502   
  2.7193  	2.06237    	-0.0558961 	-7.16229   	0.10449    
  2.7194  	2.06235    	-0.055969  	-7.16137   	0.104479   
  2.7195  	2.06233    	-0.056042  	-7.16045   	0.104467   
  2.7196  	2.06232    	-0.0561151 	-7.15954   	0.104456   
  2.7197  	2.0623     	-0.0561884 	-7.15862   	0.104444   
  2.7198  	2.06229    	-0.0562617 	-7.1577    	0.104433   
  2.7199  	2.06227    	-0.0563352 	-7.15679   	0.104421   
  2.72    	2.06226    	-0.0564088 	-7.15587   	0.10441    
  2.7201  	2.06224    	-0.0564825 	-7.15496   	0.104398   
  2.7202  	2.06223    	-0.0565563 	-7.15404   	0.104386   
  2.7203  	2.06221    	-0.0566302 	-7.15313   	0.104375   
  2.7204  	2.0622     	-0.0567042 	-7.15221   	0.104363   
  2.7205  	2.06218    	-0.0567784 	-7.15129   	0.104352   
  2.7206  	2.06217    	-0.0568526 	-7.15038   	0.10434    
  2.7207  	2.06215    	-0.056927  	-7.14946   	0.104329   
  2.7208  	2.06214    	-0.0570015 	-7.14855   	0.104317   
  2.7209  	2.06212    	-0.0570761 	-7.14763   	0.104306   
  2.721   	2.06211    	-0.0571508 	-7.14672   	0.104294   
  2.7211  	2.06209    	-0.0572256 	-7.1458    	0.104283   
  2.7212  	2.06208    	-0.0573006 	-7.14489   	0.104271   
  2.7213  	2.06206    	-0.0573756 	-7.14398   	0.10426    
  2.7214  	2.06205    	-0.0574508 	-7.14306   	0.104248   
  2.7215  	2.06203    	-0.0575261 	-7.14215   	0.104237   
  2.7216  	2.06202    	-0.0576015 	-7.14123   	0.104225   
  2.7217  	2.06201    	-0.057677  	-7.14032   	0.104214   
  2.7218  	2.06199    	-0.0577526 	-7.1394    	0.104203   
  2.7219  	2.06198    	-0.0578283 	-7.13849   	0.104191   
  2.722   	2.06196    	-0.0579042 	-7.13758   	0.10418    
  2.7221  	2.06195    	-0.0579801 	-7.13666   	0.104168   
  2.7222  	2.06193    	-0.0580562 	-7.13575   	0.104157   
  2.7223  	2.06192    	-0.0581324 	-7.13484   	0.104145   
  2.7224  	2.06191    	-0.0582087 	-7.13392   	0.104134   
  2.7225  	2.06189    	-0.0582852 	-7.13301   	0.104122   
  2.7226  	2.06188    	-0.0583617 	-7.1321    	0.104111   
  2.7227  	2.06187    	-0.0584384 	-7.13118   	0.104099   
  2.7228  	2.06185    	-0.0585151 	-7.13027   	0.104088   
  2.7229  	2.06184    	-0.058592  	-7.12936   	0.104076   
  2.723   	2.06183    	-0.058669  	-7.12844   	0.104065   
  2.7231  	2.06181    	-0.0587462 	-7.12753   	0.104053   
  2.7232  	2.0618     	-0.0588234 	-7.12662   	0.104042   
  2.7233  	2.06179    	-0.0589008 	-7.12571   	0.10403    
  2.7234  	2.06177    	-0.0589782 	-7.12479   	0.104019   
  2.7235  	2.06176    	-0.0590558 	-7.12388   	0.104008   
  2.7236  	2.06175    	-0.0591335 	-7.12297   	0.103996   
  2.7237  	2.06173    	-0.0592113 	-7.12206   	0.103985   
  2.7238  	2.06172    	-0.0592893 	-7.12114   	0.103973   
  2.7239  	2.06171    	-0.0593673 	-7.12023   	0.103962   
  2.724   	2.06169    	-0.0594455 	-7.11932   	0.10395    
  2.7241  	2.06168    	-0.0595238 	-7.11841   	0.103939   
  2.7242  	2.06167    	-0.0596022 	-7.1175    	0.103927   
  2.7243  	2.06166    	-0.0596807 	-7.11659   	0.103916   
  2.7244  	2.06164    	-0.0597594 	-7.11567   	0.103904   
  2.7245  	2.06163    	-0.0598381 	-7.11476   	0.103893   
  2.7246  	2.06162    	-0.059917  	-7.11385   	0.103882   
  2.7247  	2.06161    	-0.059996  	-7.11294   	0.10387    
  2.7248  	2.06159    	-0.0600751 	-7.11203   	0.103859   
  2.7249  	2.06158    	-0.0601543 	-7.11112   	0.103847   
  2.725   	2.06157    	-0.0602337 	-7.11021   	0.103836   
  2.7251  	2.06156    	-0.0603132 	-7.1093    	0.103824   
  2.7252  	2.06155    	-0.0603927 	-7.10839   	0.103813   
  2.7253  	2.06153    	-0.0604724 	-7.10748   	0.103802   
  2.7254  	2.06152    	-0.0605523 	-7.10657   	0.10379    
  2.7255  	2.06151    	-0.0606322 	-7.10566   	0.103779   
  2.7256  	2.0615     	-0.0607123 	-7.10474   	0.103767   
  2.7257  	2.06149    	-0.0607925 	-7.10383   	0.103756   
  2.7258  	2.06148    	-0.0608728 	-7.10292   	0.103744   
  2.7259  	2.06147    	-0.0609532 	-7.10201   	0.103733   
  2.726   	2.06145    	-0.0610337 	-7.1011    	0.103722   
  2.7261  	2.06144    	-0.0611144 	-7.1002    	0.10371    
  2.7262  	2.06143    	-0.0611951 	-7.09929   	0.103699   
  2.7263  	2.06142    	-0.061276  	-7.09838   	0.103687   
  2.7264  	2.06141    	-0.061357  	-7.09747   	0.103676   
  2.7265  	2.0614     	-0.0614382 	-7.09656   	0.103665   
  2.7266  	2.06139    	-0.0615194 	-7.09565   	0.103653   
  2.7267  	2.06138    	-0.0616008 	-7.09474   	0.103642   
  2.7268  	2.06137    	-0.0616823 	-7.09383   	0.10363    
  2.7269  	2.06136    	-0.0617639 	-7.09292   	0.103619   
  2.727   	2.06135    	-0.0618457 	-7.09201   	0.103608   
  2.7271  	2.06134    	-0.0619275 	-7.0911    	0.103596   
  2.7272  	2.06132    	-0.0620095 	-7.09019   	0.103585   
  2.7273  	2.06131    	-0.0620916 	-7.08929   	0.103573   
  2.7274  	2.0613     	-0.0621738 	-7.08838   	0.103562   
  2.7275  	2.06129    	-0.0622561 	-7.08747   	0.103551   
  2.7276  	2.06128    	-0.0623386 	-7.08656   	0.103539   
  2.7277  	2.06127    	-0.0624212 	-7.08565   	0.103528   
  2.7278  	2.06126    	-0.0625039 	-7.08475   	0.103516   
  2.7279  	2.06125    	-0.0625867 	-7.08384   	0.103505   
  2.728   	2.06125    	-0.0626696 	-7.08293   	0.103494   
  2.7281  	2.06124    	-0.0627527 	-7.08202   	0.103482   
  2.7282  	2.06123    	-0.0628359 	-7.08111   	0.103471   
  2.7283  	2.06122    	-0.0629192 	-7.08021   	0.10346    
  2.7284  	2.06121    	-0.0630026 	-7.0793    	0.103448   
  2.7285  	2.0612     	-0.0630862 	-7.07839   	0.103437   
  2.7286  	2.06119    	-0.0631699 	-7.07748   	0.103425   
  2.7287  	2.06118    	-0.0632536 	-7.07658   	0.103414   
  2.7288  	2.06117    	-0.0633376 	-7.07567   	0.103403   
  2.7289  	2.06116    	-0.0634216 	-7.07476   	0.103391   
  2.729   	2.06115    	-0.0635058 	-7.07386   	0.10338    
  2.7291  	2.06114    	-0.06359   	-7.07295   	0.103369   
  2.7292  	2.06114    	-0.0636744 	-7.07204   	0.103357   
  2.7293  	2.06113    	-0.063759  	-7.07114   	0.103346   
  2.7294  	2.06112    	-0.0638436 	-7.07023   	0.103335   
  2.7295  	2.06111    	-0.0639284 	-7.06932   	0.103323   
  2.7296  	2.0611     	-0.0640133 	-7.06842   	0.103312   
  2.7297  	2.06109    	-0.0640983 	-7.06751   	0.1033     
  2.7298  	2.06109    	-0.0641834 	-7.06661   	0.103289   
  2.7299  	2.06108    	-0.0642687 	-7.0657    	0.103278   
  2.73    	2.06107    	-0.0643541 	-7.06479   	0.103266   
  2.7301  	2.06106    	-0.0644396 	-7.06389   	0.103255   
  2.7302  	2.06105    	-0.0645252 	-7.06298   	0.103244   
  2.7303  	2.06105    	-0.064611  	-7.06208   	0.103232   
  2.7304  	2.06104    	-0.0646969 	-7.06117   	0.103221   
  2.7305  	2.06103    	-0.0647829 	-7.06027   	0.10321    
  2.7306  	2.06102    	-0.064869  	-7.05936   	0.103198   
  2.7307  	2.06102    	-0.0649552 	-7.05846   	0.103187   
  2.7308  	2.06101    	-0.0650416 	-7.05755   	0.103176   
  2.7309  	2.061      	-0.0651281 	-7.05665   	0.103164   
  2.731   	2.061      	-0.0652147 	-7.05574   	0.103153   
  2.7311  	2.06099    	-0.0653015 	-7.05484   	0.103142   
  2.7312  	2.06098    	-0.0653883 	-7.05393   	0.10313    
  2.7313  	2.06098    	-0.0654753 	-7.05303   	0.103119   
  2.7314  	2.06097    	-0.0655624 	-7.05212   	0.103108   
  2.7315  	2.06096    	-0.0656497 	-7.05122   	0.103096   
  2.7316  	2.06096    	-0.065737  	-7.05031   	0.103085   
  2.7317  	2.06095    	-0.0658245 	-7.04941   	0.103074   
  2.7318  	2.06094    	-0.0659121 	-7.04851   	0.103062   
  2.7319  	2.06094    	-0.0659998 	-7.0476    	0.103051   
  2.732   	2.06093    	-0.0660877 	-7.0467    	0.10304    
  2.7321  	2.06093    	-0.0661757 	-7.04579   	0.103028   
  2.7322  	2.06092    	-0.0662638 	-7.04489   	0.103017   
  2.7323  	2.06092    	-0.066352  	-7.04399   	0.103006   
  2.7324  	2.06091    	-0.0664404 	-7.04308   	0.102995   
  2.7325  	2.0609     	-0.0665289 	-7.04218   	0.102983   
  2.7326  	2.0609     	-0.0666175 	-7.04128   	0.102972   
  2.7327  	2.06089    	-0.0667062 	-7.04037   	0.102961   
  2.7328  	2.06089    	-0.066795  	-7.03947   	0.102949   
  2.7329  	2.06088    	-0.066884  	-7.03857   	0.102938   
  2.733   	2.06088    	-0.0669731 	-7.03767   	0.102927   
  2.7331  	2.06087    	-0.0670624 	-7.03676   	0.102915   
  2.7332  	2.06087    	-0.0671517 	-7.03586   	0.102904   
  2.7333  	2.06086    	-0.0672412 	-7.03496   	0.102893   
  2.7334  	2.06086    	-0.0673308 	-7.03405   	0.102882   
  2.7335  	2.06086    	-0.0674205 	-7.03315   	0.10287    
  2.7336  	2.06085    	-0.0675104 	-7.03225   	0.102859   
  2.7337  	2.06085    	-0.0676003 	-7.03135   	0.102848   
  2.7338  	2.06084    	-0.0676904 	-7.03045   	0.102836   
  2.7339  	2.06084    	-0.0677807 	-7.02954   	0.102825   
  2.734   	2.06084    	-0.067871  	-7.02864   	0.102814   
  2.7341  	2.06083    	-0.0679615 	-7.02774   	0.102803   
  2.7342  	2.06083    	-0.0680521 	-7.02684   	0.102791   
  2.7343  	2.06082    	-0.0681428 	-7.02594   	0.10278    
  2.7344  	2.06082    	-0.0682337 	-7.02504   	0.102769   
  2.7345  	2.06082    	-0.0683247 	-7.02413   	0.102757   
  2.7346  	2.06082    	-0.0684158 	-7.02323   	0.102746   
  2.7347  	2.06081    	-0.068507  	-7.02233   	0.102735   
  2.7348  	2.06081    	-0.0685984 	-7.02143   	0.102724   
  2.7349  	2.06081    	-0.0686898 	-7.02053   	0.102712   
  2.735   	2.0608     	-0.0687815 	-7.01963   	0.102701   
  2.7351  	2.0608     	-0.0688732 	-7.01873   	0.10269    
  2.7352  	2.0608     	-0.068965  	-7.01783   	0.102679   
  2.7353  	2.0608     	-0.069057  	-7.01693   	0.102667   
  2.7354  	2.06079    	-0.0691491 	-7.01603   	0.102656   
  2.7355  	2.06079    	-0.0692414 	-7.01513   	0.102645   
  2.7356  	2.06079    	-0.0693337 	-7.01423   	0.102634   
  2.7357  	2.06079    	-0.0694262 	-7.01333   	0.102622   
  2.7358  	2.06079    	-0.0695188 	-7.01243   	0.102611   
  2.7359  	2.06078    	-0.0696116 	-7.01153   	0.1026     
  2.736   	2.06078    	-0.0697044 	-7.01063   	0.102589   
  2.7361  	2.06078    	-0.0697974 	-7.00973   	0.102577   
  2.7362  	2.06078    	-0.0698906 	-7.00883   	0.102566   
  2.7363  	2.06078    	-0.0699838 	-7.00793   	0.102555   
  2.7364  	2.06078    	-0.0700772 	-7.00703   	0.102544   
  2.7365  	2.06078    	-0.0701707 	-7.00613   	0.102532   
  2.7366  	2.06078    	-0.0702643 	-7.00523   	0.102521   
  2.7367  	2.06078    	-0.070358  	-7.00433   	0.10251    
  2.7368  	2.06077    	-0.0704519 	-7.00343   	0.102499   
  2.7369  	2.06077    	-0.0705459 	-7.00253   	0.102487   
  2.737   	2.06077    	-0.07064   	-7.00163   	0.102476   
  2.7371  	2.06077    	-0.0707343 	-7.00073   	0.102465   
  2.7372  	2.06077    	-0.0708286 	-6.99983   	0.102454   
  2.7373  	2.06077    	-0.0709231 	-6.99894   	0.102442   
  2.7374  	2.06077    	-0.0710178 	-6.99804   	0.102431   
  2.7375  	2.06077    	-0.0711125 	-6.99714   	0.10242    
  2.7376  	2.06078    	-0.0712074 	-6.99624   	0.102409   
  2.7377  	2.06078    	-0.0713024 	-6.99534   	0.102398   
  2.7378  	2.06078    	-0.0713975 	-6.99444   	0.102386   
  2.7379  	2.06078    	-0.0714928 	-6.99355   	0.102375   
  2.738   	2.06078    	-0.0715882 	-6.99265   	0.102364   
  2.7381  	2.06078    	-0.0716837 	-6.99175   	0.102353   
  2.7382  	2.06078    	-0.0717793 	-6.99085   	0.102341   
  2.7383  	2.06078    	-0.0718751 	-6.98996   	0.10233    
  2.7384  	2.06078    	-0.071971  	-6.98906   	0.102319   
  2.7385  	2.06078    	-0.072067  	-6.98816   	0.102308   
  2.7386  	2.06079    	-0.0721631 	-6.98726   	0.102297   
  2.7387  	2.06079    	-0.0722594 	-6.98637   	0.102285   
  2.7388  	2.06079    	-0.0723558 	-6.98547   	0.102274   
  2.7389  	2.06079    	-0.0724523 	-6.98457   	0.102263   
  2.739   	2.06079    	-0.0725489 	-6.98367   	0.102252   
  2.7391  	2.0608     	-0.0726457 	-6.98278   	0.102241   
  2.7392  	2.0608     	-0.0727426 	-6.98188   	0.102229   
  2.7393  	2.0608     	-0.0728396 	-6.98098   	0.102218   
  2.7394  	2.06081    	-0.0729367 	-6.98009   	0.102207   
  2.7395  	2.06081    	-0.073034  	-6.97919   	0.102196   
  2.7396  	2.06081    	-0.0731314 	-6.9783    	0.102185   
  2.7397  	2.06081    	-0.0732289 	-6.9774    	0.102173   
  2.7398  	2.06082    	-0.0733266 	-6.9765    	0.102162   
  2.7399  	2.06082    	-0.0734243 	-6.97561   	0.102151   
  2.74    	2.06083    	-0.0735222 	-6.97471   	0.10214    
  2.7401  	2.06083    	-0.0736203 	-6.97381   	0.102129   
  2.7402  	2.06083    	-0.0737184 	-6.97292   	0.102118   
  2.7403  	2.06084    	-0.0738167 	-6.97202   	0.102106   
  2.7404  	2.06084    	-0.0739151 	-6.97113   	0.102095   
  2.7405  	2.06085    	-0.0740136 	-6.97023   	0.102084   
  2.7406  	2.06085    	-0.0741122 	-6.96934   	0.102073   
  2.7407  	2.06085    	-0.074211  	-6.96844   	0.102062   
  2.7408  	2.06086    	-0.0743099 	-6.96755   	0.102051   
  2.7409  	2.06086    	-0.0744089 	-6.96665   	0.102039   
  2.741   	2.06087    	-0.0745081 	-6.96576   	0.102028   
  2.7411  	2.06088    	-0.0746073 	-6.96486   	0.102017   
  2.7412  	2.06088    	-0.0747067 	-6.96397   	0.102006   
  2.7413  	2.06089    	-0.0748063 	-6.96307   	0.101995   
  2.7414  	2.06089    	-0.0749059 	-6.96218   	0.101984   
  2.7415  	2.0609     	-0.0750057 	-6.96128   	0.101972   
  2.7416  	2.0609     	-0.0751056 	-6.96039   	0.101961   
  2.7417  	2.06091    	-0.0752056 	-6.95949   	0.10195    
  2.7418  	2.06092    	-0.0753057 	-6.9586    	0.101939   
  2.7419  	2.06092    	-0.075406  	-6.95771   	0.101928   
  2.742   	2.06093    	-0.0755064 	-6.95681   	0.101917   
  2.7421  	2.06094    	-0.0756069 	-6.95592   	0.101905   
  2.7422  	2.06094    	-0.0757076 	-6.95502   	0.101894   
  2.7423  	2.06095    	-0.0758083 	-6.95413   	0.101883   
  2.7424  	2.06096    	-0.0759092 	-6.95324   	0.101872   
  2.7425  	2.06096    	-0.0760102 	-6.95234   	0.101861   
  2.7426  	2.06097    	-0.0761114 	-6.95145   	0.10185    
  2.7427  	2.06098    	-0.0762126 	-6.95056   	0.101839   
  2.7428  	2.06099    	-0.076314  	-6.94966   	0.101827   
  2.7429  	2.06099    	-0.0764155 	-6.94877   	0.101816   
  2.743   	2.061      	-0.0765172 	-6.94788   	0.101805   
  2.7431  	2.06101    	-0.0766189 	-6.94698   	0.101794   
  2.7432  	2.06102    	-0.0767208 	-6.94609   	0.101783   
  2.7433  	2.06103    	-0.0768228 	-6.9452    	0.101772   
  2.7434  	2.06104    	-0.0769249 	-6.94431   	0.101761   
  2.7435  	2.06105    	-0.0770272 	-6.94341   	0.10175    
  2.7436  	2.06106    	-0.0771295 	-6.94252   	0.101738   
  2.7437  	2.06106    	-0.077232  	-6.94163   	0.101727   
  2.7438  	2.06107    	-0.0773346 	-6.94074   	0.101716   
  2.7439  	2.06108    	-0.0774374 	-6.93985   	0.101705   
  2.744   	2.06109    	-0.0775402 	-6.93895   	0.101694   
  2.7441  	2.0611     	-0.0776432 	-6.93806   	0.101683   
  2.7442  	2.06111    	-0.0777463 	-6.93717   	0.101672   
  2.7443  	2.06112    	-0.0778495 	-6.93628   	0.101661   
  2.7444  	2.06113    	-0.0779529 	-6.93539   	0.101649   
  2.7445  	2.06114    	-0.0780564 	-6.93449   	0.101638   
  2.7446  	2.06115    	-0.07816   	-6.9336    	0.101627   
  2.7447  	2.06117    	-0.0782637 	-6.93271   	0.101616   
  2.7448  	2.06118    	-0.0783675 	-6.93182   	0.101605   
  2.7449  	2.06119    	-0.0784715 	-6.93093   	0.101594   
  2.745   	2.0612     	-0.0785755 	-6.93004   	0.101583   
  2.7451  	2.06121    	-0.0786797 	-6.92915   	0.101572   
  2.7452  	2.06122    	-0.0787841 	-6.92826   	0.101561   
  2.7453  	2.06123    	-0.0788885 	-6.92737   	0.10155    
  2.7454  	2.06125    	-0.0789931 	-6.92647   	0.101538   
  2.7455  	2.06126    	-0.0790977 	-6.92558   	0.101527   
  2.7456  	2.06127    	-0.0792025 	-6.92469   	0.101516   
  2.7457  	2.06128    	-0.0793075 	-6.9238    	0.101505   
  2.7458  	2.0613     	-0.0794125 	-6.92291   	0.101494   
  2.7459  	2.06131    	-0.0795177 	-6.92202   	0.101483   
  2.746   	2.06132    	-0.079623  	-6.92113   	0.101472   
  2.7461  	2.06134    	-0.0797284 	-6.92024   	0.101461   
  2.7462  	2.06135    	-0.0798339 	-6.91935   	0.10145    
  2.7463  	2.06136    	-0.0799395 	-6.91846   	0.101439   
  2.7464  	2.06138    	-0.0800453 	-6.91757   	0.101428   
  2.7465  	2.06139    	-0.0801512 	-6.91668   	0.101416   
  2.7466  	2.0614     	-0.0802572 	-6.91579   	0.101405   
  2.7467  	2.06142    	-0.0803633 	-6.9149    	0.101394   
  2.7468  	2.06143    	-0.0804695 	-6.91402   	0.101383   
  2.7469  	2.06145    	-0.0805759 	-6.91313   	0.101372   
  2.747   	2.06146    	-0.0806823 	-6.91224   	0.101361   
  2.7471  	2.06148    	-0.0807889 	-6.91135   	0.10135    
  2.7472  	2.06149    	-0.0808956 	-6.91046   	0.101339   
  2.7473  	2.06151    	-0.0810024 	-6.90957   	0.101328   
  2.7474  	2.06152    	-0.0811094 	-6.90868   	0.101317   
  2.7475  	2.06154    	-0.0812164 	-6.90779   	0.101306   
  2.7476  	2.06156    	-0.0813236 	-6.9069    	0.101295   
  2.7477  	2.06157    	-0.0814309 	-6.90602   	0.101284   
  2.7478  	2.06159    	-0.0815383 	-6.90513   	0.101273   
  2.7479  	2.06161    	-0.0816458 	-6.90424   	0.101262   
  2.748   	2.06162    	-0.0817535 	-6.90335   	0.101251   
  2.7481  	2.06164    	-0.0818612 	-6.90246   	0.101239   
  2.7482  	2.06166    	-0.0819691 	-6.90158   	0.101228   
  2.7483  	2.06167    	-0.0820771 	-6.90069   	0.101217   
  2.7484  	2.06169    	-0.0821852 	-6.8998    	0.101206   
  2.7485  	2.06171    	-0.0822934 	-6.89891   	0.101195   
  2.7486  	2.06173    	-0.0824018 	-6.89802   	0.101184   
  2.7487  	2.06174    	-0.0825102 	-6.89714   	0.101173   
  2.7488  	2.06176    	-0.0826188 	-6.89625   	0.101162   
  2.7489  	2.06178    	-0.0827275 	-6.89536   	0.101151   
  2.749   	2.0618     	-0.0828362 	-6.89448   	0.10114    
  2.7491  	2.06182    	-0.0829452 	-6.89359   	0.101129   
  2.7492  	2.06184    	-0.0830542 	-6.8927    	0.101118   
  2.7493  	2.06186    	-0.0831633 	-6.89181   	0.101107   
  2.7494  	2.06188    	-0.0832726 	-6.89093   	0.101096   
  2.7495  	2.0619     	-0.0833819 	-6.89004   	0.101085   
  2.7496  	2.06192    	-0.0834914 	-6.88915   	0.101074   
  2.7497  	2.06194    	-0.083601  	-6.88827   	0.101063   
  2.7498  	2.06196    	-0.0837107 	-6.88738   	0.101052   
  2.7499  	2.06198    	-0.0838205 	-6.88649   	0.101041   
  2.75    	2.062      	-0.0839304 	-6.88561   	0.10103    
  2.7501  	2.06202    	-0.0840404 	-6.88472   	0.101019   
  2.7502  	2.06204    	-0.0841506 	-6.88384   	0.101008   
  2.7503  	2.06206    	-0.0842608 	-6.88295   	0.100997   
  2.7504  	2.06208    	-0.0843712 	-6.88206   	0.100986   
  2.7505  	2.0621     	-0.0844816 	-6.88118   	0.100975   
  2.7506  	2.06212    	-0.0845922 	-6.88029   	0.100964   
  2.7507  	2.06215    	-0.0847029 	-6.87941   	0.100953   
  2.7508  	2.06217    	-0.0848137 	-6.87852   	0.100942   
  2.7509  	2.06219    	-0.0849246 	-6.87764   	0.100931   
  2.751   	2.06221    	-0.0850357 	-6.87675   	0.10092    
  2.7511  	2.06224    	-0.0851468 	-6.87587   	0.100909   
  2.7512  	2.06226    	-0.085258  	-6.87498   	0.100898   
  2.7513  	2.06228    	-0.0853694 	-6.8741    	0.100887   
  2.7514  	2.06231    	-0.0854808 	-6.87321   	0.100876   
  2.7515  	2.06233    	-0.0855924 	-6.87233   	0.100865   
  2.7516  	2.06235    	-0.0857041 	-6.87144   	0.100854   
  2.7517  	2.06238    	-0.0858158 	-6.87056   	0.100843   
  2.7518  	2.0624     	-0.0859277 	-6.86967   	0.100832   
  2.7519  	2.06243    	-0.0860397 	-6.86879   	0.100821   
  2.752   	2.06245    	-0.0861518 	-6.8679    	0.10081    
  2.7521  	2.06248    	-0.086264  	-6.86702   	0.100799   
  2.7522  	2.0625     	-0.0863763 	-6.86614   	0.100788   
  2.7523  	2.06253    	-0.0864887 	-6.86525   	0.100777   
  2.7524  	2.06255    	-0.0866012 	-6.86437   	0.100766   
  2.7525  	2.06258    	-0.0867139 	-6.86348   	0.100755   
  2.7526  	2.06261    	-0.0868266 	-6.8626    	0.100744   
  2.7527  	2.06263    	-0.0869394 	-6.86172   	0.100733   
  2.7528  	2.06266    	-0.0870523 	-6.86083   	0.100722   
  2.7529  	2.06268    	-0.0871654 	-6.85995   	0.100711   
  2.753   	2.06271    	-0.0872785 	-6.85907   	0.1007     
  2.7531  	2.06274    	-0.0873917 	-6.85818   	0.100689   
  2.7532  	2.06277    	-0.0875051 	-6.8573    	0.100678   
  2.7533  	2.06279    	-0.0876185 	-6.85642   	0.100667   
  2.7534  	2.06282    	-0.0877321 	-6.85553   	0.100656   
  2.7535  	2.06285    	-0.0878457 	-6.85465   	0.100645   
  2.7536  	2.06288    	-0.0879595 	-6.85377   	0.100634   
  2.7537  	2.06291    	-0.0880733 	-6.85289   	0.100623   
  2.7538  	2.06293    	-0.0881873 	-6.852     	0.100612   
  2.7539  	2.06296    	-0.0883013 	-6.85112   	0.100601   
  2.754   	2.06299    	-0.0884154 	-6.85024   	0.10059    
  2.7541  	2.06302    	-0.0885297 	-6.84936   	0.100579   
  2.7542  	2.06305    	-0.088644  	-6.84847   	0.100568   
  2.7543  	2.06308    	-0.0887585 	-6.84759   	0.100557   
  2.7544  	2.06311    	-0.088873  	-6.84671   	0.100546   
  2.7545  	2.06314    	-0.0889876 	-6.84583   	0.100535   
  2.7546  	2.06317    	-0.0891024 	-6.84495   	0.100525   
  2.7547  	2.0632     	-0.0892172 	-6.84407   	0.100514   
  2.7548  	2.06323    	-0.0893321 	-6.84318   	0.100503   
  2.7549  	2.06327    	-0.0894471 	-6.8423    	0.100492   
  2.755   	2.0633     	-0.0895623 	-6.84142   	0.100481   
  2.7551  	2.06333    	-0.0896775 	-6.84054   	0.10047    
  2.7552  	2.06336    	-0.0897928 	-6.83966   	0.100459   
  2.7553  	2.06339    	-0.0899082 	-6.83878   	0.100448   
  2.7554  	2.06343    	-0.0900237 	-6.8379    	0.100437   
  2.7555  	2.06346    	-0.0901393 	-6.83702   	0.100426   
  2.7556  	2.06349    	-0.0902549 	-6.83613   	0.100415   
  2.7557  	2.06352    	-0.0903707 	-6.83525   	0.100404   
  2.7558  	2.06356    	-0.0904866 	-6.83437   	0.100393   
  2.7559  	2.06359    	-0.0906025 	-6.83349   	0.100382   
  2.756   	2.06362    	-0.0907186 	-6.83261   	0.100371   
  2.7561  	2.06366    	-0.0908347 	-6.83173   	0.10036    
  2.7562  	2.06369    	-0.0909509 	-6.83085   	0.10035    
  2.7563  	2.06373    	-0.0910672 	-6.82997   	0.100339   
  2.7564  	2.06376    	-0.0911836 	-6.82909   	0.100328   
  2.7565  	2.0638     	-0.0913001 	-6.82821   	0.100317   
  2.7566  	2.06383    	-0.0914167 	-6.82733   	0.100306   
  2.7567  	2.06387    	-0.0915334 	-6.82645   	0.100295   
  2.7568  	2.0639     	-0.0916501 	-6.82557   	0.100284   
  2.7569  	2.06394    	-0.091767  	-6.82469   	0.100273   
  2.757   	2.06398    	-0.0918839 	-6.82381   	0.100262   
  2.7571  	2.06401    	-0.0920009 	-6.82293   	0.100251   
  2.7572  	2.06405    	-0.092118  	-6.82205   	0.10024    
  2.7573  	2.06409    	-0.0922352 	-6.82118   	0.100229   
  2.7574  	2.06412    	-0.0923525 	-6.8203    	0.100219   
  2.7575  	2.06416    	-0.0924698 	-6.81942   	0.100208   
  2.7576  	2.0642     	-0.0925873 	-6.81854   	0.100197   
  2.7577  	2.06424    	-0.0927048 	-6.81766   	0.100186   
  2.7578  	2.06428    	-0.0928224 	-6.81678   	0.100175   
  2.7579  	2.06431    	-0.0929401 	-6.8159    	0.100164   
  2.758   	2.06435    	-0.0930578 	-6.81502   	0.100153   
  2.7581  	2.06439    	-0.0931757 	-6.81415   	0.100142   
  2.7582  	2.06443    	-0.0932936 	-6.81327   	0.100131   
  2.7583  	2.06447    	-0.0934116 	-6.81239   	0.100121   
  2.7584  	2.06451    	-0.0935297 	-6.81151   	0.10011    
  2.7585  	2.06455    	-0.0936479 	-6.81063   	0.100099   
  2.7586  	2.06459    	-0.0937661 	-6.80975   	0.100088   
  2.7587  	2.06463    	-0.0938844 	-6.80888   	0.100077   
  2.7588  	2.06467    	-0.0940028 	-6.808     	0.100066   
  2.7589  	2.06471    	-0.0941213 	-6.80712   	0.100055   
  2.759   	2.06476    	-0.0942398 	-6.80624   	0.100044   
  2.7591  	2.0648     	-0.0943585 	-6.80537   	0.100033   
  2.7592  	2.06484    	-0.0944772 	-6.80449   	0.100023   
  2.7593  	2.06488    	-0.0945959 	-6.80361   	0.100012   
  2.7594  	2.06492    	-0.0947148 	-6.80273   	0.100001   
  2.7595  	2.06497    	-0.0948337 	-6.80186   	0.09999    
  2.7596  	2.06501    	-0.0949527 	-6.80098   	0.0999791  
  2.7597  	2.06505    	-0.0950718 	-6.8001    	0.0999682  
  2.7598  	2.0651     	-0.0951909 	-6.79923   	0.0999574  
  2.7599  	2.06514    	-0.0953101 	-6.79835   	0.0999465  
  2.76    	2.06518    	-0.0954294 	-6.79747   	0.0999356  
  2.7601  	2.06523    	-0.0955488 	-6.7966    	0.0999248  
  2.7602  	2.06527    	-0.0956682 	-6.79572   	0.0999139  
  2.7603  	2.06532    	-0.0957877 	-6.79484   	0.0999031  
  2.7604  	2.06536    	-0.0959072 	-6.79397   	0.0998922  
  2.7605  	2.06541    	-0.0960268 	-6.79309   	0.0998814  
  2.7606  	2.06545    	-0.0961465 	-6.79222   	0.0998705  
  2.7607  	2.0655     	-0.0962663 	-6.79134   	0.0998597  
  2.7608  	2.06555    	-0.0963861 	-6.79046   	0.0998488  
  2.7609  	2.06559    	-0.096506  	-6.78959   	0.099838   
  2.761   	2.06564    	-0.096626  	-6.78871   	0.0998271  
  2.7611  	2.06569    	-0.096746  	-6.78784   	0.0998163  
  2.7612  	2.06573    	-0.096866  	-6.78696   	0.0998054  
  2.7613  	2.06578    	-0.0969862 	-6.78609   	0.0997946  
  2.7614  	2.06583    	-0.0971064 	-6.78521   	0.0997837  
  2.7615  	2.06588    	-0.0972266 	-6.78434   	0.0997729  
  2.7616  	2.06593    	-0.097347  	-6.78346   	0.0997621  
  2.7617  	2.06598    	-0.0974674 	-6.78259   	0.0997512  
  2.7618  	2.06602    	-0.0975878 	-6.78171   	0.0997404  
  2.7619  	2.06607    	-0.0977083 	-6.78084   	0.0997296  
  2.762   	2.06612    	-0.0978289 	-6.77996   	0.0997187  
  2.7621  	2.06617    	-0.0979495 	-6.77909   	0.0997079  
  2.7622  	2.06622    	-0.0980701 	-6.77821   	0.0996971  
  2.7623  	2.06627    	-0.0981909 	-6.77734   	0.0996862  
  2.7624  	2.06632    	-0.0983116 	-6.77646   	0.0996754  
  2.7625  	2.06638    	-0.0984325 	-6.77559   	0.0996646  
  2.7626  	2.06643    	-0.0985534 	-6.77471   	0.0996538  
  2.7627  	2.06648    	-0.0986743 	-6.77384   	0.0996429  
  2.7628  	2.06653    	-0.0987953 	-6.77297   	0.0996321  
  2.7629  	2.06658    	-0.0989164 	-6.77209   	0.0996213  
  2.763   	2.06664    	-0.0990375 	-6.77122   	0.0996105  
  2.7631  	2.06669    	-0.0991586 	-6.77035   	0.0995997  
  2.7632  	2.06674    	-0.0992798 	-6.76947   	0.0995889  
  2.7633  	2.06679    	-0.099401  	-6.7686    	0.0995781  
  2.7634  	2.06685    	-0.0995223 	-6.76772   	0.0995672  
  2.7635  	2.0669     	-0.0996437 	-6.76685   	0.0995564  
  2.7636  	2.06696    	-0.0997651 	-6.76598   	0.0995456  
  2.7637  	2.06701    	-0.0998865 	-6.76511   	0.0995348  
  2.7638  	2.06707    	-0.100008  	-6.76423   	0.099524   
  2.7639  	2.06712    	-0.100129  	-6.76336   	0.0995132  
  2.764   	2.06718    	-0.100251  	-6.76249   	0.0995024  
  2.7641  	2.06723    	-0.100373  	-6.76161   	0.0994916  
  2.7642  	2.06729    	-0.100494  	-6.76074   	0.0994808  
  2.7643  	2.06734    	-0.100616  	-6.75987   	0.09947    
  2.7644  	2.0674     	-0.100738  	-6.759     	0.0994592  
  2.7645  	2.06746    	-0.10086   	-6.75812   	0.0994484  
  2.7646  	2.06751    	-0.100981  	-6.75725   	0.0994377  
  2.7647  	2.06757    	-0.101103  	-6.75638   	0.0994269  
  2.7648  	2.06763    	-0.101225  	-6.75551   	0.0994161  
  2.7649  	2.06769    	-0.101347  	-6.75464   	0.0994053  
  2.765   	2.06775    	-0.101469  	-6.75376   	0.0993945  
  2.7651  	2.0678     	-0.101591  	-6.75289   	0.0993837  
  2.7652  	2.06786    	-0.101713  	-6.75202   	0.0993729  
  2.7653  	2.06792    	-0.101835  	-6.75115   	0.0993622  
  2.7654  	2.06798    	-0.101957  	-6.75028   	0.0993514  
  2.7655  	2.06804    	-0.102079  	-6.74941   	0.0993406  
  2.7656  	2.0681     	-0.102201  	-6.74853   	0.0993298  
  2.7657  	2.06816    	-0.102324  	-6.74766   	0.0993191  
  2.7658  	2.06822    	-0.102446  	-6.74679   	0.0993083  
  2.7659  	2.06829    	-0.102568  	-6.74592   	0.0992975  
  2.766   	2.06835    	-0.10269   	-6.74505   	0.0992867  
  2.7661  	2.06841    	-0.102813  	-6.74418   	0.099276   
  2.7662  	2.06847    	-0.102935  	-6.74331   	0.0992652  
  2.7663  	2.06853    	-0.103057  	-6.74244   	0.0992544  
  2.7664  	2.0686     	-0.10318   	-6.74157   	0.0992437  
  2.7665  	2.06866    	-0.103302  	-6.7407    	0.0992329  
  2.7666  	2.06872    	-0.103424  	-6.73983   	0.0992222  
  2.7667  	2.06879    	-0.103547  	-6.73896   	0.0992114  
  2.7668  	2.06885    	-0.103669  	-6.73809   	0.0992007  
  2.7669  	2.06891    	-0.103792  	-6.73722   	0.0991899  
  2.767   	2.06898    	-0.103914  	-6.73635   	0.0991791  
  2.7671  	2.06904    	-0.104037  	-6.73548   	0.0991684  
  2.7672  	2.06911    	-0.104159  	-6.73461   	0.0991576  
  2.7673  	2.06917    	-0.104282  	-6.73374   	0.0991469  
  2.7674  	2.06924    	-0.104404  	-6.73287   	0.0991361  
  2.7675  	2.06931    	-0.104527  	-6.732     	0.0991254  
  2.7676  	2.06937    	-0.10465   	-6.73113   	0.0991147  
  2.7677  	2.06944    	-0.104772  	-6.73026   	0.0991039  
  2.7678  	2.06951    	-0.104895  	-6.72939   	0.0990932  
  2.7679  	2.06957    	-0.105017  	-6.72852   	0.0990824  
  2.768   	2.06964    	-0.10514   	-6.72765   	0.0990717  
  2.7681  	2.06971    	-0.105263  	-6.72678   	0.099061   
  2.7682  	2.06978    	-0.105385  	-6.72591   	0.0990502  
  2.7683  	2.06985    	-0.105508  	-6.72504   	0.0990395  
  2.7684  	2.06992    	-0.105631  	-6.72418   	0.0990288  
  2.7685  	2.06999    	-0.105753  	-6.72331   	0.099018   
  2.7686  	2.07005    	-0.105876  	-6.72244   	0.0990073  
  2.7687  	2.07012    	-0.105999  	-6.72157   	0.0989966  
  2.7688  	2.0702     	-0.106121  	-6.7207    	0.0989858  
  2.7689  	2.07027    	-0.106244  	-6.71983   	0.0989751  
  2.769   	2.07034    	-0.106367  	-6.71897   	0.0989644  
  2.7691  	2.07041    	-0.106489  	-6.7181    	0.0989537  
  2.7692  	2.07048    	-0.106612  	-6.71723   	0.098943   
  2.7693  	2.07055    	-0.106735  	-6.71636   	0.0989322  
  2.7694  	2.07062    	-0.106857  	-6.71549   	0.0989215  
  2.7695  	2.0707     	-0.10698   	-6.71463   	0.0989108  
  2.7696  	2.07077    	-0.107103  	-6.71376   	0.0989001  
  2.7697  	2.07084    	-0.107225  	-6.71289   	0.0988894  
  2.7698  	2.07092    	-0.107348  	-6.71202   	0.0988787  
  2.7699  	2.07099    	-0.107471  	-6.71116   	0.098868   
  2.77    	2.07106    	-0.107593  	-6.71029   	0.0988573  
  2.7701  	2.07114    	-0.107716  	-6.70942   	0.0988466  
  2.7702  	2.07121    	-0.107838  	-6.70856   	0.0988359  
  2.7703  	2.07129    	-0.107961  	-6.70769   	0.0988252  
  2.7704  	2.07137    	-0.108084  	-6.70682   	0.0988145  
  2.7705  	2.07144    	-0.108206  	-6.70596   	0.0988038  
  2.7706  	2.07152    	-0.108329  	-6.70509   	0.0987931  
  2.7707  	2.07159    	-0.108451  	-6.70422   	0.0987824  
  2.7708  	2.07167    	-0.108574  	-6.70336   	0.0987717  
  2.7709  	2.07175    	-0.108696  	-6.70249   	0.098761   
  2.771   	2.07183    	-0.108819  	-6.70162   	0.0987503  
  2.7711  	2.0719     	-0.108941  	-6.70076   	0.0987396  
  2.7712  	2.07198    	-0.109063  	-6.69989   	0.0987289  
  2.7713  	2.07206    	-0.109186  	-6.69903   	0.0987182  
  2.7714  	2.07214    	-0.109308  	-6.69816   	0.0987075  
  2.7715  	2.07222    	-0.109431  	-6.69729   	0.0986968  
  2.7716  	2.0723     	-0.109553  	-6.69643   	0.0986862  
  2.7717  	2.07238    	-0.109675  	-6.69556   	0.0986755  
  2.7718  	2.07246    	-0.109797  	-6.6947    	0.0986648  
  2.7719  	2.07254    	-0.10992   	-6.69383   	0.0986541  
  2.772   	2.07262    	-0.110042  	-6.69297   	0.0986435  
  2.7721  	2.0727     	-0.110164  	-6.6921    	0.0986328  
  2.7722  	2.07278    	-0.110286  	-6.69124   	0.0986221  
  2.7723  	2.07287    	-0.110408  	-6.69037   	0.0986114  
  2.7724  	2.07295    	-0.11053   	-6.68951   	0.0986008  
  2.7725  	2.07303    	-0.110652  	-6.68864   	0.0985901  
  2.7726  	2.07312    	-0.110774  	-6.68778   	0.0985794  
  2.7727  	2.0732     	-0.110896  	-6.68691   	0.0985688  
  2.7728  	2.07328    	-0.111018  	-6.68605   	0.0985581  
  2.7729  	2.07337    	-0.11114   	-6.68518   	0.0985474  
  2.773   	2.07345    	-0.111262  	-6.68432   	0.0985368  
  2.7731  	2.07354    	-0.111384  	-6.68345   	0.0985261  
  2.7732  	2.07362    	-0.111505  	-6.68259   	0.0985155  
  2.7733  	2.07371    	-0.111627  	-6.68173   	0.0985048  
  2.7734  	2.07379    	-0.111749  	-6.68086   	0.0984941  
  2.7735  	2.07388    	-0.11187   	-6.68      	0.0984835  
  2.7736  	2.07397    	-0.111992  	-6.67914   	0.0984728  
  2.7737  	2.07405    	-0.112113  	-6.67827   	0.0984622  
  2.7738  	2.07414    	-0.112235  	-6.67741   	0.0984515  
  2.7739  	2.07423    	-0.112356  	-6.67654   	0.0984409  
  2.774   	2.07432    	-0.112477  	-6.67568   	0.0984303  
  2.7741  	2.0744     	-0.112599  	-6.67482   	0.0984196  
  2.7742  	2.07449    	-0.11272   	-6.67395   	0.098409   
  2.7743  	2.07458    	-0.112841  	-6.67309   	0.0983983  
  2.7744  	2.07467    	-0.112962  	-6.67223   	0.0983877  
  2.7745  	2.07476    	-0.113083  	-6.67137   	0.0983771  
  2.7746  	2.07485    	-0.113204  	-6.6705    	0.0983664  
  2.7747  	2.07494    	-0.113325  	-6.66964   	0.0983558  
  2.7748  	2.07503    	-0.113446  	-6.66878   	0.0983451  
  2.7749  	2.07512    	-0.113567  	-6.66791   	0.0983345  
  2.775   	2.07522    	-0.113687  	-6.66705   	0.0983239  
  2.7751  	2.07531    	-0.113808  	-6.66619   	0.0983133  
  2.7752  	2.0754     	-0.113929  	-6.66533   	0.0983026  
  2.7753  	2.07549    	-0.114049  	-6.66447   	0.098292   
  2.7754  	2.07559    	-0.114169  	-6.6636    	0.0982814  
  2.7755  	2.07568    	-0.11429   	-6.66274   	0.0982708  
  2.7756  	2.07577    	-0.11441   	-6.66188   	0.0982601  
  2.7757  	2.07587    	-0.11453   	-6.66102   	0.0982495  
  2.7758  	2.07596    	-0.11465   	-6.66016   	0.0982389  
  2.7759  	2.07606    	-0.11477   	-6.65929   	0.0982283  
  2.776   	2.07615    	-0.11489   	-6.65843   	0.0982177  
  2.7761  	2.07625    	-0.11501   	-6.65757   	0.0982071  
  2.7762  	2.07634    	-0.11513   	-6.65671   	0.0981964  
  2.7763  	2.07644    	-0.11525   	-6.65585   	0.0981858  
  2.7764  	2.07653    	-0.115369  	-6.65499   	0.0981752  
  2.7765  	2.07663    	-0.115489  	-6.65413   	0.0981646  
  2.7766  	2.07673    	-0.115609  	-6.65326   	0.098154   
  2.7767  	2.07683    	-0.115728  	-6.6524    	0.0981434  
  2.7768  	2.07692    	-0.115847  	-6.65154   	0.0981328  
  2.7769  	2.07702    	-0.115966  	-6.65068   	0.0981222  
  2.777   	2.07712    	-0.116085  	-6.64982   	0.0981116  
  2.7771  	2.07722    	-0.116204  	-6.64896   	0.098101   
  2.7772  	2.07732    	-0.116323  	-6.6481    	0.0980904  
  2.7773  	2.07742    	-0.116442  	-6.64724   	0.0980798  
  2.7774  	2.07752    	-0.116561  	-6.64638   	0.0980692  
  2.7775  	2.07762    	-0.11668   	-6.64552   	0.0980586  
  2.7776  	2.07772    	-0.116798  	-6.64466   	0.098048   
  2.7777  	2.07782    	-0.116916  	-6.6438    	0.0980375  
  2.7778  	2.07792    	-0.117035  	-6.64294   	0.0980269  
  2.7779  	2.07803    	-0.117153  	-6.64208   	0.0980163  
  2.778   	2.07813    	-0.117271  	-6.64122   	0.0980057  
  2.7781  	2.07823    	-0.117389  	-6.64036   	0.0979951  
  2.7782  	2.07833    	-0.117507  	-6.6395    	0.0979845  
  2.7783  	2.07844    	-0.117625  	-6.63864   	0.097974   
  2.7784  	2.07854    	-0.117742  	-6.63778   	0.0979634  
  2.7785  	2.07865    	-0.11786   	-6.63692   	0.0979528  
  2.7786  	2.07875    	-0.117977  	-6.63606   	0.0979422  
  2.7787  	2.07886    	-0.118095  	-6.63521   	0.0979317  
  2.7788  	2.07896    	-0.118212  	-6.63435   	0.0979211  
  2.7789  	2.07907    	-0.118329  	-6.63349   	0.0979105  
  2.779   	2.07917    	-0.118446  	-6.63263   	0.0978999  
  2.7791  	2.07928    	-0.118563  	-6.63177   	0.0978894  
  2.7792  	2.07939    	-0.11868   	-6.63091   	0.0978788  
  2.7793  	2.07949    	-0.118796  	-6.63005   	0.0978682  
  2.7794  	2.0796     	-0.118913  	-6.62919   	0.0978577  
  2.7795  	2.07971    	-0.119029  	-6.62834   	0.0978471  
  2.7796  	2.07982    	-0.119145  	-6.62748   	0.0978366  
  2.7797  	2.07992    	-0.119261  	-6.62662   	0.097826   
  2.7798  	2.08003    	-0.119377  	-6.62576   	0.0978154  
  2.7799  	2.08014    	-0.119493  	-6.6249    	0.0978049  
  2.78    	2.08025    	-0.119609  	-6.62405   	0.0977943  
  2.7801  	2.08036    	-0.119724  	-6.62319   	0.0977838  
  2.7802  	2.08047    	-0.11984   	-6.62233   	0.0977732  
  2.7803  	2.08058    	-0.119955  	-6.62147   	0.0977627  
  2.7804  	2.08069    	-0.12007   	-6.62062   	0.0977521  
  2.7805  	2.08081    	-0.120185  	-6.61976   	0.0977416  
  2.7806  	2.08092    	-0.1203    	-6.6189    	0.097731   
  2.7807  	2.08103    	-0.120415  	-6.61804   	0.0977205  
  2.7808  	2.08114    	-0.120529  	-6.61719   	0.09771    
  2.7809  	2.08126    	-0.120644  	-6.61633   	0.0976994  
  2.781   	2.08137    	-0.120758  	-6.61547   	0.0976889  
  2.7811  	2.08148    	-0.120872  	-6.61462   	0.0976783  
  2.7812  	2.0816     	-0.120986  	-6.61376   	0.0976678  
  2.7813  	2.08171    	-0.1211    	-6.6129    	0.0976573  
  2.7814  	2.08183    	-0.121213  	-6.61205   	0.0976467  
  2.7815  	2.08194    	-0.121327  	-6.61119   	0.0976362  
  2.7816  	2.08206    	-0.12144   	-6.61033   	0.0976257  
  2.7817  	2.08217    	-0.121553  	-6.60948   	0.0976152  
  2.7818  	2.08229    	-0.121666  	-6.60862   	0.0976046  
  2.7819  	2.08241    	-0.121779  	-6.60777   	0.0975941  
  2.782   	2.08252    	-0.121892  	-6.60691   	0.0975836  
  2.7821  	2.08264    	-0.122005  	-6.60605   	0.0975731  
  2.7822  	2.08276    	-0.122117  	-6.6052    	0.0975625  
  2.7823  	2.08288    	-0.122229  	-6.60434   	0.097552   
  2.7824  	2.08299    	-0.122341  	-6.60349   	0.0975415  
  2.7825  	2.08311    	-0.122453  	-6.60263   	0.097531   
  2.7826  	2.08323    	-0.122565  	-6.60178   	0.0975205  
  2.7827  	2.08335    	-0.122676  	-6.60092   	0.09751    
  2.7828  	2.08347    	-0.122788  	-6.60006   	0.0974995  
  2.7829  	2.08359    	-0.122899  	-6.59921   	0.0974889  
  2.783   	2.08371    	-0.12301   	-6.59835   	0.0974784  
  2.7831  	2.08383    	-0.123121  	-6.5975    	0.0974679  
  2.7832  	2.08396    	-0.123231  	-6.59664   	0.0974574  
  2.7833  	2.08408    	-0.123342  	-6.59579   	0.0974469  
  2.7834  	2.0842     	-0.123452  	-6.59494   	0.0974364  
  2.7835  	2.08432    	-0.123562  	-6.59408   	0.0974259  
  2.7836  	2.08444    	-0.123672  	-6.59323   	0.0974154  
  2.7837  	2.08457    	-0.123781  	-6.59237   	0.0974049  
  2.7838  	2.08469    	-0.123891  	-6.59152   	0.0973944  
  2.7839  	2.08482    	-0.124     	-6.59066   	0.0973839  
  2.784   	2.08494    	-0.124109  	-6.58981   	0.0973734  
  2.7841  	2.08506    	-0.124218  	-6.58895   	0.0973629  
  2.7842  	2.08519    	-0.124327  	-6.5881    	0.0973525  
  2.7843  	2.08531    	-0.124436  	-6.58725   	0.097342   
  2.7844  	2.08544    	-0.124544  	-6.58639   	0.0973315  
  2.7845  	2.08557    	-0.124652  	-6.58554   	0.097321   
  2.7846  	2.08569    	-0.12476   	-6.58469   	0.0973105  
  2.7847  	2.08582    	-0.124868  	-6.58383   	0.0973     
  2.7848  	2.08595    	-0.124975  	-6.58298   	0.0972895  
  2.7849  	2.08607    	-0.125082  	-6.58213   	0.0972791  
  2.785   	2.0862     	-0.12519   	-6.58127   	0.0972686  
  2.7851  	2.08633    	-0.125296  	-6.58042   	0.0972581  
  2.7852  	2.08646    	-0.125403  	-6.57957   	0.0972476  
  2.7853  	2.08659    	-0.12551   	-6.57871   	0.0972372  
  2.7854  	2.08672    	-0.125616  	-6.57786   	0.0972267  
  2.7855  	2.08685    	-0.125722  	-6.57701   	0.0972162  
  2.7856  	2.08698    	-0.125828  	-6.57616   	0.0972058  
  2.7857  	2.08711    	-0.125933  	-6.5753    	0.0971953  
  2.7858  	2.08724    	-0.126039  	-6.57445   	0.0971848  
  2.7859  	2.08737    	-0.126144  	-6.5736    	0.0971744  
  2.786   	2.0875     	-0.126249  	-6.57275   	0.0971639  
  2.7861  	2.08763    	-0.126353  	-6.57189   	0.0971534  
  2.7862  	2.08777    	-0.126458  	-6.57104   	0.097143   
  2.7863  	2.0879     	-0.126562  	-6.57019   	0.0971325  
  2.7864  	2.08803    	-0.126666  	-6.56934   	0.0971221  
  2.7865  	2.08816    	-0.12677   	-6.56849   	0.0971116  
  2.7866  	2.0883     	-0.126873  	-6.56763   	0.0971011  
  2.7867  	2.08843    	-0.126977  	-6.56678   	0.0970907  
  2.7868  	2.08857    	-0.12708   	-6.56593   	0.0970802  
  2.7869  	2.0887     	-0.127183  	-6.56508   	0.0970698  
  2.787   	2.08884    	-0.127285  	-6.56423   	0.0970593  
  2.7871  	2.08897    	-0.127388  	-6.56338   	0.0970489  
  2.7872  	2.08911    	-0.12749   	-6.56252   	0.0970385  
  2.7873  	2.08924    	-0.127592  	-6.56167   	0.097028   
  2.7874  	2.08938    	-0.127693  	-6.56082   	0.0970176  
  2.7875  	2.08952    	-0.127794  	-6.55997   	0.0970071  
  2.7876  	2.08966    	-0.127896  	-6.55912   	0.0969967  
  2.7877  	2.08979    	-0.127996  	-6.55827   	0.0969862  
  2.7878  	2.08993    	-0.128097  	-6.55742   	0.0969758  
  2.7879  	2.09007    	-0.128197  	-6.55657   	0.0969654  
  2.788   	2.09021    	-0.128298  	-6.55572   	0.0969549  
  2.7881  	2.09035    	-0.128397  	-6.55487   	0.0969445  
  2.7882  	2.09049    	-0.128497  	-6.55402   	0.0969341  
  2.7883  	2.09063    	-0.128596  	-6.55317   	0.0969237  
  2.7884  	2.09077    	-0.128695  	-6.55232   	0.0969132  
  2.7885  	2.09091    	-0.128794  	-6.55147   	0.0969028  
  2.7886  	2.09105    	-0.128893  	-6.55062   	0.0968924  
  2.7887  	2.09119    	-0.128991  	-6.54977   	0.096882   
  2.7888  	2.09133    	-0.129089  	-6.54892   	0.0968715  
  2.7889  	2.09147    	-0.129187  	-6.54807   	0.0968611  
  2.789   	2.09161    	-0.129284  	-6.54722   	0.0968507  
  2.7891  	2.09176    	-0.129381  	-6.54637   	0.0968403  
  2.7892  	2.0919     	-0.129478  	-6.54552   	0.0968299  
  2.7893  	2.09204    	-0.129575  	-6.54467   	0.0968195  
  2.7894  	2.09218    	-0.129671  	-6.54382   	0.096809   
  2.7895  	2.09233    	-0.129767  	-6.54297   	0.0967986  
  2.7896  	2.09247    	-0.129863  	-6.54212   	0.0967882  
  2.7897  	2.09262    	-0.129959  	-6.54127   	0.0967778  
  2.7898  	2.09276    	-0.130054  	-6.54043   	0.0967674  
  2.7899  	2.09291    	-0.130149  	-6.53958   	0.096757   
  2.79    	2.09305    	-0.130243  	-6.53873   	0.0967466  
  2.7901  	2.0932     	-0.130338  	-6.53788   	0.0967362  
  2.7902  	2.09334    	-0.130432  	-6.53703   	0.0967258  
  2.7903  	2.09349    	-0.130526  	-6.53618   	0.0967154  
  2.7904  	2.09364    	-0.130619  	-6.53533   	0.096705   
  2.7905  	2.09379    	-0.130712  	-6.53449   	0.0966946  
  2.7906  	2.09393    	-0.130805  	-6.53364   	0.0966842  
  2.7907  	2.09408    	-0.130898  	-6.53279   	0.0966738  
  2.7908  	2.09423    	-0.13099   	-6.53194   	0.0966634  
  2.7909  	2.09438    	-0.131082  	-6.53109   	0.096653   
  2.791   	2.09453    	-0.131174  	-6.53025   	0.0966426  
  2.7911  	2.09468    	-0.131265  	-6.5294    	0.0966323  
  2.7912  	2.09483    	-0.131356  	-6.52855   	0.0966219  
  2.7913  	2.09497    	-0.131447  	-6.5277    	0.0966115  
  2.7914  	2.09513    	-0.131538  	-6.52686   	0.0966011  
  2.7915  	2.09528    	-0.131628  	-6.52601   	0.0965907  
  2.7916  	2.09543    	-0.131718  	-6.52516   	0.0965804  
  2.7917  	2.09558    	-0.131807  	-6.52432   	0.09657    
  2.7918  	2.09573    	-0.131896  	-6.52347   	0.0965596  
  2.7919  	2.09588    	-0.131985  	-6.52262   	0.0965492  
  2.792   	2.09603    	-0.132074  	-6.52177   	0.0965388  
  2.7921  	2.09619    	-0.132162  	-6.52093   	0.0965285  
  2.7922  	2.09634    	-0.13225   	-6.52008   	0.0965181  
  2.7923  	2.09649    	-0.132338  	-6.51923   	0.0965077  
  2.7924  	2.09664    	-0.132425  	-6.51839   	0.0964974  
  2.7925  	2.0968     	-0.132512  	-6.51754   	0.096487   
  2.7926  	2.09695    	-0.132599  	-6.5167    	0.0964766  
  2.7927  	2.09711    	-0.132685  	-6.51585   	0.0964663  
  2.7928  	2.09726    	-0.132771  	-6.515     	0.0964559  
  2.7929  	2.09742    	-0.132857  	-6.51416   	0.0964456  
  2.793   	2.09757    	-0.132942  	-6.51331   	0.0964352  
  2.7931  	2.09773    	-0.133027  	-6.51247   	0.0964248  
  2.7932  	2.09788    	-0.133112  	-6.51162   	0.0964145  
  2.7933  	2.09804    	-0.133196  	-6.51077   	0.0964041  
  2.7934  	2.0982     	-0.13328   	-6.50993   	0.0963938  
  2.7935  	2.09835    	-0.133364  	-6.50908   	0.0963834  
  2.7936  	2.09851    	-0.133447  	-6.50824   	0.0963731  
  2.7937  	2.09867    	-0.13353   	-6.50739   	0.0963627  
  2.7938  	2.09883    	-0.133613  	-6.50655   	0.0963524  
  2.7939  	2.09898    	-0.133695  	-6.5057    	0.096342   
  2.794   	2.09914    	-0.133777  	-6.50486   	0.0963317  
  2.7941  	2.0993     	-0.133858  	-6.50401   	0.0963213  
  2.7942  	2.09946    	-0.133939  	-6.50317   	0.096311   
  2.7943  	2.09962    	-0.13402   	-6.50232   	0.0963007  
  2.7944  	2.09978    	-0.134101  	-6.50148   	0.0962903  
  2.7945  	2.09994    	-0.134181  	-6.50063   	0.09628    
  2.7946  	2.1001     	-0.134261  	-6.49979   	0.0962697  
  2.7947  	2.10026    	-0.13434   	-6.49894   	0.0962593  
  2.7948  	2.10042    	-0.134419  	-6.4981    	0.096249   
  2.7949  	2.10058    	-0.134498  	-6.49726   	0.0962387  
  2.795   	2.10074    	-0.134576  	-6.49641   	0.0962283  
  2.7951  	2.1009     	-0.134654  	-6.49557   	0.096218   
  2.7952  	2.10107    	-0.134732  	-6.49472   	0.0962077  
  2.7953  	2.10123    	-0.134809  	-6.49388   	0.0961974  
  2.7954  	2.10139    	-0.134886  	-6.49304   	0.096187   
  2.7955  	2.10155    	-0.134963  	-6.49219   	0.0961767  
  2.7956  	2.10172    	-0.135039  	-6.49135   	0.0961664  
  2.7957  	2.10188    	-0.135115  	-6.49051   	0.0961561  
  2.7958  	2.10204    	-0.13519   	-6.48966   	0.0961458  
  2.7959  	2.10221    	-0.135265  	-6.48882   	0.0961354  
  2.796   	2.10237    	-0.13534   	-6.48798   	0.0961251  
  2.7961  	2.10254    	-0.135414  	-6.48713   	0.0961148  
  2.7962  	2.1027     	-0.135488  	-6.48629   	0.0961045  
  2.7963  	2.10287    	-0.135561  	-6.48545   	0.0960942  
  2.7964  	2.10303    	-0.135635  	-6.4846    	0.0960839  
  2.7965  	2.1032     	-0.135707  	-6.48376   	0.0960736  
  2.7966  	2.10336    	-0.13578   	-6.48292   	0.0960633  
  2.7967  	2.10353    	-0.135852  	-6.48208   	0.096053   
  2.7968  	2.1037     	-0.135923  	-6.48123   	0.0960427  
  2.7969  	2.10386    	-0.135995  	-6.48039   	0.0960324  
  2.797   	2.10403    	-0.136065  	-6.47955   	0.0960221  
  2.7971  	2.1042     	-0.136136  	-6.47871   	0.0960118  
  2.7972  	2.10436    	-0.136206  	-6.47787   	0.0960015  
  2.7973  	2.10453    	-0.136275  	-6.47702   	0.0959912  
  2.7974  	2.1047     	-0.136345  	-6.47618   	0.0959809  
  2.7975  	2.10487    	-0.136414  	-6.47534   	0.0959706  
  2.7976  	2.10504    	-0.136482  	-6.4745    	0.0959603  
  2.7977  	2.10521    	-0.13655   	-6.47366   	0.09595    
  2.7978  	2.10537    	-0.136618  	-6.47281   	0.0959397  
  2.7979  	2.10554    	-0.136685  	-6.47197   	0.0959294  
  2.798   	2.10571    	-0.136752  	-6.47113   	0.0959192  
  2.7981  	2.10588    	-0.136818  	-6.47029   	0.0959089  
  2.7982  	2.10605    	-0.136884  	-6.46945   	0.0958986  
  2.7983  	2.10622    	-0.13695   	-6.46861   	0.0958883  
  2.7984  	2.10639    	-0.137015  	-6.46777   	0.095878   
  2.7985  	2.10657    	-0.13708   	-6.46693   	0.0958678  
  2.7986  	2.10674    	-0.137144  	-6.46609   	0.0958575  
  2.7987  	2.10691    	-0.137208  	-6.46524   	0.0958472  
  2.7988  	2.10708    	-0.137272  	-6.4644    	0.0958369  
  2.7989  	2.10725    	-0.137335  	-6.46356   	0.0958267  
  2.799   	2.10742    	-0.137398  	-6.46272   	0.0958164  
  2.7991  	2.1076     	-0.13746   	-6.46188   	0.0958061  
  2.7992  	2.10777    	-0.137522  	-6.46104   	0.0957959  
  2.7993  	2.10794    	-0.137583  	-6.4602    	0.0957856  
  2.7994  	2.10811    	-0.137645  	-6.45936   	0.0957753  
  2.7995  	2.10829    	-0.137705  	-6.45852   	0.0957651  
  2.7996  	2.10846    	-0.137765  	-6.45768   	0.0957548  
  2.7997  	2.10863    	-0.137825  	-6.45684   	0.0957445  
  2.7998  	2.10881    	-0.137885  	-6.456     	0.0957343  
  2.7999  	2.10898    	-0.137944  	-6.45516   	0.095724   
  2.8     	2.10916    	-0.138002  	-6.45432   	0.0957138  
  2.8001  	2.10933    	-0.13806   	-6.45348   	0.0957035  
  2.8002  	2.10951    	-0.138118  	-6.45264   	0.0956933  
  2.8003  	2.10968    	-0.138175  	-6.4518    	0.095683   
  2.8004  	2.10986    	-0.138232  	-6.45097   	0.0956728  
  2.8005  	2.11003    	-0.138288  	-6.45013   	0.0956625  
  2.8006  	2.11021    	-0.138344  	-6.44929   	0.0956523  
  2.8007  	2.11038    	-0.1384    	-6.44845   	0.095642   
  2.8008  	2.11056    	-0.138455  	-6.44761   	0.0956318  
  2.8009  	2.11074    	-0.138509  	-6.44677   	0.0956215  
  2.801   	2.11091    	-0.138564  	-6.44593   	0.0956113  
  2.8011  	2.11109    	-0.138617  	-6.44509   	0.0956011  
  2.8012  	2.11127    	-0.138671  	-6.44425   	0.0955908  
  2.8013  	2.11144    	-0.138723  	-6.44342   	0.0955806  
  2.8014  	2.11162    	-0.138776  	-6.44258   	0.0955703  
  2.8015  	2.1118     	-0.138828  	-6.44174   	0.0955601  
  2.8016  	2.11198    	-0.138879  	-6.4409    	0.0955499  
  2.8017  	2.11215    	-0.13893   	-6.44006   	0.0955397  
  2.8018  	2.11233    	-0.138981  	-6.43923   	0.0955294  
  2.8019  	2.11251    	-0.139031  	-6.43839   	0.0955192  
  2.802   	2.11269    	-0.139081  	-6.43755   	0.095509   
  2.8021  	2.11287    	-0.13913   	-6.43671   	0.0954987  
  2.8022  	2.11305    	-0.139179  	-6.43587   	0.0954885  
  2.8023  	2.11323    	-0.139227  	-6.43504   	0.0954783  
  2.8024  	2.11341    	-0.139275  	-6.4342    	0.0954681  
  2.8025  	2.11359    	-0.139323  	-6.43336   	0.0954579  
  2.8026  	2.11377    	-0.13937   	-6.43253   	0.0954476  
  2.8027  	2.11395    	-0.139416  	-6.43169   	0.0954374  
  2.8028  	2.11413    	-0.139463  	-6.43085   	0.0954272  
  2.8029  	2.11431    	-0.139508  	-6.43001   	0.095417   
  2.803   	2.11449    	-0.139553  	-6.42918   	0.0954068  
  2.8031  	2.11467    	-0.139598  	-6.42834   	0.0953966  
  2.8032  	2.11485    	-0.139642  	-6.4275    	0.0953864  
  2.8033  	2.11503    	-0.139686  	-6.42667   	0.0953762  
  2.8034  	2.11521    	-0.13973   	-6.42583   	0.095366   
  2.8035  	2.11539    	-0.139772  	-6.42499   	0.0953558  
  2.8036  	2.11557    	-0.139815  	-6.42416   	0.0953456  
  2.8037  	2.11575    	-0.139857  	-6.42332   	0.0953354  
  2.8038  	2.11594    	-0.139898  	-6.42249   	0.0953252  
  2.8039  	2.11612    	-0.139939  	-6.42165   	0.095315   
  2.804   	2.1163     	-0.13998   	-6.42081   	0.0953048  
  2.8041  	2.11648    	-0.14002   	-6.41998   	0.0952946  
  2.8042  	2.11667    	-0.14006   	-6.41914   	0.0952844  
  2.8043  	2.11685    	-0.140099  	-6.41831   	0.0952742  
  2.8044  	2.11703    	-0.140137  	-6.41747   	0.095264   
  2.8045  	2.11721    	-0.140176  	-6.41663   	0.0952538  
  2.8046  	2.1174     	-0.140213  	-6.4158    	0.0952436  
  2.8047  	2.11758    	-0.140251  	-6.41496   	0.0952334  
  2.8048  	2.11776    	-0.140287  	-6.41413   	0.0952232  
  2.8049  	2.11795    	-0.140324  	-6.41329   	0.095213   
  2.805   	2.11813    	-0.140359  	-6.41246   	0.0952029  
  2.8051  	2.11831    	-0.140395  	-6.41162   	0.0951927  
  2.8052  	2.1185     	-0.14043   	-6.41079   	0.0951825  
  2.8053  	2.11868    	-0.140464  	-6.40995   	0.0951723  
  2.8054  	2.11887    	-0.140498  	-6.40912   	0.0951622  
  2.8055  	2.11905    	-0.140531  	-6.40828   	0.095152   
  2.8056  	2.11924    	-0.140564  	-6.40745   	0.0951418  
  2.8057  	2.11942    	-0.140597  	-6.40661   	0.0951316  
  2.8058  	2.1196     	-0.140629  	-6.40578   	0.0951215  
  2.8059  	2.11979    	-0.14066   	-6.40495   	0.0951113  
  2.806   	2.11997    	-0.140691  	-6.40411   	0.0951011  
  2.8061  	2.12016    	-0.140722  	-6.40328   	0.095091   
  2.8062  	2.12035    	-0.140752  	-6.40244   	0.0950808  
  2.8063  	2.12053    	-0.140782  	-6.40161   	0.0950706  
  2.8064  	2.12072    	-0.140811  	-6.40078   	0.0950605  
  2.8065  	2.1209     	-0.140839  	-6.39994   	0.0950503  
  2.8066  	2.12109    	-0.140867  	-6.39911   	0.0950401  
  2.8067  	2.12127    	-0.140895  	-6.39827   	0.09503    
  2.8068  	2.12146    	-0.140922  	-6.39744   	0.0950198  
  2.8069  	2.12164    	-0.140949  	-6.39661   	0.0950097  
  2.807   	2.12183    	-0.140975  	-6.39577   	0.0949995  
  2.8071  	2.12202    	-0.141001  	-6.39494   	0.0949894  
  2.8072  	2.1222     	-0.141026  	-6.39411   	0.0949792  
  2.8073  	2.12239    	-0.141051  	-6.39328   	0.0949691  
  2.8074  	2.12258    	-0.141075  	-6.39244   	0.0949589  
  2.8075  	2.12276    	-0.141099  	-6.39161   	0.0949488  
  2.8076  	2.12295    	-0.141122  	-6.39078   	0.0949386  
  2.8077  	2.12314    	-0.141144  	-6.38994   	0.0949285  
  2.8078  	2.12332    	-0.141167  	-6.38911   	0.0949183  
  2.8079  	2.12351    	-0.141188  	-6.38828   	0.0949082  
  2.808   	2.1237     	-0.14121   	-6.38745   	0.0948981  
  2.8081  	2.12388    	-0.14123   	-6.38661   	0.0948879  
  2.8082  	2.12407    	-0.141251  	-6.38578   	0.0948778  
  2.8083  	2.12426    	-0.141271  	-6.38495   	0.0948677  
  2.8084  	2.12445    	-0.14129   	-6.38412   	0.0948575  
  2.8085  	2.12463    	-0.141309  	-6.38329   	0.0948474  
  2.8086  	2.12482    	-0.141327  	-6.38245   	0.0948373  
  2.8087  	2.12501    	-0.141345  	-6.38162   	0.0948271  
  2.8088  	2.1252     	-0.141362  	-6.38079   	0.094817   
  2.8089  	2.12538    	-0.141379  	-6.37996   	0.0948069  
  2.809   	2.12557    	-0.141395  	-6.37913   	0.0947968  
  2.8091  	2.12576    	-0.141411  	-6.3783    	0.0947866  
  2.8092  	2.12595    	-0.141426  	-6.37746   	0.0947765  
  2.8093  	2.12614    	-0.141441  	-6.37663   	0.0947664  
  2.8094  	2.12632    	-0.141455  	-6.3758    	0.0947563  
  2.8095  	2.12651    	-0.141469  	-6.37497   	0.0947462  
  2.8096  	2.1267     	-0.141482  	-6.37414   	0.094736   
  2.8097  	2.12689    	-0.141495  	-6.37331   	0.0947259  
  2.8098  	2.12708    	-0.141507  	-6.37248   	0.0947158  
  2.8099  	2.12727    	-0.141519  	-6.37165   	0.0947057  
  2.81    	2.12745    	-0.141531  	-6.37082   	0.0946956  
  2.8101  	2.12764    	-0.141541  	-6.36999   	0.0946855  
  2.8102  	2.12783    	-0.141552  	-6.36916   	0.0946754  
  2.8103  	2.12802    	-0.141561  	-6.36832   	0.0946653  
  2.8104  	2.12821    	-0.141571  	-6.36749   	0.0946552  
  2.8105  	2.1284     	-0.141579  	-6.36666   	0.0946451  
  2.8106  	2.12858    	-0.141588  	-6.36583   	0.094635   
  2.8107  	2.12877    	-0.141596  	-6.365     	0.0946249  
  2.8108  	2.12896    	-0.141603  	-6.36417   	0.0946148  
  2.8109  	2.12915    	-0.14161   	-6.36334   	0.0946047  
  2.811   	2.12934    	-0.141616  	-6.36251   	0.0945946  
  2.8111  	2.12953    	-0.141622  	-6.36169   	0.0945845  
  2.8112  	2.12972    	-0.141627  	-6.36086   	0.0945744  
  2.8113  	2.12991    	-0.141632  	-6.36003   	0.0945643  
  2.8114  	2.13009    	-0.141636  	-6.3592    	0.0945542  
  2.8115  	2.13028    	-0.14164   	-6.35837   	0.0945441  
  2.8116  	2.13047    	-0.141643  	-6.35754   	0.094534   
  2.8117  	2.13066    	-0.141646  	-6.35671   	0.0945239  
  2.8118  	2.13085    	-0.141648  	-6.35588   	0.0945139  
  2.8119  	2.13104    	-0.14165   	-6.35505   	0.0945038  
  2.812   	2.13123    	-0.141651  	-6.35422   	0.0944937  
  2.8121  	2.13142    	-0.141652  	-6.35339   	0.0944836  
  2.8122  	2.13161    	-0.141652  	-6.35256   	0.0944735  
  2.8123  	2.13179    	-0.141652  	-6.35174   	0.0944635  
  2.8124  	2.13198    	-0.141651  	-6.35091   	0.0944534  
  2.8125  	2.13217    	-0.14165   	-6.35008   	0.0944433  
  2.8126  	2.13236    	-0.141648  	-6.34925   	0.0944332  
  2.8127  	2.13255    	-0.141646  	-6.34842   	0.0944232  
  2.8128  	2.13274    	-0.141643  	-6.34759   	0.0944131  
  2.8129  	2.13293    	-0.14164   	-6.34677   	0.094403   
  2.813   	2.13312    	-0.141636  	-6.34594   	0.094393   
  2.8131  	2.1333     	-0.141631  	-6.34511   	0.0943829  
  2.8132  	2.13349    	-0.141627  	-6.34428   	0.0943728  
  2.8133  	2.13368    	-0.141621  	-6.34345   	0.0943628  
  2.8134  	2.13387    	-0.141616  	-6.34263   	0.0943527  
  2.8135  	2.13406    	-0.141609  	-6.3418    	0.0943426  
  2.8136  	2.13425    	-0.141602  	-6.34097   	0.0943326  
  2.8137  	2.13444    	-0.141595  	-6.34014   	0.0943225  
  2.8138  	2.13463    	-0.141587  	-6.33932   	0.0943125  
  2.8139  	2.13481    	-0.141579  	-6.33849   	0.0943024  
  2.814   	2.135      	-0.14157   	-6.33766   	0.0942924  
  2.8141  	2.13519    	-0.141561  	-6.33684   	0.0942823  
  2.8142  	2.13538    	-0.141551  	-6.33601   	0.0942723  
  2.8143  	2.13557    	-0.141541  	-6.33518   	0.0942622  
  2.8144  	2.13576    	-0.14153   	-6.33436   	0.0942522  
  2.8145  	2.13595    	-0.141519  	-6.33353   	0.0942421  
  2.8146  	2.13613    	-0.141507  	-6.3327    	0.0942321  
  2.8147  	2.13632    	-0.141494  	-6.33188   	0.094222   
  2.8148  	2.13651    	-0.141482  	-6.33105   	0.094212   
  2.8149  	2.1367     	-0.141468  	-6.33022   	0.094202   
  2.815   	2.13689    	-0.141454  	-6.3294    	0.0941919  
  2.8151  	2.13707    	-0.14144   	-6.32857   	0.0941819  
  2.8152  	2.13726    	-0.141425  	-6.32774   	0.0941718  
  2.8153  	2.13745    	-0.14141   	-6.32692   	0.0941618  
  2.8154  	2.13764    	-0.141394  	-6.32609   	0.0941518  
  2.8155  	2.13783    	-0.141378  	-6.32527   	0.0941417  
  2.8156  	2.13801    	-0.141361  	-6.32444   	0.0941317  
  2.8157  	2.1382     	-0.141344  	-6.32362   	0.0941217  
  2.8158  	2.13839    	-0.141326  	-6.32279   	0.0941117  
  2.8159  	2.13858    	-0.141308  	-6.32196   	0.0941016  
  2.816   	2.13876    	-0.141289  	-6.32114   	0.0940916  
  2.8161  	2.13895    	-0.141269  	-6.32031   	0.0940816  
  2.8162  	2.13914    	-0.14125   	-6.31949   	0.0940716  
  2.8163  	2.13933    	-0.141229  	-6.31866   	0.0940615  
  2.8164  	2.13951    	-0.141209  	-6.31784   	0.0940515  
  2.8165  	2.1397     	-0.141187  	-6.31701   	0.0940415  
  2.8166  	2.13989    	-0.141166  	-6.31619   	0.0940315  
  2.8167  	2.14007    	-0.141143  	-6.31536   	0.0940215  
  2.8168  	2.14026    	-0.14112   	-6.31454   	0.0940115  
  2.8169  	2.14045    	-0.141097  	-6.31371   	0.0940015  
  2.817   	2.14063    	-0.141073  	-6.31289   	0.0939914  
  2.8171  	2.14082    	-0.141049  	-6.31207   	0.0939814  
  2.8172  	2.14101    	-0.141025  	-6.31124   	0.0939714  
  2.8173  	2.14119    	-0.140999  	-6.31042   	0.0939614  
  2.8174  	2.14138    	-0.140974  	-6.30959   	0.0939514  
  2.8175  	2.14157    	-0.140947  	-6.30877   	0.0939414  
  2.8176  	2.14175    	-0.140921  	-6.30795   	0.0939314  
  2.8177  	2.14194    	-0.140894  	-6.30712   	0.0939214  
  2.8178  	2.14212    	-0.140866  	-6.3063    	0.0939114  
  2.8179  	2.14231    	-0.140838  	-6.30547   	0.0939014  
  2.818   	2.14249    	-0.140809  	-6.30465   	0.0938914  
  2.8181  	2.14268    	-0.14078   	-6.30383   	0.0938814  
  2.8182  	2.14287    	-0.14075   	-6.303     	0.0938714  
  2.8183  	2.14305    	-0.14072   	-6.30218   	0.0938614  
  2.8184  	2.14324    	-0.14069   	-6.30136   	0.0938515  
  2.8185  	2.14342    	-0.140659  	-6.30053   	0.0938415  
  2.8186  	2.14361    	-0.140627  	-6.29971   	0.0938315  
  2.8187  	2.14379    	-0.140595  	-6.29889   	0.0938215  
  2.8188  	2.14397    	-0.140563  	-6.29806   	0.0938115  
  2.8189  	2.14416    	-0.14053   	-6.29724   	0.0938015  
  2.819   	2.14434    	-0.140496  	-6.29642   	0.0937915  
  2.8191  	2.14453    	-0.140462  	-6.2956    	0.0937816  
  2.8192  	2.14471    	-0.140428  	-6.29477   	0.0937716  
  2.8193  	2.1449     	-0.140393  	-6.29395   	0.0937616  
  2.8194  	2.14508    	-0.140357  	-6.29313   	0.0937516  
  2.8195  	2.14526    	-0.140322  	-6.29231   	0.0937417  
  2.8196  	2.14545    	-0.140285  	-6.29148   	0.0937317  
  2.8197  	2.14563    	-0.140248  	-6.29066   	0.0937217  
  2.8198  	2.14581    	-0.140211  	-6.28984   	0.0937117  
  2.8199  	2.146      	-0.140173  	-6.28902   	0.0937018  
  2.82    	2.14618    	-0.140135  	-6.2882    	0.0936918  
  2.8201  	2.14636    	-0.140096  	-6.28738   	0.0936818  
  2.8202  	2.14654    	-0.140057  	-6.28655   	0.0936719  
  2.8203  	2.14673    	-0.140018  	-6.28573   	0.0936619  
  2.8204  	2.14691    	-0.139978  	-6.28491   	0.0936519  
  2.8205  	2.14709    	-0.139937  	-6.28409   	0.093642   
  2.8206  	2.14727    	-0.139896  	-6.28327   	0.093632   
  2.8207  	2.14746    	-0.139854  	-6.28245   	0.0936221  
  2.8208  	2.14764    	-0.139812  	-6.28163   	0.0936121  
  2.8209  	2.14782    	-0.13977   	-6.2808    	0.0936022  
  2.821   	2.148      	-0.139727  	-6.27998   	0.0935922  
  2.8211  	2.14818    	-0.139684  	-6.27916   	0.0935823  
  2.8212  	2.14836    	-0.13964   	-6.27834   	0.0935723  
  2.8213  	2.14854    	-0.139596  	-6.27752   	0.0935624  
  2.8214  	2.14872    	-0.139551  	-6.2767    	0.0935524  
  2.8215  	2.1489     	-0.139506  	-6.27588   	0.0935425  
  2.8216  	2.14908    	-0.13946   	-6.27506   	0.0935325  
  2.8217  	2.14926    	-0.139414  	-6.27424   	0.0935226  
  2.8218  	2.14944    	-0.139367  	-6.27342   	0.0935126  
  2.8219  	2.14962    	-0.13932   	-6.2726    	0.0935027  
  2.822   	2.1498     	-0.139273  	-6.27178   	0.0934928  
  2.8221  	2.14998    	-0.139225  	-6.27096   	0.0934828  
  2.8222  	2.15016    	-0.139176  	-6.27014   	0.0934729  
  2.8223  	2.15034    	-0.139127  	-6.26932   	0.0934629  
  2.8224  	2.15052    	-0.139078  	-6.2685    	0.093453   
  2.8225  	2.1507     	-0.139028  	-6.26768   	0.0934431  
  2.8226  	2.15088    	-0.138978  	-6.26686   	0.0934331  
  2.8227  	2.15106    	-0.138928  	-6.26604   	0.0934232  
  2.8228  	2.15123    	-0.138876  	-6.26522   	0.0934133  
  2.8229  	2.15141    	-0.138825  	-6.2644    	0.0934034  
  2.823   	2.15159    	-0.138773  	-6.26358   	0.0933934  
  2.8231  	2.15177    	-0.13872   	-6.26276   	0.0933835  
  2.8232  	2.15194    	-0.138668  	-6.26194   	0.0933736  
  2.8233  	2.15212    	-0.138614  	-6.26112   	0.0933637  
  2.8234  	2.1523     	-0.13856   	-6.26031   	0.0933537  
  2.8235  	2.15247    	-0.138506  	-6.25949   	0.0933438  
  2.8236  	2.15265    	-0.138452  	-6.25867   	0.0933339  
  2.8237  	2.15283    	-0.138397  	-6.25785   	0.093324   
  2.8238  	2.153      	-0.138341  	-6.25703   	0.0933141  
  2.8239  	2.15318    	-0.138285  	-6.25621   	0.0933042  
  2.824   	2.15335    	-0.138229  	-6.25539   	0.0932943  
  2.8241  	2.15353    	-0.138172  	-6.25458   	0.0932844  
  2.8242  	2.1537     	-0.138115  	-6.25376   	0.0932744  
  2.8243  	2.15388    	-0.138057  	-6.25294   	0.0932645  
  2.8244  	2.15405    	-0.137999  	-6.25212   	0.0932546  
  2.8245  	2.15423    	-0.13794   	-6.2513    	0.0932447  
  2.8246  	2.1544     	-0.137881  	-6.25049   	0.0932348  
  2.8247  	2.15458    	-0.137822  	-6.24967   	0.0932249  
  2.8248  	2.15475    	-0.137762  	-6.24885   	0.093215   
  2.8249  	2.15492    	-0.137702  	-6.24803   	0.0932051  
  2.825   	2.1551     	-0.137641  	-6.24722   	0.0931952  
  2.8251  	2.15527    	-0.13758   	-6.2464    	0.0931853  
  2.8252  	2.15544    	-0.137519  	-6.24558   	0.0931754  
  2.8253  	2.15561    	-0.137457  	-6.24476   	0.0931655  
  2.8254  	2.15579    	-0.137394  	-6.24395   	0.0931557  
  2.8255  	2.15596    	-0.137331  	-6.24313   	0.0931458  
  2.8256  	2.15613    	-0.137268  	-6.24231   	0.0931359  
  2.8257  	2.1563     	-0.137205  	-6.2415    	0.093126   
  2.8258  	2.15647    	-0.137141  	-6.24068   	0.0931161  
  2.8259  	2.15664    	-0.137076  	-6.23986   	0.0931062  
  2.826   	2.15682    	-0.137011  	-6.23905   	0.0930963  
  2.8261  	2.15699    	-0.136946  	-6.23823   	0.0930865  
  2.8262  	2.15716    	-0.136881  	-6.23741   	0.0930766  
  2.8263  	2.15733    	-0.136814  	-6.2366    	0.0930667  
  2.8264  	2.1575     	-0.136748  	-6.23578   	0.0930568  
  2.8265  	2.15767    	-0.136681  	-6.23496   	0.0930469  
  2.8266  	2.15783    	-0.136614  	-6.23415   	0.0930371  
  2.8267  	2.158      	-0.136546  	-6.23333   	0.0930272  
  2.8268  	2.15817    	-0.136478  	-6.23252   	0.0930173  
  2.8269  	2.15834    	-0.13641   	-6.2317    	0.0930074  
  2.827   	2.15851    	-0.136341  	-6.23088   	0.0929976  
  2.8271  	2.15868    	-0.136272  	-6.23007   	0.0929877  
  2.8272  	2.15885    	-0.136202  	-6.22925   	0.0929778  
  2.8273  	2.15901    	-0.136132  	-6.22844   	0.092968   
  2.8274  	2.15918    	-0.136061  	-6.22762   	0.0929581  
  2.8275  	2.15935    	-0.135991  	-6.22681   	0.0929483  
  2.8276  	2.15951    	-0.135919  	-6.22599   	0.0929384  
  2.8277  	2.15968    	-0.135848  	-6.22518   	0.0929285  
  2.8278  	2.15985    	-0.135776  	-6.22436   	0.0929187  
  2.8279  	2.16001    	-0.135703  	-6.22355   	0.0929088  
  2.828   	2.16018    	-0.135631  	-6.22273   	0.092899   
  2.8281  	2.16034    	-0.135557  	-6.22192   	0.0928891  
  2.8282  	2.16051    	-0.135484  	-6.2211    	0.0928793  
  2.8283  	2.16067    	-0.13541   	-6.22029   	0.0928694  
  2.8284  	2.16084    	-0.135336  	-6.21947   	0.0928596  
  2.8285  	2.161      	-0.135261  	-6.21866   	0.0928497  
  2.8286  	2.16117    	-0.135186  	-6.21784   	0.0928399  
  2.8287  	2.16133    	-0.13511   	-6.21703   	0.09283    
  2.8288  	2.16149    	-0.135035  	-6.21622   	0.0928202  
  2.8289  	2.16166    	-0.134958  	-6.2154    	0.0928103  
  2.829   	2.16182    	-0.134882  	-6.21459   	0.0928005  
  2.8291  	2.16198    	-0.134805  	-6.21377   	0.0927906  
  2.8292  	2.16214    	-0.134728  	-6.21296   	0.0927808  
  2.8293  	2.16231    	-0.13465   	-6.21215   	0.092771   
  2.8294  	2.16247    	-0.134572  	-6.21133   	0.0927611  
  2.8295  	2.16263    	-0.134494  	-6.21052   	0.0927513  
  2.8296  	2.16279    	-0.134415  	-6.2097    	0.0927415  
  2.8297  	2.16295    	-0.134336  	-6.20889   	0.0927316  
  2.8298  	2.16311    	-0.134256  	-6.20808   	0.0927218  
  2.8299  	2.16327    	-0.134177  	-6.20726   	0.092712   
  2.83    	2.16343    	-0.134096  	-6.20645   	0.0927022  
  2.8301  	2.16359    	-0.134016  	-6.20564   	0.0926923  
  2.8302  	2.16375    	-0.133935  	-6.20483   	0.0926825  
  2.8303  	2.16391    	-0.133854  	-6.20401   	0.0926727  
  2.8304  	2.16407    	-0.133772  	-6.2032    	0.0926629  
  2.8305  	2.16423    	-0.13369   	-6.20239   	0.092653   
  2.8306  	2.16438    	-0.133608  	-6.20157   	0.0926432  
  2.8307  	2.16454    	-0.133525  	-6.20076   	0.0926334  
  2.8308  	2.1647     	-0.133442  	-6.19995   	0.0926236  
  2.8309  	2.16486    	-0.133359  	-6.19914   	0.0926138  
  2.831   	2.16501    	-0.133275  	-6.19832   	0.092604   
  2.8311  	2.16517    	-0.133191  	-6.19751   	0.0925941  
  2.8312  	2.16533    	-0.133107  	-6.1967    	0.0925843  
  2.8313  	2.16548    	-0.133022  	-6.19589   	0.0925745  
  2.8314  	2.16564    	-0.132937  	-6.19508   	0.0925647  
  2.8315  	2.16579    	-0.132852  	-6.19426   	0.0925549  
  2.8316  	2.16595    	-0.132766  	-6.19345   	0.0925451  
  2.8317  	2.1661     	-0.13268   	-6.19264   	0.0925353  
  2.8318  	2.16626    	-0.132594  	-6.19183   	0.0925255  
  2.8319  	2.16641    	-0.132507  	-6.19102   	0.0925157  
  2.832   	2.16656    	-0.13242   	-6.19021   	0.0925059  
  2.8321  	2.16672    	-0.132333  	-6.18939   	0.0924961  
  2.8322  	2.16687    	-0.132245  	-6.18858   	0.0924863  
  2.8323  	2.16702    	-0.132157  	-6.18777   	0.0924765  
  2.8324  	2.16718    	-0.132069  	-6.18696   	0.0924667  
  2.8325  	2.16733    	-0.13198   	-6.18615   	0.0924569  
  2.8326  	2.16748    	-0.131891  	-6.18534   	0.0924471  
  2.8327  	2.16763    	-0.131802  	-6.18453   	0.0924373  
  2.8328  	2.16778    	-0.131713  	-6.18372   	0.0924275  
  2.8329  	2.16793    	-0.131623  	-6.18291   	0.0924178  
  2.833   	2.16808    	-0.131533  	-6.1821    	0.092408   
  2.8331  	2.16823    	-0.131442  	-6.18129   	0.0923982  
  2.8332  	2.16838    	-0.131351  	-6.18048   	0.0923884  
  2.8333  	2.16853    	-0.13126   	-6.17967   	0.0923786  
  2.8334  	2.16868    	-0.131169  	-6.17885   	0.0923688  
  2.8335  	2.16883    	-0.131077  	-6.17804   	0.0923591  
  2.8336  	2.16898    	-0.130985  	-6.17723   	0.0923493  
  2.8337  	2.16913    	-0.130893  	-6.17642   	0.0923395  
  2.8338  	2.16928    	-0.1308    	-6.17561   	0.0923297  
  2.8339  	2.16942    	-0.130707  	-6.1748    	0.09232    
  2.834   	2.16957    	-0.130614  	-6.174     	0.0923102  
  2.8341  	2.16972    	-0.13052   	-6.17319   	0.0923004  
  2.8342  	2.16986    	-0.130427  	-6.17238   	0.0922907  
  2.8343  	2.17001    	-0.130333  	-6.17157   	0.0922809  
  2.8344  	2.17016    	-0.130238  	-6.17076   	0.0922711  
  2.8345  	2.1703     	-0.130143  	-6.16995   	0.0922614  
  2.8346  	2.17045    	-0.130049  	-6.16914   	0.0922516  
  2.8347  	2.17059    	-0.129953  	-6.16833   	0.0922418  
  2.8348  	2.17074    	-0.129858  	-6.16752   	0.0922321  
  2.8349  	2.17088    	-0.129762  	-6.16671   	0.0922223  
  2.835   	2.17102    	-0.129666  	-6.1659    	0.0922126  
  2.8351  	2.17117    	-0.129569  	-6.16509   	0.0922028  
  2.8352  	2.17131    	-0.129473  	-6.16429   	0.092193   
  2.8353  	2.17145    	-0.129376  	-6.16348   	0.0921833  
  2.8354  	2.1716     	-0.129279  	-6.16267   	0.0921735  
  2.8355  	2.17174    	-0.129181  	-6.16186   	0.0921638  
  2.8356  	2.17188    	-0.129083  	-6.16105   	0.092154   
  2.8357  	2.17202    	-0.128985  	-6.16024   	0.0921443  
  2.8358  	2.17216    	-0.128887  	-6.15943   	0.0921345  
  2.8359  	2.1723     	-0.128789  	-6.15863   	0.0921248  
  2.836   	2.17244    	-0.12869   	-6.15782   	0.092115   
  2.8361  	2.17258    	-0.128591  	-6.15701   	0.0921053  
  2.8362  	2.17272    	-0.128491  	-6.1562    	0.0920956  
  2.8363  	2.17286    	-0.128392  	-6.1554    	0.0920858  
  2.8364  	2.173      	-0.128292  	-6.15459   	0.0920761  
  2.8365  	2.17314    	-0.128192  	-6.15378   	0.0920663  
  2.8366  	2.17328    	-0.128091  	-6.15297   	0.0920566  
  2.8367  	2.17342    	-0.127991  	-6.15216   	0.0920469  
  2.8368  	2.17355    	-0.12789   	-6.15136   	0.0920371  
  2.8369  	2.17369    	-0.127789  	-6.15055   	0.0920274  
  2.837   	2.17383    	-0.127687  	-6.14974   	0.0920177  
  2.8371  	2.17396    	-0.127586  	-6.14894   	0.0920079  
  2.8372  	2.1741     	-0.127484  	-6.14813   	0.0919982  
  2.8373  	2.17424    	-0.127382  	-6.14732   	0.0919885  
  2.8374  	2.17437    	-0.127279  	-6.14652   	0.0919788  
  2.8375  	2.17451    	-0.127177  	-6.14571   	0.091969   
  2.8376  	2.17464    	-0.127074  	-6.1449    	0.0919593  
  2.8377  	2.17477    	-0.126971  	-6.1441    	0.0919496  
  2.8378  	2.17491    	-0.126868  	-6.14329   	0.0919399  
  2.8379  	2.17504    	-0.126764  	-6.14248   	0.0919302  
  2.838   	2.17518    	-0.12666   	-6.14168   	0.0919204  
  2.8381  	2.17531    	-0.126556  	-6.14087   	0.0919107  
  2.8382  	2.17544    	-0.126452  	-6.14006   	0.091901   
  2.8383  	2.17557    	-0.126348  	-6.13926   	0.0918913  
  2.8384  	2.17571    	-0.126243  	-6.13845   	0.0918816  
  2.8385  	2.17584    	-0.126138  	-6.13765   	0.0918719  
  2.8386  	2.17597    	-0.126033  	-6.13684   	0.0918622  
  2.8387  	2.1761     	-0.125927  	-6.13603   	0.0918525  
  2.8388  	2.17623    	-0.125822  	-6.13523   	0.0918428  
  2.8389  	2.17636    	-0.125716  	-6.13442   	0.0918331  
  2.839   	2.17649    	-0.12561   	-6.13362   	0.0918233  
  2.8391  	2.17662    	-0.125504  	-6.13281   	0.0918136  
  2.8392  	2.17675    	-0.125397  	-6.13201   	0.0918039  
  2.8393  	2.17688    	-0.12529   	-6.1312    	0.0917942  
  2.8394  	2.177      	-0.125184  	-6.1304    	0.0917845  
  2.8395  	2.17713    	-0.125076  	-6.12959   	0.0917749  
  2.8396  	2.17726    	-0.124969  	-6.12879   	0.0917652  
  2.8397  	2.17739    	-0.124862  	-6.12798   	0.0917555  
  2.8398  	2.17751    	-0.124754  	-6.12718   	0.0917458  
  2.8399  	2.17764    	-0.124646  	-6.12637   	0.0917361  
  2.84    	2.17777    	-0.124538  	-6.12557   	0.0917264  
  2.8401  	2.17789    	-0.124429  	-6.12476   	0.0917167  
  2.8402  	2.17802    	-0.124321  	-6.12396   	0.091707   
  2.8403  	2.17814    	-0.124212  	-6.12315   	0.0916973  
  2.8404  	2.17827    	-0.124103  	-6.12235   	0.0916876  
  2.8405  	2.17839    	-0.123994  	-6.12155   	0.091678   
  2.8406  	2.17852    	-0.123885  	-6.12074   	0.0916683  
  2.8407  	2.17864    	-0.123775  	-6.11994   	0.0916586  
  2.8408  	2.17876    	-0.123666  	-6.11913   	0.0916489  
  2.8409  	2.17889    	-0.123556  	-6.11833   	0.0916392  
  2.841   	2.17901    	-0.123446  	-6.11753   	0.0916296  
  2.8411  	2.17913    	-0.123335  	-6.11672   	0.0916199  
  2.8412  	2.17925    	-0.123225  	-6.11592   	0.0916102  
  2.8413  	2.17937    	-0.123114  	-6.11512   	0.0916005  
  2.8414  	2.17949    	-0.123003  	-6.11431   	0.0915909  
  2.8415  	2.17961    	-0.122892  	-6.11351   	0.0915812  
  2.8416  	2.17973    	-0.122781  	-6.11271   	0.0915715  
  2.8417  	2.17985    	-0.12267   	-6.1119    	0.0915619  
  2.8418  	2.17997    	-0.122558  	-6.1111    	0.0915522  
  2.8419  	2.18009    	-0.122447  	-6.1103    	0.0915425  
  2.842   	2.18021    	-0.122335  	-6.10949   	0.0915329  
  2.8421  	2.18033    	-0.122223  	-6.10869   	0.0915232  
  2.8422  	2.18045    	-0.122111  	-6.10789   	0.0915136  
  2.8423  	2.18057    	-0.121998  	-6.10709   	0.0915039  
  2.8424  	2.18068    	-0.121886  	-6.10628   	0.0914942  
  2.8425  	2.1808     	-0.121773  	-6.10548   	0.0914846  
  2.8426  	2.18092    	-0.12166   	-6.10468   	0.0914749  
  2.8427  	2.18103    	-0.121547  	-6.10388   	0.0914653  
  2.8428  	2.18115    	-0.121434  	-6.10307   	0.0914556  
  2.8429  	2.18127    	-0.121321  	-6.10227   	0.091446   
  2.843   	2.18138    	-0.121207  	-6.10147   	0.0914363  
  2.8431  	2.18149    	-0.121093  	-6.10067   	0.0914267  
  2.8432  	2.18161    	-0.12098   	-6.09987   	0.091417   
  2.8433  	2.18172    	-0.120866  	-6.09906   	0.0914074  
  2.8434  	2.18184    	-0.120751  	-6.09826   	0.0913978  
  2.8435  	2.18195    	-0.120637  	-6.09746   	0.0913881  
  2.8436  	2.18206    	-0.120523  	-6.09666   	0.0913785  
  2.8437  	2.18218    	-0.120408  	-6.09586   	0.0913688  
  2.8438  	2.18229    	-0.120293  	-6.09506   	0.0913592  
  2.8439  	2.1824     	-0.120179  	-6.09425   	0.0913496  
  2.844   	2.18251    	-0.120064  	-6.09345   	0.0913399  
  2.8441  	2.18262    	-0.119948  	-6.09265   	0.0913303  
  2.8442  	2.18273    	-0.119833  	-6.09185   	0.0913207  
  2.8443  	2.18284    	-0.119718  	-6.09105   	0.091311   
  2.8444  	2.18295    	-0.119602  	-6.09025   	0.0913014  
  2.8445  	2.18306    	-0.119487  	-6.08945   	0.0912918  
  2.8446  	2.18317    	-0.119371  	-6.08865   	0.0912821  
  2.8447  	2.18328    	-0.119255  	-6.08785   	0.0912725  
  2.8448  	2.18339    	-0.119139  	-6.08705   	0.0912629  
  2.8449  	2.1835     	-0.119022  	-6.08625   	0.0912533  
  2.845   	2.18361    	-0.118906  	-6.08545   	0.0912436  
  2.8451  	2.18371    	-0.11879   	-6.08465   	0.091234   
  2.8452  	2.18382    	-0.118673  	-6.08385   	0.0912244  
  2.8453  	2.18393    	-0.118556  	-6.08304   	0.0912148  
  2.8454  	2.18403    	-0.118439  	-6.08224   	0.0912052  
  2.8455  	2.18414    	-0.118322  	-6.08145   	0.0911956  
  2.8456  	2.18425    	-0.118205  	-6.08065   	0.0911859  
  2.8457  	2.18435    	-0.118088  	-6.07985   	0.0911763  
  2.8458  	2.18446    	-0.117971  	-6.07905   	0.0911667  
  2.8459  	2.18456    	-0.117853  	-6.07825   	0.0911571  
  2.846   	2.18466    	-0.117736  	-6.07745   	0.0911475  
  2.8461  	2.18477    	-0.117618  	-6.07665   	0.0911379  
  2.8462  	2.18487    	-0.1175    	-6.07585   	0.0911283  
  2.8463  	2.18497    	-0.117382  	-6.07505   	0.0911187  
  2.8464  	2.18508    	-0.117264  	-6.07425   	0.0911091  
  2.8465  	2.18518    	-0.117146  	-6.07345   	0.0910995  
  2.8466  	2.18528    	-0.117028  	-6.07265   	0.0910899  
  2.8467  	2.18538    	-0.11691   	-6.07185   	0.0910803  
  2.8468  	2.18548    	-0.116791  	-6.07105   	0.0910707  
  2.8469  	2.18559    	-0.116673  	-6.07025   	0.0910611  
  2.847   	2.18569    	-0.116554  	-6.06946   	0.0910515  
  2.8471  	2.18579    	-0.116436  	-6.06866   	0.0910419  
  2.8472  	2.18589    	-0.116317  	-6.06786   	0.0910323  
  2.8473  	2.18598    	-0.116198  	-6.06706   	0.0910227  
  2.8474  	2.18608    	-0.116079  	-6.06626   	0.0910131  
  2.8475  	2.18618    	-0.11596   	-6.06546   	0.0910035  
  2.8476  	2.18628    	-0.11584   	-6.06467   	0.090994   
  2.8477  	2.18638    	-0.115721  	-6.06387   	0.0909844  
  2.8478  	2.18648    	-0.115602  	-6.06307   	0.0909748  
  2.8479  	2.18657    	-0.115482  	-6.06227   	0.0909652  
  2.848   	2.18667    	-0.115363  	-6.06147   	0.0909556  
  2.8481  	2.18677    	-0.115243  	-6.06068   	0.090946   
  2.8482  	2.18686    	-0.115123  	-6.05988   	0.0909365  
  2.8483  	2.18696    	-0.115004  	-6.05908   	0.0909269  
  2.8484  	2.18705    	-0.114884  	-6.05828   	0.0909173  
  2.8485  	2.18715    	-0.114764  	-6.05749   	0.0909077  
  2.8486  	2.18724    	-0.114644  	-6.05669   	0.0908982  
  2.8487  	2.18734    	-0.114524  	-6.05589   	0.0908886  
  2.8488  	2.18743    	-0.114403  	-6.05509   	0.090879   
  2.8489  	2.18753    	-0.114283  	-6.0543    	0.0908694  
  2.849   	2.18762    	-0.114163  	-6.0535    	0.0908599  
  2.8491  	2.18771    	-0.114042  	-6.0527    	0.0908503  
  2.8492  	2.18781    	-0.113922  	-6.05191   	0.0908407  
  2.8493  	2.1879     	-0.113801  	-6.05111   	0.0908312  
  2.8494  	2.18799    	-0.113681  	-6.05031   	0.0908216  
  2.8495  	2.18808    	-0.11356   	-6.04952   	0.0908121  
  2.8496  	2.18817    	-0.113439  	-6.04872   	0.0908025  
  2.8497  	2.18826    	-0.113318  	-6.04792   	0.0907929  
  2.8498  	2.18835    	-0.113197  	-6.04713   	0.0907834  
  2.8499  	2.18844    	-0.113076  	-6.04633   	0.0907738  
  2.85    	2.18853    	-0.112955  	-6.04553   	0.0907643  
  2.8501  	2.18862    	-0.112834  	-6.04474   	0.0907547  
  2.8502  	2.18871    	-0.112713  	-6.04394   	0.0907452  
  2.8503  	2.1888     	-0.112592  	-6.04315   	0.0907356  
  2.8504  	2.18889    	-0.112471  	-6.04235   	0.0907261  
  2.8505  	2.18898    	-0.112349  	-6.04155   	0.0907165  
  2.8506  	2.18906    	-0.112228  	-6.04076   	0.090707   
  2.8507  	2.18915    	-0.112106  	-6.03996   	0.0906974  
  2.8508  	2.18924    	-0.111985  	-6.03917   	0.0906879  
  2.8509  	2.18933    	-0.111863  	-6.03837   	0.0906783  
  2.851   	2.18941    	-0.111742  	-6.03758   	0.0906688  
  2.8511  	2.1895     	-0.11162   	-6.03678   	0.0906593  
  2.8512  	2.18958    	-0.111498  	-6.03599   	0.0906497  
  2.8513  	2.18967    	-0.111377  	-6.03519   	0.0906402  
  2.8514  	2.18975    	-0.111255  	-6.0344    	0.0906307  
  2.8515  	2.18984    	-0.111133  	-6.0336    	0.0906211  
  2.8516  	2.18992    	-0.111011  	-6.03281   	0.0906116  
  2.8517  	2.19001    	-0.110889  	-6.03201   	0.0906021  
  2.8518  	2.19009    	-0.110767  	-6.03122   	0.0905925  
  2.8519  	2.19017    	-0.110645  	-6.03042   	0.090583   
  2.852   	2.19026    	-0.110523  	-6.02963   	0.0905735  
  2.8521  	2.19034    	-0.110401  	-6.02883   	0.0905639  
  2.8522  	2.19042    	-0.110279  	-6.02804   	0.0905544  
  2.8523  	2.1905     	-0.110157  	-6.02725   	0.0905449  
  2.8524  	2.19058    	-0.110035  	-6.02645   	0.0905354  
  2.8525  	2.19066    	-0.109913  	-6.02566   	0.0905258  
  2.8526  	2.19074    	-0.109791  	-6.02486   	0.0905163  
  2.8527  	2.19082    	-0.109668  	-6.02407   	0.0905068  
  2.8528  	2.1909     	-0.109546  	-6.02328   	0.0904973  
  2.8529  	2.19098    	-0.109424  	-6.02248   	0.0904878  
  2.853   	2.19106    	-0.109301  	-6.02169   	0.0904783  
  2.8531  	2.19114    	-0.109179  	-6.02089   	0.0904688  
  2.8532  	2.19122    	-0.109057  	-6.0201    	0.0904592  
  2.8533  	2.1913     	-0.108934  	-6.01931   	0.0904497  
  2.8534  	2.19138    	-0.108812  	-6.01851   	0.0904402  
  2.8535  	2.19146    	-0.108689  	-6.01772   	0.0904307  
  2.8536  	2.19153    	-0.108567  	-6.01693   	0.0904212  
  2.8537  	2.19161    	-0.108444  	-6.01613   	0.0904117  
  2.8538  	2.19169    	-0.108322  	-6.01534   	0.0904022  
  2.8539  	2.19176    	-0.108199  	-6.01455   	0.0903927  
  2.854   	2.19184    	-0.108077  	-6.01376   	0.0903832  
  2.8541  	2.19191    	-0.107954  	-6.01296   	0.0903737  
  2.8542  	2.19199    	-0.107832  	-6.01217   	0.0903642  
  2.8543  	2.19206    	-0.107709  	-6.01138   	0.0903547  
  2.8544  	2.19214    	-0.107586  	-6.01059   	0.0903452  
  2.8545  	2.19221    	-0.107464  	-6.00979   	0.0903357  
  2.8546  	2.19229    	-0.107341  	-6.009     	0.0903262  
  2.8547  	2.19236    	-0.107218  	-6.00821   	0.0903167  
  2.8548  	2.19243    	-0.107096  	-6.00742   	0.0903072  
  2.8549  	2.19251    	-0.106973  	-6.00662   	0.0902977  
  2.855   	2.19258    	-0.10685   	-6.00583   	0.0902883  
  2.8551  	2.19265    	-0.106728  	-6.00504   	0.0902788  
  2.8552  	2.19272    	-0.106605  	-6.00425   	0.0902693  
  2.8553  	2.1928     	-0.106482  	-6.00346   	0.0902598  
  2.8554  	2.19287    	-0.10636   	-6.00267   	0.0902503  
  2.8555  	2.19294    	-0.106237  	-6.00187   	0.0902408  
  2.8556  	2.19301    	-0.106114  	-6.00108   	0.0902314  
  2.8557  	2.19308    	-0.105992  	-6.00029   	0.0902219  
  2.8558  	2.19315    	-0.105869  	-5.9995    	0.0902124  
  2.8559  	2.19322    	-0.105746  	-5.99871   	0.0902029  
  2.856   	2.19329    	-0.105624  	-5.99792   	0.0901935  
  2.8561  	2.19336    	-0.105501  	-5.99713   	0.090184   
  2.8562  	2.19343    	-0.105378  	-5.99633   	0.0901745  
  2.8563  	2.19349    	-0.105256  	-5.99554   	0.090165   
  2.8564  	2.19356    	-0.105133  	-5.99475   	0.0901556  
  2.8565  	2.19363    	-0.105011  	-5.99396   	0.0901461  
  2.8566  	2.1937     	-0.104888  	-5.99317   	0.0901366  
  2.8567  	2.19376    	-0.104765  	-5.99238   	0.0901272  
  2.8568  	2.19383    	-0.104643  	-5.99159   	0.0901177  
  2.8569  	2.1939     	-0.10452   	-5.9908    	0.0901082  
  2.857   	2.19396    	-0.104398  	-5.99001   	0.0900988  
  2.8571  	2.19403    	-0.104275  	-5.98922   	0.0900893  
  2.8572  	2.1941     	-0.104152  	-5.98843   	0.0900799  
  2.8573  	2.19416    	-0.10403   	-5.98764   	0.0900704  
  2.8574  	2.19423    	-0.103907  	-5.98685   	0.090061   
  2.8575  	2.19429    	-0.103785  	-5.98606   	0.0900515  
  2.8576  	2.19435    	-0.103662  	-5.98527   	0.090042   
  2.8577  	2.19442    	-0.10354   	-5.98448   	0.0900326  
  2.8578  	2.19448    	-0.103418  	-5.98369   	0.0900231  
  2.8579  	2.19455    	-0.103295  	-5.9829    	0.0900137  
  2.858   	2.19461    	-0.103173  	-5.98211   	0.0900042  
  2.8581  	2.19467    	-0.10305   	-5.98132   	0.0899948  
  2.8582  	2.19473    	-0.102928  	-5.98053   	0.0899854  
  2.8583  	2.1948     	-0.102806  	-5.97974   	0.0899759  
  2.8584  	2.19486    	-0.102683  	-5.97895   	0.0899665  
  2.8585  	2.19492    	-0.102561  	-5.97817   	0.089957   
  2.8586  	2.19498    	-0.102439  	-5.97738   	0.0899476  
  2.8587  	2.19504    	-0.102317  	-5.97659   	0.0899381  
  2.8588  	2.1951     	-0.102195  	-5.9758    	0.0899287  
  2.8589  	2.19516    	-0.102072  	-5.97501   	0.0899193  
  2.859   	2.19522    	-0.10195   	-5.97422   	0.0899098  
  2.8591  	2.19528    	-0.101828  	-5.97343   	0.0899004  
  2.8592  	2.19534    	-0.101706  	-5.97264   	0.089891   
  2.8593  	2.1954     	-0.101584  	-5.97186   	0.0898815  
  2.8594  	2.19546    	-0.101462  	-5.97107   	0.0898721  
  2.8595  	2.19552    	-0.10134   	-5.97028   	0.0898627  
  2.8596  	2.19557    	-0.101218  	-5.96949   	0.0898533  
  2.8597  	2.19563    	-0.101096  	-5.9687    	0.0898438  
  2.8598  	2.19569    	-0.100974  	-5.96791   	0.0898344  
  2.8599  	2.19575    	-0.100853  	-5.96713   	0.089825   
  2.86    	2.1958     	-0.100731  	-5.96634   	0.0898156  
  2.8601  	2.19586    	-0.100609  	-5.96555   	0.0898061  
  2.8602  	2.19592    	-0.100487  	-5.96476   	0.0897967  
  2.8603  	2.19597    	-0.100366  	-5.96398   	0.0897873  
  2.8604  	2.19603    	-0.100244  	-5.96319   	0.0897779  
  2.8605  	2.19608    	-0.100123  	-5.9624    	0.0897685  
  2.8606  	2.19614    	-0.100001  	-5.96161   	0.0897591  
  2.8607  	2.19619    	-0.0998797 	-5.96083   	0.0897497  
  2.8608  	2.19625    	-0.0997583 	-5.96004   	0.0897402  
  2.8609  	2.1963     	-0.0996369 	-5.95925   	0.0897308  
  2.861   	2.19636    	-0.0995155 	-5.95846   	0.0897214  
  2.8611  	2.19641    	-0.0993942 	-5.95768   	0.089712   
  2.8612  	2.19646    	-0.099273  	-5.95689   	0.0897026  
  2.8613  	2.19652    	-0.0991518 	-5.9561    	0.0896932  
  2.8614  	2.19657    	-0.0990307 	-5.95532   	0.0896838  
  2.8615  	2.19662    	-0.0989096 	-5.95453   	0.0896744  
  2.8616  	2.19667    	-0.0987885 	-5.95374   	0.089665   
  2.8617  	2.19672    	-0.0986675 	-5.95296   	0.0896556  
  2.8618  	2.19678    	-0.0985466 	-5.95217   	0.0896462  
  2.8619  	2.19683    	-0.0984257 	-5.95139   	0.0896368  
  2.862   	2.19688    	-0.0983049 	-5.9506    	0.0896274  
  2.8621  	2.19693    	-0.0981841 	-5.94981   	0.089618   
  2.8622  	2.19698    	-0.0980634 	-5.94903   	0.0896086  
  2.8623  	2.19703    	-0.0979427 	-5.94824   	0.0895992  
  2.8624  	2.19708    	-0.0978221 	-5.94746   	0.0895898  
  2.8625  	2.19713    	-0.0977015 	-5.94667   	0.0895805  
  2.8626  	2.19718    	-0.097581  	-5.94588   	0.0895711  
  2.8627  	2.19723    	-0.0974606 	-5.9451    	0.0895617  
  2.8628  	2.19728    	-0.0973402 	-5.94431   	0.0895523  
  2.8629  	2.19732    	-0.0972199 	-5.94353   	0.0895429  
  2.863   	2.19737    	-0.0970996 	-5.94274   	0.0895335  
  2.8631  	2.19742    	-0.0969794 	-5.94196   	0.0895242  
  2.8632  	2.19747    	-0.0968593 	-5.94117   	0.0895148  
  2.8633  	2.19752    	-0.0967392 	-5.94039   	0.0895054  
  2.8634  	2.19756    	-0.0966192 	-5.9396    	0.089496   
  2.8635  	2.19761    	-0.0964993 	-5.93882   	0.0894866  
  2.8636  	2.19766    	-0.0963794 	-5.93803   	0.0894773  
  2.8637  	2.1977     	-0.0962596 	-5.93725   	0.0894679  
  2.8638  	2.19775    	-0.0961398 	-5.93646   	0.0894585  
  2.8639  	2.19779    	-0.0960201 	-5.93568   	0.0894492  
  2.864   	2.19784    	-0.0959005 	-5.93489   	0.0894398  
  2.8641  	2.19788    	-0.095781  	-5.93411   	0.0894304  
  2.8642  	2.19793    	-0.0956615 	-5.93332   	0.0894211  
  2.8643  	2.19797    	-0.0955421 	-5.93254   	0.0894117  
  2.8644  	2.19802    	-0.0954227 	-5.93175   	0.0894023  
  2.8645  	2.19806    	-0.0953034 	-5.93097   	0.089393   
  2.8646  	2.19811    	-0.0951842 	-5.93019   	0.0893836  
  2.8647  	2.19815    	-0.0950651 	-5.9294    	0.0893742  
  2.8648  	2.19819    	-0.094946  	-5.92862   	0.0893649  
  2.8649  	2.19824    	-0.094827  	-5.92784   	0.0893555  
  2.865   	2.19828    	-0.0947081 	-5.92705   	0.0893462  
  2.8651  	2.19832    	-0.0945893 	-5.92627   	0.0893368  
  2.8652  	2.19836    	-0.0944705 	-5.92548   	0.0893275  
  2.8653  	2.1984     	-0.0943518 	-5.9247    	0.0893181  
  2.8654  	2.19845    	-0.0942332 	-5.92392   	0.0893088  
  2.8655  	2.19849    	-0.0941146 	-5.92313   	0.0892994  
  2.8656  	2.19853    	-0.0939962 	-5.92235   	0.0892901  
  2.8657  	2.19857    	-0.0938778 	-5.92157   	0.0892807  
  2.8658  	2.19861    	-0.0937595 	-5.92078   	0.0892714  
  2.8659  	2.19865    	-0.0936412 	-5.92      	0.089262   
  2.866   	2.19869    	-0.0935231 	-5.91922   	0.0892527  
  2.8661  	2.19873    	-0.093405  	-5.91844   	0.0892433  
  2.8662  	2.19877    	-0.093287  	-5.91765   	0.089234   
  2.8663  	2.19881    	-0.0931691 	-5.91687   	0.0892247  
  2.8664  	2.19885    	-0.0930512 	-5.91609   	0.0892153  
  2.8665  	2.19889    	-0.0929335 	-5.91531   	0.089206   
  2.8666  	2.19893    	-0.0928158 	-5.91452   	0.0891967  
  2.8667  	2.19896    	-0.0926982 	-5.91374   	0.0891873  
  2.8668  	2.199      	-0.0925807 	-5.91296   	0.089178   
  2.8669  	2.19904    	-0.0924632 	-5.91218   	0.0891687  
  2.867   	2.19908    	-0.0923459 	-5.91139   	0.0891593  
  2.8671  	2.19911    	-0.0922286 	-5.91061   	0.08915    
  2.8672  	2.19915    	-0.0921114 	-5.90983   	0.0891407  
  2.8673  	2.19919    	-0.0919943 	-5.90905   	0.0891313  
  2.8674  	2.19923    	-0.0918773 	-5.90827   	0.089122   
  2.8675  	2.19926    	-0.0917604 	-5.90748   	0.0891127  
  2.8676  	2.1993     	-0.0916436 	-5.9067    	0.0891034  
  2.8677  	2.19933    	-0.0915268 	-5.90592   	0.0890941  
  2.8678  	2.19937    	-0.0914102 	-5.90514   	0.0890847  
  2.8679  	2.1994     	-0.0912936 	-5.90436   	0.0890754  
  2.868   	2.19944    	-0.0911771 	-5.90358   	0.0890661  
  2.8681  	2.19947    	-0.0910607 	-5.9028    	0.0890568  
  2.8682  	2.19951    	-0.0909444 	-5.90202   	0.0890475  
  2.8683  	2.19954    	-0.0908282 	-5.90123   	0.0890382  
  2.8684  	2.19958    	-0.090712  	-5.90045   	0.0890288  
  2.8685  	2.19961    	-0.090596  	-5.89967   	0.0890195  
  2.8686  	2.19964    	-0.0904801 	-5.89889   	0.0890102  
  2.8687  	2.19968    	-0.0903642 	-5.89811   	0.0890009  
  2.8688  	2.19971    	-0.0902484 	-5.89733   	0.0889916  
  2.8689  	2.19974    	-0.0901328 	-5.89655   	0.0889823  
  2.869   	2.19978    	-0.0900172 	-5.89577   	0.088973   
  2.8691  	2.19981    	-0.0899017 	-5.89499   	0.0889637  
  2.8692  	2.19984    	-0.0897863 	-5.89421   	0.0889544  
  2.8693  	2.19987    	-0.089671  	-5.89343   	0.0889451  
  2.8694  	2.1999     	-0.0895558 	-5.89265   	0.0889358  
  2.8695  	2.19994    	-0.0894407 	-5.89187   	0.0889265  
  2.8696  	2.19997    	-0.0893257 	-5.89109   	0.0889172  
  2.8697  	2.2        	-0.0892108 	-5.89031   	0.0889079  
  2.8698  	2.20003    	-0.0890959 	-5.88953   	0.0888986  
  2.8699  	2.20006    	-0.0889812 	-5.88875   	0.0888893  
  2.87    	2.20009    	-0.0888666 	-5.88797   	0.08888    
  2.8701  	2.20012    	-0.0887521 	-5.88719   	0.0888707  
  2.8702  	2.20015    	-0.0886376 	-5.88641   	0.0888615  
  2.8703  	2.20018    	-0.0885233 	-5.88563   	0.0888522  
  2.8704  	2.20021    	-0.088409  	-5.88485   	0.0888429  
  2.8705  	2.20024    	-0.0882949 	-5.88407   	0.0888336  
  2.8706  	2.20027    	-0.0881809 	-5.88329   	0.0888243  
  2.8707  	2.2003     	-0.0880669 	-5.88251   	0.088815   
  2.8708  	2.20032    	-0.0879531 	-5.88174   	0.0888058  
  2.8709  	2.20035    	-0.0878393 	-5.88096   	0.0887965  
  2.871   	2.20038    	-0.0877257 	-5.88018   	0.0887872  
  2.8711  	2.20041    	-0.0876122 	-5.8794    	0.0887779  
  2.8712  	2.20044    	-0.0874987 	-5.87862   	0.0887686  
  2.8713  	2.20046    	-0.0873854 	-5.87784   	0.0887594  
  2.8714  	2.20049    	-0.0872722 	-5.87706   	0.0887501  
  2.8715  	2.20052    	-0.087159  	-5.87628   	0.0887408  
  2.8716  	2.20054    	-0.087046  	-5.87551   	0.0887316  
  2.8717  	2.20057    	-0.0869331 	-5.87473   	0.0887223  
  2.8718  	2.2006     	-0.0868203 	-5.87395   	0.088713   
  2.8719  	2.20062    	-0.0867075 	-5.87317   	0.0887038  
  2.872   	2.20065    	-0.0865949 	-5.87239   	0.0886945  
  2.8721  	2.20067    	-0.0864824 	-5.87162   	0.0886852  
  2.8722  	2.2007     	-0.08637   	-5.87084   	0.088676   
  2.8723  	2.20072    	-0.0862577 	-5.87006   	0.0886667  
  2.8724  	2.20075    	-0.0861455 	-5.86928   	0.0886574  
  2.8725  	2.20077    	-0.0860334 	-5.8685    	0.0886482  
  2.8726  	2.2008     	-0.0859214 	-5.86773   	0.0886389  
  2.8727  	2.20082    	-0.0858096 	-5.86695   	0.0886297  
  2.8728  	2.20085    	-0.0856978 	-5.86617   	0.0886204  
  2.8729  	2.20087    	-0.0855861 	-5.8654    	0.0886112  
  2.873   	2.20089    	-0.0854746 	-5.86462   	0.0886019  
  2.8731  	2.20092    	-0.0853631 	-5.86384   	0.0885927  
  2.8732  	2.20094    	-0.0852518 	-5.86306   	0.0885834  
  2.8733  	2.20096    	-0.0851406 	-5.86229   	0.0885742  
  2.8734  	2.20099    	-0.0850294 	-5.86151   	0.0885649  
  2.8735  	2.20101    	-0.0849184 	-5.86073   	0.0885557  
  2.8736  	2.20103    	-0.0848075 	-5.85996   	0.0885464  
  2.8737  	2.20105    	-0.0846967 	-5.85918   	0.0885372  
  2.8738  	2.20108    	-0.084586  	-5.8584    	0.0885279  
  2.8739  	2.2011     	-0.0844755 	-5.85763   	0.0885187  
  2.874   	2.20112    	-0.084365  	-5.85685   	0.0885095  
  2.8741  	2.20114    	-0.0842546 	-5.85607   	0.0885002  
  2.8742  	2.20116    	-0.0841444 	-5.8553    	0.088491   
  2.8743  	2.20118    	-0.0840342 	-5.85452   	0.0884817  
  2.8744  	2.2012     	-0.0839242 	-5.85375   	0.0884725  
  2.8745  	2.20122    	-0.0838143 	-5.85297   	0.0884633  
  2.8746  	2.20125    	-0.0837045 	-5.85219   	0.0884541  
  2.8747  	2.20127    	-0.0835948 	-5.85142   	0.0884448  
  2.8748  	2.20129    	-0.0834852 	-5.85064   	0.0884356  
  2.8749  	2.20131    	-0.0833758 	-5.84987   	0.0884264  
  2.875   	2.20132    	-0.0832664 	-5.84909   	0.0884171  
  2.8751  	2.20134    	-0.0831572 	-5.84832   	0.0884079  
  2.8752  	2.20136    	-0.0830481 	-5.84754   	0.0883987  
  2.8753  	2.20138    	-0.082939  	-5.84676   	0.0883895  
  2.8754  	2.2014     	-0.0828301 	-5.84599   	0.0883802  
  2.8755  	2.20142    	-0.0827214 	-5.84521   	0.088371   
  2.8756  	2.20144    	-0.0826127 	-5.84444   	0.0883618  
  2.8757  	2.20146    	-0.0825041 	-5.84366   	0.0883526  
  2.8758  	2.20147    	-0.0823957 	-5.84289   	0.0883434  
  2.8759  	2.20149    	-0.0822874 	-5.84211   	0.0883342  
  2.876   	2.20151    	-0.0821791 	-5.84134   	0.0883249  
  2.8761  	2.20153    	-0.082071  	-5.84056   	0.0883157  
  2.8762  	2.20154    	-0.0819631 	-5.83979   	0.0883065  
  2.8763  	2.20156    	-0.0818552 	-5.83902   	0.0882973  
  2.8764  	2.20158    	-0.0817474 	-5.83824   	0.0882881  
  2.8765  	2.2016     	-0.0816398 	-5.83747   	0.0882789  
  2.8766  	2.20161    	-0.0815323 	-5.83669   	0.0882697  
  2.8767  	2.20163    	-0.0814249 	-5.83592   	0.0882605  
  2.8768  	2.20164    	-0.0813176 	-5.83514   	0.0882513  
  2.8769  	2.20166    	-0.0812104 	-5.83437   	0.0882421  
  2.877   	2.20168    	-0.0811034 	-5.8336    	0.0882329  
  2.8771  	2.20169    	-0.0809965 	-5.83282   	0.0882237  
  2.8772  	2.20171    	-0.0808896 	-5.83205   	0.0882145  
  2.8773  	2.20172    	-0.0807829 	-5.83127   	0.0882053  
  2.8774  	2.20174    	-0.0806764 	-5.8305    	0.0881961  
  2.8775  	2.20175    	-0.0805699 	-5.82973   	0.0881869  
  2.8776  	2.20177    	-0.0804635 	-5.82895   	0.0881777  
  2.8777  	2.20178    	-0.0803573 	-5.82818   	0.0881685  
  2.8778  	2.2018     	-0.0802512 	-5.82741   	0.0881593  
  2.8779  	2.20181    	-0.0801452 	-5.82663   	0.0881501  
  2.878   	2.20182    	-0.0800393 	-5.82586   	0.0881409  
  2.8781  	2.20184    	-0.0799336 	-5.82509   	0.0881318  
  2.8782  	2.20185    	-0.079828  	-5.82431   	0.0881226  
  2.8783  	2.20187    	-0.0797224 	-5.82354   	0.0881134  
  2.8784  	2.20188    	-0.079617  	-5.82277   	0.0881042  
  2.8785  	2.20189    	-0.0795118 	-5.822     	0.088095   
  2.8786  	2.2019     	-0.0794066 	-5.82122   	0.0880858  
  2.8787  	2.20192    	-0.0793016 	-5.82045   	0.0880767  
  2.8788  	2.20193    	-0.0791967 	-5.81968   	0.0880675  
  2.8789  	2.20194    	-0.0790919 	-5.81891   	0.0880583  
  2.879   	2.20195    	-0.0789872 	-5.81813   	0.0880491  
  2.8791  	2.20197    	-0.0788826 	-5.81736   	0.08804    
  2.8792  	2.20198    	-0.0787782 	-5.81659   	0.0880308  
  2.8793  	2.20199    	-0.0786739 	-5.81582   	0.0880216  
  2.8794  	2.202      	-0.0785697 	-5.81505   	0.0880124  
  2.8795  	2.20201    	-0.0784656 	-5.81427   	0.0880033  
  2.8796  	2.20202    	-0.0783617 	-5.8135    	0.0879941  
  2.8797  	2.20203    	-0.0782579 	-5.81273   	0.0879849  
  2.8798  	2.20205    	-0.0781541 	-5.81196   	0.0879758  
  2.8799  	2.20206    	-0.0780506 	-5.81119   	0.0879666  
  2.88    	2.20207    	-0.0779471 	-5.81041   	0.0879575  
  2.8801  	2.20208    	-0.0778438 	-5.80964   	0.0879483  
  2.8802  	2.20209    	-0.0777405 	-5.80887   	0.0879391  
  2.8803  	2.2021     	-0.0776374 	-5.8081    	0.08793    
  2.8804  	2.20211    	-0.0775345 	-5.80733   	0.0879208  
  2.8805  	2.20212    	-0.0774316 	-5.80656   	0.0879117  
  2.8806  	2.20213    	-0.0773289 	-5.80579   	0.0879025  
  2.8807  	2.20214    	-0.0772263 	-5.80502   	0.0878933  
  2.8808  	2.20215    	-0.0771238 	-5.80425   	0.0878842  
  2.8809  	2.20215    	-0.0770214 	-5.80347   	0.087875   
  2.881   	2.20216    	-0.0769192 	-5.8027    	0.0878659  
  2.8811  	2.20217    	-0.0768171 	-5.80193   	0.0878567  
  2.8812  	2.20218    	-0.0767151 	-5.80116   	0.0878476  
  2.8813  	2.20219    	-0.0766132 	-5.80039   	0.0878385  
  2.8814  	2.2022     	-0.0765115 	-5.79962   	0.0878293  
  2.8815  	2.20221    	-0.0764098 	-5.79885   	0.0878202  
  2.8816  	2.20221    	-0.0763083 	-5.79808   	0.087811   
  2.8817  	2.20222    	-0.0762069 	-5.79731   	0.0878019  
  2.8818  	2.20223    	-0.0761057 	-5.79654   	0.0877927  
  2.8819  	2.20224    	-0.0760046 	-5.79577   	0.0877836  
  2.882   	2.20224    	-0.0759036 	-5.795     	0.0877745  
  2.8821  	2.20225    	-0.0758027 	-5.79423   	0.0877653  
  2.8822  	2.20226    	-0.0757019 	-5.79346   	0.0877562  
  2.8823  	2.20226    	-0.0756013 	-5.79269   	0.0877471  
  2.8824  	2.20227    	-0.0755008 	-5.79192   	0.0877379  
  2.8825  	2.20228    	-0.0754004 	-5.79115   	0.0877288  
  2.8826  	2.20228    	-0.0753001 	-5.79038   	0.0877197  
  2.8827  	2.20229    	-0.0752    	-5.78961   	0.0877105  
  2.8828  	2.2023     	-0.0751    	-5.78884   	0.0877014  
  2.8829  	2.2023     	-0.0750001 	-5.78807   	0.0876923  
  2.883   	2.20231    	-0.0749003 	-5.78731   	0.0876832  
  2.8831  	2.20231    	-0.0748007 	-5.78654   	0.087674   
  2.8832  	2.20232    	-0.0747012 	-5.78577   	0.0876649  
  2.8833  	2.20233    	-0.0746018 	-5.785     	0.0876558  
  2.8834  	2.20233    	-0.0745025 	-5.78423   	0.0876467  
  2.8835  	2.20234    	-0.0744034 	-5.78346   	0.0876376  
  2.8836  	2.20234    	-0.0743044 	-5.78269   	0.0876284  
  2.8837  	2.20235    	-0.0742055 	-5.78192   	0.0876193  
  2.8838  	2.20235    	-0.0741067 	-5.78116   	0.0876102  
  2.8839  	2.20235    	-0.0740081 	-5.78039   	0.0876011  
  2.884   	2.20236    	-0.0739095 	-5.77962   	0.087592   
  2.8841  	2.20236    	-0.0738112 	-5.77885   	0.0875829  
  2.8842  	2.20237    	-0.0737129 	-5.77808   	0.0875738  
  2.8843  	2.20237    	-0.0736148 	-5.77731   	0.0875647  
  2.8844  	2.20237    	-0.0735167 	-5.77655   	0.0875556  
  2.8845  	2.20238    	-0.0734188 	-5.77578   	0.0875465  
  2.8846  	2.20238    	-0.0733211 	-5.77501   	0.0875373  
  2.8847  	2.20239    	-0.0732234 	-5.77424   	0.0875282  
  2.8848  	2.20239    	-0.0731259 	-5.77347   	0.0875191  
  2.8849  	2.20239    	-0.0730285 	-5.77271   	0.08751    
  2.885   	2.20239    	-0.0729313 	-5.77194   	0.0875009  
  2.8851  	2.2024     	-0.0728341 	-5.77117   	0.0874918  
  2.8852  	2.2024     	-0.0727371 	-5.7704    	0.0874827  
  2.8853  	2.2024     	-0.0726403 	-5.76964   	0.0874737  
  2.8854  	2.20241    	-0.0725435 	-5.76887   	0.0874646  
  2.8855  	2.20241    	-0.0724469 	-5.7681    	0.0874555  
  2.8856  	2.20241    	-0.0723504 	-5.76734   	0.0874464  
  2.8857  	2.20241    	-0.072254  	-5.76657   	0.0874373  
  2.8858  	2.20241    	-0.0721577 	-5.7658    	0.0874282  
  2.8859  	2.20242    	-0.0720616 	-5.76504   	0.0874191  
  2.886   	2.20242    	-0.0719656 	-5.76427   	0.08741    
  2.8861  	2.20242    	-0.0718697 	-5.7635    	0.0874009  
  2.8862  	2.20242    	-0.0717739 	-5.76274   	0.0873919  
  2.8863  	2.20242    	-0.0716783 	-5.76197   	0.0873828  
  2.8864  	2.20242    	-0.0715828 	-5.7612    	0.0873737  
  2.8865  	2.20242    	-0.0714874 	-5.76044   	0.0873646  
  2.8866  	2.20242    	-0.0713922 	-5.75967   	0.0873555  
  2.8867  	2.20242    	-0.0712971 	-5.7589    	0.0873465  
  2.8868  	2.20242    	-0.0712021 	-5.75814   	0.0873374  
  2.8869  	2.20243    	-0.0711072 	-5.75737   	0.0873283  
  2.887   	2.20243    	-0.0710125 	-5.75661   	0.0873192  
  2.8871  	2.20243    	-0.0709178 	-5.75584   	0.0873102  
  2.8872  	2.20243    	-0.0708233 	-5.75507   	0.0873011  
  2.8873  	2.20243    	-0.070729  	-5.75431   	0.087292   
  2.8874  	2.20243    	-0.0706347 	-5.75354   	0.0872829  
  2.8875  	2.20243    	-0.0705406 	-5.75278   	0.0872739  
  2.8876  	2.20242    	-0.0704466 	-5.75201   	0.0872648  
  2.8877  	2.20242    	-0.0703528 	-5.75125   	0.0872557  
  2.8878  	2.20242    	-0.070259  	-5.75048   	0.0872467  
  2.8879  	2.20242    	-0.0701654 	-5.74972   	0.0872376  
  2.888   	2.20242    	-0.0700719 	-5.74895   	0.0872286  
  2.8881  	2.20242    	-0.0699786 	-5.74819   	0.0872195  
  2.8882  	2.20242    	-0.0698853 	-5.74742   	0.0872104  
  2.8883  	2.20242    	-0.0697922 	-5.74666   	0.0872014  
  2.8884  	2.20242    	-0.0696992 	-5.74589   	0.0871923  
  2.8885  	2.20242    	-0.0696064 	-5.74513   	0.0871833  
  2.8886  	2.20241    	-0.0695136 	-5.74436   	0.0871742  
  2.8887  	2.20241    	-0.069421  	-5.7436    	0.0871652  
  2.8888  	2.20241    	-0.0693286 	-5.74283   	0.0871561  
  2.8889  	2.20241    	-0.0692362 	-5.74207   	0.0871471  
  2.889   	2.20241    	-0.069144  	-5.7413    	0.087138   
  2.8891  	2.2024     	-0.0690519 	-5.74054   	0.087129   
  2.8892  	2.2024     	-0.0689599 	-5.73977   	0.0871199  
  2.8893  	2.2024     	-0.068868  	-5.73901   	0.0871109  
  2.8894  	2.2024     	-0.0687763 	-5.73825   	0.0871018  
  2.8895  	2.20239    	-0.0686847 	-5.73748   	0.0870928  
  2.8896  	2.20239    	-0.0685932 	-5.73672   	0.0870837  
  2.8897  	2.20239    	-0.0685019 	-5.73595   	0.0870747  
  2.8898  	2.20238    	-0.0684107 	-5.73519   	0.0870657  
  2.8899  	2.20238    	-0.0683196 	-5.73443   	0.0870566  
  2.89    	2.20238    	-0.0682286 	-5.73366   	0.0870476  
  2.8901  	2.20237    	-0.0681377 	-5.7329    	0.0870386  
  2.8902  	2.20237    	-0.068047  	-5.73214   	0.0870295  
  2.8903  	2.20237    	-0.0679564 	-5.73137   	0.0870205  
  2.8904  	2.20236    	-0.067866  	-5.73061   	0.0870115  
  2.8905  	2.20236    	-0.0677756 	-5.72985   	0.0870024  
  2.8906  	2.20236    	-0.0676854 	-5.72908   	0.0869934  
  2.8907  	2.20235    	-0.0675953 	-5.72832   	0.0869844  
  2.8908  	2.20235    	-0.0675053 	-5.72756   	0.0869753  
  2.8909  	2.20234    	-0.0674155 	-5.7268    	0.0869663  
  2.891   	2.20234    	-0.0673258 	-5.72603   	0.0869573  
  2.8911  	2.20233    	-0.0672362 	-5.72527   	0.0869483  
  2.8912  	2.20233    	-0.0671467 	-5.72451   	0.0869393  
  2.8913  	2.20233    	-0.0670573 	-5.72374   	0.0869302  
  2.8914  	2.20232    	-0.0669681 	-5.72298   	0.0869212  
  2.8915  	2.20232    	-0.066879  	-5.72222   	0.0869122  
  2.8916  	2.20231    	-0.0667901 	-5.72146   	0.0869032  
  2.8917  	2.20231    	-0.0667012 	-5.7207    	0.0868942  
  2.8918  	2.2023     	-0.0666125 	-5.71993   	0.0868852  
  2.8919  	2.2023     	-0.0665239 	-5.71917   	0.0868761  
  2.892   	2.20229    	-0.0664354 	-5.71841   	0.0868671  
  2.8921  	2.20228    	-0.0663471 	-5.71765   	0.0868581  
  2.8922  	2.20228    	-0.0662588 	-5.71689   	0.0868491  
  2.8923  	2.20227    	-0.0661708 	-5.71612   	0.0868401  
  2.8924  	2.20227    	-0.0660828 	-5.71536   	0.0868311  
  2.8925  	2.20226    	-0.0659949 	-5.7146    	0.0868221  
  2.8926  	2.20225    	-0.0659072 	-5.71384   	0.0868131  
  2.8927  	2.20225    	-0.0658196 	-5.71308   	0.0868041  
  2.8928  	2.20224    	-0.0657321 	-5.71232   	0.0867951  
  2.8929  	2.20224    	-0.0656448 	-5.71155   	0.0867861  
  2.893   	2.20223    	-0.0655575 	-5.71079   	0.0867771  
  2.8931  	2.20222    	-0.0654704 	-5.71003   	0.0867681  
  2.8932  	2.20222    	-0.0653834 	-5.70927   	0.0867591  
  2.8933  	2.20221    	-0.0652966 	-5.70851   	0.0867501  
  2.8934  	2.2022     	-0.0652099 	-5.70775   	0.0867411  
  2.8935  	2.2022     	-0.0651232 	-5.70699   	0.0867321  
  2.8936  	2.20219    	-0.0650368 	-5.70623   	0.0867231  
  2.8937  	2.20218    	-0.0649504 	-5.70547   	0.0867141  
  2.8938  	2.20217    	-0.0648642 	-5.70471   	0.0867051  
  2.8939  	2.20217    	-0.064778  	-5.70395   	0.0866961  
  2.894   	2.20216    	-0.064692  	-5.70319   	0.0866872  
  2.8941  	2.20215    	-0.0646062 	-5.70243   	0.0866782  
  2.8942  	2.20214    	-0.0645204 	-5.70167   	0.0866692  
  2.8943  	2.20214    	-0.0644348 	-5.70091   	0.0866602  
  2.8944  	2.20213    	-0.0643493 	-5.70015   	0.0866512  
  2.8945  	2.20212    	-0.0642639 	-5.69939   	0.0866422  
  2.8946  	2.20211    	-0.0641787 	-5.69863   	0.0866333  
  2.8947  	2.20211    	-0.0640935 	-5.69787   	0.0866243  
  2.8948  	2.2021     	-0.0640085 	-5.69711   	0.0866153  
  2.8949  	2.20209    	-0.0639236 	-5.69635   	0.0866063  
  2.895   	2.20208    	-0.0638389 	-5.69559   	0.0865974  
  2.8951  	2.20207    	-0.0637542 	-5.69483   	0.0865884  
  2.8952  	2.20206    	-0.0636697 	-5.69407   	0.0865794  
  2.8953  	2.20205    	-0.0635853 	-5.69331   	0.0865704  
  2.8954  	2.20205    	-0.063501  	-5.69255   	0.0865615  
  2.8955  	2.20204    	-0.0634169 	-5.69179   	0.0865525  
  2.8956  	2.20203    	-0.0633329 	-5.69103   	0.0865435  
  2.8957  	2.20202    	-0.0632489 	-5.69027   	0.0865346  
  2.8958  	2.20201    	-0.0631652 	-5.68951   	0.0865256  
  2.8959  	2.202      	-0.0630815 	-5.68875   	0.0865167  
  2.896   	2.20199    	-0.0629979 	-5.68799   	0.0865077  
  2.8961  	2.20198    	-0.0629145 	-5.68724   	0.0864987  
  2.8962  	2.20197    	-0.0628312 	-5.68648   	0.0864898  
  2.8963  	2.20196    	-0.062748  	-5.68572   	0.0864808  
  2.8964  	2.20195    	-0.062665  	-5.68496   	0.0864719  
  2.8965  	2.20194    	-0.0625821 	-5.6842    	0.0864629  
  2.8966  	2.20193    	-0.0624992 	-5.68344   	0.0864539  
  2.8967  	2.20192    	-0.0624165 	-5.68268   	0.086445   
  2.8968  	2.20192    	-0.062334  	-5.68193   	0.086436   
  2.8969  	2.20191    	-0.0622515 	-5.68117   	0.0864271  
  2.897   	2.20189    	-0.0621692 	-5.68041   	0.0864181  
  2.8971  	2.20188    	-0.062087  	-5.67965   	0.0864092  
  2.8972  	2.20187    	-0.0620049 	-5.67889   	0.0864002  
  2.8973  	2.20186    	-0.0619229 	-5.67814   	0.0863913  
  2.8974  	2.20185    	-0.0618411 	-5.67738   	0.0863824  
  2.8975  	2.20184    	-0.0617593 	-5.67662   	0.0863734  
  2.8976  	2.20183    	-0.0616777 	-5.67586   	0.0863645  
  2.8977  	2.20182    	-0.0615962 	-5.67511   	0.0863555  
  2.8978  	2.20181    	-0.0615149 	-5.67435   	0.0863466  
  2.8979  	2.2018     	-0.0614336 	-5.67359   	0.0863377  
  2.898   	2.20179    	-0.0613525 	-5.67283   	0.0863287  
  2.8981  	2.20178    	-0.0612715 	-5.67208   	0.0863198  
  2.8982  	2.20177    	-0.0611906 	-5.67132   	0.0863108  
  2.8983  	2.20176    	-0.0611098 	-5.67056   	0.0863019  
  2.8984  	2.20175    	-0.0610292 	-5.66981   	0.086293   
  2.8985  	2.20173    	-0.0609487 	-5.66905   	0.0862841  
  2.8986  	2.20172    	-0.0608682 	-5.66829   	0.0862751  
  2.8987  	2.20171    	-0.060788  	-5.66754   	0.0862662  
  2.8988  	2.2017     	-0.0607078 	-5.66678   	0.0862573  
  2.8989  	2.20169    	-0.0606277 	-5.66602   	0.0862483  
  2.899   	2.20168    	-0.0605478 	-5.66527   	0.0862394  
  2.8991  	2.20166    	-0.060468  	-5.66451   	0.0862305  
  2.8992  	2.20165    	-0.0603883 	-5.66375   	0.0862216  
  2.8993  	2.20164    	-0.0603087 	-5.663     	0.0862126  
  2.8994  	2.20163    	-0.0602292 	-5.66224   	0.0862037  
  2.8995  	2.20162    	-0.0601499 	-5.66148   	0.0861948  
  2.8996  	2.2016     	-0.0600707 	-5.66073   	0.0861859  
  2.8997  	2.20159    	-0.0599916 	-5.65997   	0.086177   
  2.8998  	2.20158    	-0.0599126 	-5.65922   	0.0861681  
  2.8999  	2.20157    	-0.0598337 	-5.65846   	0.0861591  
  2.9     	2.20156    	-0.059755  	-5.65771   	0.0861502  
  2.9001  	2.20154    	-0.0596763 	-5.65695   	0.0861413  
  2.9002  	2.20153    	-0.0595978 	-5.65619   	0.0861324  
  2.9003  	2.20152    	-0.0595194 	-5.65544   	0.0861235  
  2.9004  	2.2015     	-0.0594411 	-5.65468   	0.0861146  
  2.9005  	2.20149    	-0.059363  	-5.65393   	0.0861057  
  2.9006  	2.20148    	-0.0592849 	-5.65317   	0.0860968  
  2.9007  	2.20147    	-0.059207  	-5.65242   	0.0860879  
  2.9008  	2.20145    	-0.0591292 	-5.65166   	0.086079   
  2.9009  	2.20144    	-0.0590515 	-5.65091   	0.0860701  
  2.901   	2.20143    	-0.0589739 	-5.65015   	0.0860612  
  2.9011  	2.20141    	-0.0588964 	-5.6494    	0.0860523  
  2.9012  	2.2014     	-0.0588191 	-5.64864   	0.0860434  
  2.9013  	2.20139    	-0.0587418 	-5.64789   	0.0860345  
  2.9014  	2.20137    	-0.0586647 	-5.64713   	0.0860256  
  2.9015  	2.20136    	-0.0585877 	-5.64638   	0.0860167  
  2.9016  	2.20135    	-0.0585108 	-5.64563   	0.0860078  
  2.9017  	2.20133    	-0.0584341 	-5.64487   	0.0859989  
  2.9018  	2.20132    	-0.0583574 	-5.64412   	0.08599    
  2.9019  	2.20131    	-0.0582809 	-5.64336   	0.0859811  
  2.902   	2.20129    	-0.0582045 	-5.64261   	0.0859722  
  2.9021  	2.20128    	-0.0581281 	-5.64185   	0.0859634  
  2.9022  	2.20126    	-0.058052  	-5.6411    	0.0859545  
  2.9023  	2.20125    	-0.0579759 	-5.64035   	0.0859456  
  2.9024  	2.20124    	-0.0578999 	-5.63959   	0.0859367  
  2.9025  	2.20122    	-0.0578241 	-5.63884   	0.0859278  
  2.9026  	2.20121    	-0.0577483 	-5.63808   	0.0859189  
  2.9027  	2.20119    	-0.0576727 	-5.63733   	0.0859101  
  2.9028  	2.20118    	-0.0575972 	-5.63658   	0.0859012  
  2.9029  	2.20117    	-0.0575218 	-5.63582   	0.0858923  
  2.903   	2.20115    	-0.0574466 	-5.63507   	0.0858834  
  2.9031  	2.20114    	-0.0573714 	-5.63432   	0.0858746  
  2.9032  	2.20112    	-0.0572964 	-5.63356   	0.0858657  
  2.9033  	2.20111    	-0.0572214 	-5.63281   	0.0858568  
  2.9034  	2.20109    	-0.0571466 	-5.63206   	0.0858479  
  2.9035  	2.20108    	-0.0570719 	-5.63131   	0.0858391  
  2.9036  	2.20106    	-0.0569973 	-5.63055   	0.0858302  
  2.9037  	2.20105    	-0.0569228 	-5.6298    	0.0858213  
  2.9038  	2.20103    	-0.0568485 	-5.62905   	0.0858125  
  2.9039  	2.20102    	-0.0567742 	-5.62829   	0.0858036  
  2.904   	2.201      	-0.0567001 	-5.62754   	0.0857947  
  2.9041  	2.20099    	-0.0566261 	-5.62679   	0.0857859  
  2.9042  	2.20097    	-0.0565521 	-5.62604   	0.085777   
  2.9043  	2.20096    	-0.0564783 	-5.62528   	0.0857682  
  2.9044  	2.20094    	-0.0564047 	-5.62453   	0.0857593  
  2.9045  	2.20093    	-0.0563311 	-5.62378   	0.0857505  
  2.9046  	2.20091    	-0.0562576 	-5.62303   	0.0857416  
  2.9047  	2.2009     	-0.0561843 	-5.62228   	0.0857327  
  2.9048  	2.20088    	-0.056111  	-5.62152   	0.0857239  
  2.9049  	2.20086    	-0.0560379 	-5.62077   	0.085715   
  2.905   	2.20085    	-0.0559649 	-5.62002   	0.0857062  
  2.9051  	2.20083    	-0.055892  	-5.61927   	0.0856973  
  2.9052  	2.20082    	-0.0558192 	-5.61852   	0.0856885  
  2.9053  	2.2008     	-0.0557465 	-5.61777   	0.0856796  
  2.9054  	2.20079    	-0.055674  	-5.61701   	0.0856708  
  2.9055  	2.20077    	-0.0556015 	-5.61626   	0.0856619  
  2.9056  	2.20075    	-0.0555291 	-5.61551   	0.0856531  
  2.9057  	2.20074    	-0.0554569 	-5.61476   	0.0856443  
  2.9058  	2.20072    	-0.0553848 	-5.61401   	0.0856354  
  2.9059  	2.20071    	-0.0553128 	-5.61326   	0.0856266  
  2.906   	2.20069    	-0.0552409 	-5.61251   	0.0856177  
  2.9061  	2.20067    	-0.0551691 	-5.61176   	0.0856089  
  2.9062  	2.20066    	-0.0550974 	-5.611     	0.0856001  
  2.9063  	2.20064    	-0.0550258 	-5.61025   	0.0855912  
  2.9064  	2.20062    	-0.0549544 	-5.6095    	0.0855824  
  2.9065  	2.20061    	-0.054883  	-5.60875   	0.0855736  
  2.9066  	2.20059    	-0.0548118 	-5.608     	0.0855647  
  2.9067  	2.20058    	-0.0547406 	-5.60725   	0.0855559  
  2.9068  	2.20056    	-0.0546696 	-5.6065    	0.0855471  
  2.9069  	2.20054    	-0.0545987 	-5.60575   	0.0855382  
  2.907   	2.20053    	-0.0545279 	-5.605     	0.0855294  
  2.9071  	2.20051    	-0.0544572 	-5.60425   	0.0855206  
  2.9072  	2.20049    	-0.0543866 	-5.6035    	0.0855118  
  2.9073  	2.20047    	-0.0543161 	-5.60275   	0.0855029  
  2.9074  	2.20046    	-0.0542457 	-5.602     	0.0854941  
  2.9075  	2.20044    	-0.0541755 	-5.60125   	0.0854853  
  2.9076  	2.20042    	-0.0541053 	-5.6005    	0.0854765  
  2.9077  	2.20041    	-0.0540353 	-5.59975   	0.0854677  
  2.9078  	2.20039    	-0.0539653 	-5.599     	0.0854588  
  2.9079  	2.20037    	-0.0538955 	-5.59825   	0.08545    
  2.908   	2.20036    	-0.0538258 	-5.5975    	0.0854412  
  2.9081  	2.20034    	-0.0537562 	-5.59675   	0.0854324  
  2.9082  	2.20032    	-0.0536866 	-5.596     	0.0854236  
  2.9083  	2.2003     	-0.0536172 	-5.59525   	0.0854148  
  2.9084  	2.20029    	-0.0535479 	-5.59451   	0.085406   
  2.9085  	2.20027    	-0.0534788 	-5.59376   	0.0853972  
  2.9086  	2.20025    	-0.0534097 	-5.59301   	0.0853884  
  2.9087  	2.20023    	-0.0533407 	-5.59226   	0.0853795  
  2.9088  	2.20022    	-0.0532718 	-5.59151   	0.0853707  
  2.9089  	2.2002     	-0.0532031 	-5.59076   	0.0853619  
  2.909   	2.20018    	-0.0531344 	-5.59001   	0.0853531  
  2.9091  	2.20016    	-0.0530659 	-5.58926   	0.0853443  
  2.9092  	2.20015    	-0.0529974 	-5.58851   	0.0853355  
  2.9093  	2.20013    	-0.0529291 	-5.58777   	0.0853267  
  2.9094  	2.20011    	-0.0528609 	-5.58702   	0.0853179  
  2.9095  	2.20009    	-0.0527928 	-5.58627   	0.0853091  
  2.9096  	2.20007    	-0.0527247 	-5.58552   	0.0853003  
  2.9097  	2.20006    	-0.0526568 	-5.58477   	0.0852915  
  2.9098  	2.20004    	-0.052589  	-5.58402   	0.0852828  
  2.9099  	2.20002    	-0.0525213 	-5.58328   	0.085274   
  2.91    	2.2        	-0.0524537 	-5.58253   	0.0852652  
  2.9101  	2.19998    	-0.0523862 	-5.58178   	0.0852564  
  2.9102  	2.19997    	-0.0523188 	-5.58103   	0.0852476  
  2.9103  	2.19995    	-0.0522516 	-5.58029   	0.0852388  
  2.9104  	2.19993    	-0.0521844 	-5.57954   	0.08523    
  2.9105  	2.19991    	-0.0521173 	-5.57879   	0.0852212  
  2.9106  	2.19989    	-0.0520503 	-5.57804   	0.0852125  
  2.9107  	2.19987    	-0.0519835 	-5.5773    	0.0852037  
  2.9108  	2.19986    	-0.0519167 	-5.57655   	0.0851949  
  2.9109  	2.19984    	-0.0518501 	-5.5758    	0.0851861  
  2.911   	2.19982    	-0.0517835 	-5.57505   	0.0851773  
  2.9111  	2.1998     	-0.051717  	-5.57431   	0.0851686  
  2.9112  	2.19978    	-0.0516507 	-5.57356   	0.0851598  
  2.9113  	2.19976    	-0.0515845 	-5.57281   	0.085151   
  2.9114  	2.19974    	-0.0515183 	-5.57207   	0.0851422  
  2.9115  	2.19972    	-0.0514523 	-5.57132   	0.0851335  
  2.9116  	2.19971    	-0.0513863 	-5.57057   	0.0851247  
  2.9117  	2.19969    	-0.0513205 	-5.56983   	0.0851159  
  2.9118  	2.19967    	-0.0512548 	-5.56908   	0.0851072  
  2.9119  	2.19965    	-0.0511892 	-5.56833   	0.0850984  
  2.912   	2.19963    	-0.0511236 	-5.56759   	0.0850896  
  2.9121  	2.19961    	-0.0510582 	-5.56684   	0.0850809  
  2.9122  	2.19959    	-0.0509929 	-5.56609   	0.0850721  
  2.9123  	2.19957    	-0.0509277 	-5.56535   	0.0850633  
  2.9124  	2.19955    	-0.0508625 	-5.5646    	0.0850546  
  2.9125  	2.19954    	-0.0507975 	-5.56386   	0.0850458  
  2.9126  	2.19952    	-0.0507326 	-5.56311   	0.085037   
  2.9127  	2.1995     	-0.0506678 	-5.56236   	0.0850283  
  2.9128  	2.19948    	-0.0506031 	-5.56162   	0.0850195  
  2.9129  	2.19946    	-0.0505385 	-5.56087   	0.0850108  
  2.913   	2.19944    	-0.050474  	-5.56013   	0.085002   
  2.9131  	2.19942    	-0.0504096 	-5.55938   	0.0849933  
  2.9132  	2.1994     	-0.0503452 	-5.55864   	0.0849845  
  2.9133  	2.19938    	-0.050281  	-5.55789   	0.0849758  
  2.9134  	2.19936    	-0.0502169 	-5.55714   	0.084967   
  2.9135  	2.19934    	-0.0501529 	-5.5564    	0.0849583  
  2.9136  	2.19932    	-0.050089  	-5.55565   	0.0849495  
  2.9137  	2.1993     	-0.0500252 	-5.55491   	0.0849408  
  2.9138  	2.19928    	-0.0499615 	-5.55416   	0.084932   
  2.9139  	2.19926    	-0.0498979 	-5.55342   	0.0849233  
  2.914   	2.19924    	-0.0498344 	-5.55267   	0.0849145  
  2.9141  	2.19922    	-0.049771  	-5.55193   	0.0849058  
  2.9142  	2.1992     	-0.0497077 	-5.55119   	0.0848971  
  2.9143  	2.19918    	-0.0496444 	-5.55044   	0.0848883  
  2.9144  	2.19916    	-0.0495813 	-5.5497    	0.0848796  
  2.9145  	2.19914    	-0.0495183 	-5.54895   	0.0848709  
  2.9146  	2.19912    	-0.0494554 	-5.54821   	0.0848621  
  2.9147  	2.19911    	-0.0493926 	-5.54746   	0.0848534  
  2.9148  	2.19909    	-0.0493299 	-5.54672   	0.0848446  
  2.9149  	2.19907    	-0.0492672 	-5.54597   	0.0848359  
  2.915   	2.19905    	-0.0492047 	-5.54523   	0.0848272  
  2.9151  	2.19903    	-0.0491423 	-5.54449   	0.0848185  
  2.9152  	2.199      	-0.04908   	-5.54374   	0.0848097  
  2.9153  	2.19898    	-0.0490177 	-5.543     	0.084801   
  2.9154  	2.19896    	-0.0489556 	-5.54225   	0.0847923  
  2.9155  	2.19894    	-0.0488936 	-5.54151   	0.0847836  
  2.9156  	2.19892    	-0.0488316 	-5.54077   	0.0847748  
  2.9157  	2.1989     	-0.0487698 	-5.54002   	0.0847661  
  2.9158  	2.19888    	-0.048708  	-5.53928   	0.0847574  
  2.9159  	2.19886    	-0.0486464 	-5.53854   	0.0847487  
  2.916   	2.19884    	-0.0485848 	-5.53779   	0.08474    
  2.9161  	2.19882    	-0.0485234 	-5.53705   	0.0847312  
  2.9162  	2.1988     	-0.048462  	-5.53631   	0.0847225  
  2.9163  	2.19878    	-0.0484008 	-5.53556   	0.0847138  
  2.9164  	2.19876    	-0.0483396 	-5.53482   	0.0847051  
  2.9165  	2.19874    	-0.0482785 	-5.53408   	0.0846964  
  2.9166  	2.19872    	-0.0482176 	-5.53334   	0.0846877  
  2.9167  	2.1987     	-0.0481567 	-5.53259   	0.084679   
  2.9168  	2.19868    	-0.0480959 	-5.53185   	0.0846702  
  2.9169  	2.19866    	-0.0480352 	-5.53111   	0.0846615  
  2.917   	2.19864    	-0.0479746 	-5.53036   	0.0846528  
  2.9171  	2.19862    	-0.0479141 	-5.52962   	0.0846441  
  2.9172  	2.1986     	-0.0478537 	-5.52888   	0.0846354  
  2.9173  	2.19858    	-0.0477934 	-5.52814   	0.0846267  
  2.9174  	2.19856    	-0.0477332 	-5.5274    	0.084618   
  2.9175  	2.19853    	-0.0476731 	-5.52665   	0.0846093  
  2.9176  	2.19851    	-0.047613  	-5.52591   	0.0846006  
  2.9177  	2.19849    	-0.0475531 	-5.52517   	0.0845919  
  2.9178  	2.19847    	-0.0474933 	-5.52443   	0.0845832  
  2.9179  	2.19845    	-0.0474335 	-5.52368   	0.0845745  
  2.918   	2.19843    	-0.0473739 	-5.52294   	0.0845658  
  2.9181  	2.19841    	-0.0473143 	-5.5222    	0.0845571  
  2.9182  	2.19839    	-0.0472549 	-5.52146   	0.0845484  
  2.9183  	2.19837    	-0.0471955 	-5.52072   	0.0845398  
  2.9184  	2.19835    	-0.0471362 	-5.51998   	0.0845311  
  2.9185  	2.19833    	-0.047077  	-5.51924   	0.0845224  
  2.9186  	2.1983     	-0.047018  	-5.51849   	0.0845137  
  2.9187  	2.19828    	-0.046959  	-5.51775   	0.084505   
  2.9188  	2.19826    	-0.0469001 	-5.51701   	0.0844963  
  2.9189  	2.19824    	-0.0468412 	-5.51627   	0.0844876  
  2.919   	2.19822    	-0.0467825 	-5.51553   	0.084479   
  2.9191  	2.1982     	-0.0467239 	-5.51479   	0.0844703  
  2.9192  	2.19818    	-0.0466654 	-5.51405   	0.0844616  
  2.9193  	2.19816    	-0.0466069 	-5.51331   	0.0844529  
  2.9194  	2.19814    	-0.0465486 	-5.51257   	0.0844442  
  2.9195  	2.19811    	-0.0464903 	-5.51183   	0.0844356  
  2.9196  	2.19809    	-0.0464321 	-5.51108   	0.0844269  
  2.9197  	2.19807    	-0.0463741 	-5.51034   	0.0844182  
  2.9198  	2.19805    	-0.0463161 	-5.5096    	0.0844095  
  2.9199  	2.19803    	-0.0462582 	-5.50886   	0.0844009  
  2.92    	2.19801    	-0.0462004 	-5.50812   	0.0843922  
  2.9201  	2.19799    	-0.0461427 	-5.50738   	0.0843835  
  2.9202  	2.19796    	-0.0460851 	-5.50664   	0.0843749  
  2.9203  	2.19794    	-0.0460275 	-5.5059    	0.0843662  
  2.9204  	2.19792    	-0.0459701 	-5.50516   	0.0843575  
  2.9205  	2.1979     	-0.0459127 	-5.50442   	0.0843489  
  2.9206  	2.19788    	-0.0458555 	-5.50368   	0.0843402  
  2.9207  	2.19786    	-0.0457983 	-5.50294   	0.0843315  
  2.9208  	2.19784    	-0.0457412 	-5.5022    	0.0843229  
  2.9209  	2.19781    	-0.0456842 	-5.50146   	0.0843142  
  2.921   	2.19779    	-0.0456273 	-5.50072   	0.0843056  
  2.9211  	2.19777    	-0.0455705 	-5.49999   	0.0842969  
  2.9212  	2.19775    	-0.0455138 	-5.49925   	0.0842882  
  2.9213  	2.19773    	-0.0454572 	-5.49851   	0.0842796  
  2.9214  	2.19771    	-0.0454006 	-5.49777   	0.0842709  
  2.9215  	2.19768    	-0.0453442 	-5.49703   	0.0842623  
  2.9216  	2.19766    	-0.0452878 	-5.49629   	0.0842536  
  2.9217  	2.19764    	-0.0452315 	-5.49555   	0.084245   
  2.9218  	2.19762    	-0.0451753 	-5.49481   	0.0842363  
  2.9219  	2.1976     	-0.0451192 	-5.49407   	0.0842277  
  2.922   	2.19757    	-0.0450632 	-5.49333   	0.084219   
  2.9221  	2.19755    	-0.0450073 	-5.49259   	0.0842104  
  2.9222  	2.19753    	-0.0449515 	-5.49186   	0.0842017  
  2.9223  	2.19751    	-0.0448957 	-5.49112   	0.0841931  
  2.9224  	2.19749    	-0.0448401 	-5.49038   	0.0841845  
  2.9225  	2.19746    	-0.0447845 	-5.48964   	0.0841758  
  2.9226  	2.19744    	-0.044729  	-5.4889    	0.0841672  
  2.9227  	2.19742    	-0.0446736 	-5.48816   	0.0841585  
  2.9228  	2.1974     	-0.0446183 	-5.48743   	0.0841499  
  2.9229  	2.19738    	-0.0445631 	-5.48669   	0.0841413  
  2.923   	2.19735    	-0.0445079 	-5.48595   	0.0841326  
  2.9231  	2.19733    	-0.0444529 	-5.48521   	0.084124   
  2.9232  	2.19731    	-0.0443979 	-5.48447   	0.0841154  
  2.9233  	2.19729    	-0.044343  	-5.48374   	0.0841067  
  2.9234  	2.19727    	-0.0442882 	-5.483     	0.0840981  
  2.9235  	2.19724    	-0.0442335 	-5.48226   	0.0840895  
  2.9236  	2.19722    	-0.0441789 	-5.48152   	0.0840808  
  2.9237  	2.1972     	-0.0441244 	-5.48079   	0.0840722  
  2.9238  	2.19718    	-0.0440699 	-5.48005   	0.0840636  
  2.9239  	2.19716    	-0.0440156 	-5.47931   	0.084055   
  2.924   	2.19713    	-0.0439613 	-5.47857   	0.0840463  
  2.9241  	2.19711    	-0.0439071 	-5.47784   	0.0840377  
  2.9242  	2.19709    	-0.043853  	-5.4771    	0.0840291  
  2.9243  	2.19707    	-0.043799  	-5.47636   	0.0840205  
  2.9244  	2.19704    	-0.043745  	-5.47563   	0.0840119  
  2.9245  	2.19702    	-0.0436912 	-5.47489   	0.0840032  
  2.9246  	2.197      	-0.0436374 	-5.47415   	0.0839946  
  2.9247  	2.19698    	-0.0435837 	-5.47342   	0.083986   
  2.9248  	2.19695    	-0.0435301 	-5.47268   	0.0839774  
  2.9249  	2.19693    	-0.0434766 	-5.47194   	0.0839688  
  2.925   	2.19691    	-0.0434232 	-5.47121   	0.0839602  
  2.9251  	2.19689    	-0.0433698 	-5.47047   	0.0839516  
  2.9252  	2.19687    	-0.0433166 	-5.46973   	0.083943   
  2.9253  	2.19684    	-0.0432634 	-5.469     	0.0839343  
  2.9254  	2.19682    	-0.0432103 	-5.46826   	0.0839257  
  2.9255  	2.1968     	-0.0431573 	-5.46752   	0.0839171  
  2.9256  	2.19678    	-0.0431044 	-5.46679   	0.0839085  
  2.9257  	2.19675    	-0.0430515 	-5.46605   	0.0838999  
  2.9258  	2.19673    	-0.0429987 	-5.46532   	0.0838913  
  2.9259  	2.19671    	-0.0429461 	-5.46458   	0.0838827  
  2.926   	2.19669    	-0.0428935 	-5.46385   	0.0838741  
  2.9261  	2.19666    	-0.042841  	-5.46311   	0.0838655  
  2.9262  	2.19664    	-0.0427885 	-5.46237   	0.0838569  
  2.9263  	2.19662    	-0.0427362 	-5.46164   	0.0838483  
  2.9264  	2.19659    	-0.0426839 	-5.4609    	0.0838397  
  2.9265  	2.19657    	-0.0426317 	-5.46017   	0.0838311  
  2.9266  	2.19655    	-0.0425796 	-5.45943   	0.0838225  
  2.9267  	2.19653    	-0.0425276 	-5.4587    	0.083814   
  2.9268  	2.1965     	-0.0424757 	-5.45796   	0.0838054  
  2.9269  	2.19648    	-0.0424238 	-5.45723   	0.0837968  
  2.927   	2.19646    	-0.042372  	-5.45649   	0.0837882  
  2.9271  	2.19644    	-0.0423203 	-5.45576   	0.0837796  
  2.9272  	2.19641    	-0.0422687 	-5.45502   	0.083771   
  2.9273  	2.19639    	-0.0422172 	-5.45429   	0.0837624  
  2.9274  	2.19637    	-0.0421657 	-5.45355   	0.0837538  
  2.9275  	2.19635    	-0.0421143 	-5.45282   	0.0837453  
  2.9276  	2.19632    	-0.0420631 	-5.45208   	0.0837367  
  2.9277  	2.1963     	-0.0420118 	-5.45135   	0.0837281  
  2.9278  	2.19628    	-0.0419607 	-5.45062   	0.0837195  
  2.9279  	2.19625    	-0.0419097 	-5.44988   	0.0837109  
  2.928   	2.19623    	-0.0418587 	-5.44915   	0.0837024  
  2.9281  	2.19621    	-0.0418078 	-5.44841   	0.0836938  
  2.9282  	2.19619    	-0.041757  	-5.44768   	0.0836852  
  2.9283  	2.19616    	-0.0417063 	-5.44694   	0.0836766  
  2.9284  	2.19614    	-0.0416556 	-5.44621   	0.0836681  
  2.9285  	2.19612    	-0.041605  	-5.44548   	0.0836595  
  2.9286  	2.19609    	-0.0415545 	-5.44474   	0.0836509  
  2.9287  	2.19607    	-0.0415041 	-5.44401   	0.0836424  
  2.9288  	2.19605    	-0.0414538 	-5.44328   	0.0836338  
  2.9289  	2.19603    	-0.0414035 	-5.44254   	0.0836252  
  2.929   	2.196      	-0.0413534 	-5.44181   	0.0836167  
  2.9291  	2.19598    	-0.0413033 	-5.44108   	0.0836081  
  2.9292  	2.19596    	-0.0412533 	-5.44034   	0.0835995  
  2.9293  	2.19593    	-0.0412033 	-5.43961   	0.083591   
  2.9294  	2.19591    	-0.0411534 	-5.43888   	0.0835824  
  2.9295  	2.19589    	-0.0411037 	-5.43814   	0.0835739  
  2.9296  	2.19586    	-0.041054  	-5.43741   	0.0835653  
  2.9297  	2.19584    	-0.0410043 	-5.43668   	0.0835568  
  2.9298  	2.19582    	-0.0409548 	-5.43594   	0.0835482  
  2.9299  	2.1958     	-0.0409053 	-5.43521   	0.0835396  
  2.93    	2.19577    	-0.0408559 	-5.43448   	0.0835311  
  2.9301  	2.19575    	-0.0408066 	-5.43375   	0.0835225  
  2.9302  	2.19573    	-0.0407573 	-5.43301   	0.083514   
  2.9303  	2.1957     	-0.0407082 	-5.43228   	0.0835054  
  2.9304  	2.19568    	-0.0406591 	-5.43155   	0.0834969  
  2.9305  	2.19566    	-0.0406101 	-5.43082   	0.0834883  
  2.9306  	2.19563    	-0.0405612 	-5.43008   	0.0834798  
  2.9307  	2.19561    	-0.0405123 	-5.42935   	0.0834713  
  2.9308  	2.19559    	-0.0404635 	-5.42862   	0.0834627  
  2.9309  	2.19556    	-0.0404148 	-5.42789   	0.0834542  
  2.931   	2.19554    	-0.0403662 	-5.42715   	0.0834456  
  2.9311  	2.19552    	-0.0403176 	-5.42642   	0.0834371  
  2.9312  	2.1955     	-0.0402692 	-5.42569   	0.0834285  
  2.9313  	2.19547    	-0.0402208 	-5.42496   	0.08342    
  2.9314  	2.19545    	-0.0401724 	-5.42423   	0.0834115  
  2.9315  	2.19543    	-0.0401242 	-5.4235    	0.0834029  
  2.9316  	2.1954     	-0.040076  	-5.42276   	0.0833944  
  2.9317  	2.19538    	-0.0400279 	-5.42203   	0.0833859  
  2.9318  	2.19536    	-0.0399799 	-5.4213    	0.0833773  
  2.9319  	2.19533    	-0.0399319 	-5.42057   	0.0833688  
  2.932   	2.19531    	-0.0398841 	-5.41984   	0.0833603  
  2.9321  	2.19529    	-0.0398363 	-5.41911   	0.0833517  
  2.9322  	2.19526    	-0.0397885 	-5.41838   	0.0833432  
  2.9323  	2.19524    	-0.0397409 	-5.41765   	0.0833347  
  2.9324  	2.19522    	-0.0396933 	-5.41692   	0.0833262  
  2.9325  	2.19519    	-0.0396458 	-5.41618   	0.0833176  
  2.9326  	2.19517    	-0.0395984 	-5.41545   	0.0833091  
  2.9327  	2.19515    	-0.039551  	-5.41472   	0.0833006  
  2.9328  	2.19512    	-0.0395038 	-5.41399   	0.0832921  
  2.9329  	2.1951     	-0.0394566 	-5.41326   	0.0832836  
  2.933   	2.19508    	-0.0394094 	-5.41253   	0.083275   
  2.9331  	2.19505    	-0.0393624 	-5.4118    	0.0832665  
  2.9332  	2.19503    	-0.0393154 	-5.41107   	0.083258   
  2.9333  	2.19501    	-0.0392685 	-5.41034   	0.0832495  
  2.9334  	2.19498    	-0.0392216 	-5.40961   	0.083241   
  2.9335  	2.19496    	-0.0391749 	-5.40888   	0.0832325  
  2.9336  	2.19494    	-0.0391282 	-5.40815   	0.083224   
  2.9337  	2.19491    	-0.0390816 	-5.40742   	0.0832155  
  2.9338  	2.19489    	-0.039035  	-5.40669   	0.0832069  
  2.9339  	2.19487    	-0.0389886 	-5.40596   	0.0831984  
  2.934   	2.19484    	-0.0389422 	-5.40523   	0.0831899  
  2.9341  	2.19482    	-0.0388958 	-5.4045    	0.0831814  
  2.9342  	2.1948     	-0.0388496 	-5.40377   	0.0831729  
  2.9343  	2.19477    	-0.0388034 	-5.40304   	0.0831644  
  2.9344  	2.19475    	-0.0387573 	-5.40231   	0.0831559  
  2.9345  	2.19473    	-0.0387112 	-5.40158   	0.0831474  
  2.9346  	2.1947     	-0.0386653 	-5.40085   	0.0831389  
  2.9347  	2.19468    	-0.0386194 	-5.40012   	0.0831304  
  2.9348  	2.19466    	-0.0385735 	-5.3994    	0.0831219  
  2.9349  	2.19463    	-0.0385278 	-5.39867   	0.0831134  
  2.935   	2.19461    	-0.0384821 	-5.39794   	0.0831049  
  2.9351  	2.19459    	-0.0384365 	-5.39721   	0.0830964  
  2.9352  	2.19456    	-0.038391  	-5.39648   	0.0830879  
  2.9353  	2.19454    	-0.0383455 	-5.39575   	0.0830795  
  2.9354  	2.19452    	-0.0383001 	-5.39502   	0.083071   
  2.9355  	2.19449    	-0.0382548 	-5.39429   	0.0830625  
  2.9356  	2.19447    	-0.0382095 	-5.39356   	0.083054   
  2.9357  	2.19445    	-0.0381643 	-5.39284   	0.0830455  
  2.9358  	2.19442    	-0.0381192 	-5.39211   	0.083037   
  2.9359  	2.1944     	-0.0380742 	-5.39138   	0.0830285  
  2.936   	2.19437    	-0.0380292 	-5.39065   	0.08302    
  2.9361  	2.19435    	-0.0379843 	-5.38992   	0.0830116  
  2.9362  	2.19433    	-0.0379394 	-5.3892    	0.0830031  
  2.9363  	2.1943     	-0.0378947 	-5.38847   	0.0829946  
  2.9364  	2.19428    	-0.03785   	-5.38774   	0.0829861  
  2.9365  	2.19426    	-0.0378053 	-5.38701   	0.0829776  
  2.9366  	2.19423    	-0.0377608 	-5.38628   	0.0829692  
  2.9367  	2.19421    	-0.0377163 	-5.38556   	0.0829607  
  2.9368  	2.19419    	-0.0376719 	-5.38483   	0.0829522  
  2.9369  	2.19416    	-0.0376275 	-5.3841    	0.0829437  
  2.937   	2.19414    	-0.0375832 	-5.38337   	0.0829353  
  2.9371  	2.19412    	-0.037539  	-5.38265   	0.0829268  
  2.9372  	2.19409    	-0.0374949 	-5.38192   	0.0829183  
  2.9373  	2.19407    	-0.0374508 	-5.38119   	0.0829099  
  2.9374  	2.19405    	-0.0374068 	-5.38046   	0.0829014  
  2.9375  	2.19402    	-0.0373629 	-5.37974   	0.0828929  
  2.9376  	2.194      	-0.037319  	-5.37901   	0.0828845  
  2.9377  	2.19398    	-0.0372752 	-5.37828   	0.082876   
  2.9378  	2.19395    	-0.0372314 	-5.37756   	0.0828675  
  2.9379  	2.19393    	-0.0371878 	-5.37683   	0.0828591  
  2.938   	2.1939     	-0.0371442 	-5.3761    	0.0828506  
  2.9381  	2.19388    	-0.0371006 	-5.37538   	0.0828422  
  2.9382  	2.19386    	-0.0370572 	-5.37465   	0.0828337  
  2.9383  	2.19383    	-0.0370138 	-5.37392   	0.0828253  
  2.9384  	2.19381    	-0.0369704 	-5.3732    	0.0828168  
  2.9385  	2.19379    	-0.0369272 	-5.37247   	0.0828083  
  2.9386  	2.19376    	-0.036884  	-5.37174   	0.0827999  
  2.9387  	2.19374    	-0.0368408 	-5.37102   	0.0827914  
  2.9388  	2.19372    	-0.0367978 	-5.37029   	0.082783   
  2.9389  	2.19369    	-0.0367548 	-5.36956   	0.0827745  
  2.939   	2.19367    	-0.0367119 	-5.36884   	0.0827661  
  2.9391  	2.19365    	-0.036669  	-5.36811   	0.0827576  
  2.9392  	2.19362    	-0.0366262 	-5.36739   	0.0827492  
  2.9393  	2.1936     	-0.0365835 	-5.36666   	0.0827407  
  2.9394  	2.19357    	-0.0365408 	-5.36594   	0.0827323  
  2.9395  	2.19355    	-0.0364982 	-5.36521   	0.0827239  
  2.9396  	2.19353    	-0.0364557 	-5.36448   	0.0827154  
  2.9397  	2.1935     	-0.0364132 	-5.36376   	0.082707   
  2.9398  	2.19348    	-0.0363708 	-5.36303   	0.0826985  
  2.9399  	2.19346    	-0.0363285 	-5.36231   	0.0826901  
  2.94    	2.19343    	-0.0362862 	-5.36158   	0.0826817  
  2.9401  	2.19341    	-0.036244  	-5.36086   	0.0826732  
  2.9402  	2.19339    	-0.0362018 	-5.36013   	0.0826648  
  2.9403  	2.19336    	-0.0361598 	-5.35941   	0.0826564  
  2.9404  	2.19334    	-0.0361178 	-5.35868   	0.0826479  
  2.9405  	2.19332    	-0.0360758 	-5.35796   	0.0826395  
  2.9406  	2.19329    	-0.0360339 	-5.35723   	0.0826311  
  2.9407  	2.19327    	-0.0359921 	-5.35651   	0.0826226  
  2.9408  	2.19324    	-0.0359504 	-5.35578   	0.0826142  
  2.9409  	2.19322    	-0.0359087 	-5.35506   	0.0826058  
  2.941   	2.1932     	-0.0358671 	-5.35433   	0.0825974  
  2.9411  	2.19317    	-0.0358255 	-5.35361   	0.0825889  
  2.9412  	2.19315    	-0.035784  	-5.35289   	0.0825805  
  2.9413  	2.19313    	-0.0357426 	-5.35216   	0.0825721  
  2.9414  	2.1931     	-0.0357012 	-5.35144   	0.0825637  
  2.9415  	2.19308    	-0.0356599 	-5.35071   	0.0825552  
  2.9416  	2.19306    	-0.0356187 	-5.34999   	0.0825468  
  2.9417  	2.19303    	-0.0355775 	-5.34926   	0.0825384  
  2.9418  	2.19301    	-0.0355364 	-5.34854   	0.08253    
  2.9419  	2.19298    	-0.0354953 	-5.34782   	0.0825216  
  2.942   	2.19296    	-0.0354543 	-5.34709   	0.0825132  
  2.9421  	2.19294    	-0.0354134 	-5.34637   	0.0825047  
  2.9422  	2.19291    	-0.0353725 	-5.34565   	0.0824963  
  2.9423  	2.19289    	-0.0353317 	-5.34492   	0.0824879  
  2.9424  	2.19287    	-0.035291  	-5.3442    	0.0824795  
  2.9425  	2.19284    	-0.0352503 	-5.34348   	0.0824711  
  2.9426  	2.19282    	-0.0352097 	-5.34275   	0.0824627  
  2.9427  	2.1928     	-0.0351692 	-5.34203   	0.0824543  
  2.9428  	2.19277    	-0.0351287 	-5.34131   	0.0824459  
  2.9429  	2.19275    	-0.0350883 	-5.34058   	0.0824375  
  2.943   	2.19272    	-0.0350479 	-5.33986   	0.0824291  
  2.9431  	2.1927     	-0.0350076 	-5.33914   	0.0824207  
  2.9432  	2.19268    	-0.0349674 	-5.33841   	0.0824123  
  2.9433  	2.19265    	-0.0349272 	-5.33769   	0.0824039  
  2.9434  	2.19263    	-0.0348871 	-5.33697   	0.0823955  
  2.9435  	2.19261    	-0.034847  	-5.33624   	0.0823871  
  2.9436  	2.19258    	-0.034807  	-5.33552   	0.0823787  
  2.9437  	2.19256    	-0.0347671 	-5.3348    	0.0823703  
  2.9438  	2.19254    	-0.0347273 	-5.33408   	0.0823619  
  2.9439  	2.19251    	-0.0346874 	-5.33335   	0.0823535  
  2.944   	2.19249    	-0.0346477 	-5.33263   	0.0823451  
  2.9441  	2.19247    	-0.034608  	-5.33191   	0.0823367  
  2.9442  	2.19244    	-0.0345684 	-5.33119   	0.0823283  
  2.9443  	2.19242    	-0.0345288 	-5.33047   	0.0823199  
  2.9444  	2.19239    	-0.0344893 	-5.32974   	0.0823116  
  2.9445  	2.19237    	-0.0344499 	-5.32902   	0.0823032  
  2.9446  	2.19235    	-0.0344105 	-5.3283    	0.0822948  
  2.9447  	2.19232    	-0.0343712 	-5.32758   	0.0822864  
  2.9448  	2.1923     	-0.0343319 	-5.32686   	0.082278   
  2.9449  	2.19228    	-0.0342927 	-5.32614   	0.0822696  
  2.945   	2.19225    	-0.0342536 	-5.32541   	0.0822613  
  2.9451  	2.19223    	-0.0342145 	-5.32469   	0.0822529  
  2.9452  	2.19221    	-0.0341755 	-5.32397   	0.0822445  
  2.9453  	2.19218    	-0.0341365 	-5.32325   	0.0822361  
  2.9454  	2.19216    	-0.0340976 	-5.32253   	0.0822278  
  2.9455  	2.19214    	-0.0340588 	-5.32181   	0.0822194  
  2.9456  	2.19211    	-0.03402   	-5.32109   	0.082211   
  2.9457  	2.19209    	-0.0339813 	-5.32036   	0.0822026  
  2.9458  	2.19206    	-0.0339426 	-5.31964   	0.0821943  
  2.9459  	2.19204    	-0.033904  	-5.31892   	0.0821859  
  2.946   	2.19202    	-0.0338654 	-5.3182    	0.0821775  
  2.9461  	2.19199    	-0.0338269 	-5.31748   	0.0821692  
  2.9462  	2.19197    	-0.0337885 	-5.31676   	0.0821608  
  2.9463  	2.19195    	-0.0337501 	-5.31604   	0.0821524  
  2.9464  	2.19192    	-0.0337118 	-5.31532   	0.0821441  
  2.9465  	2.1919     	-0.0336736 	-5.3146    	0.0821357  
  2.9466  	2.19188    	-0.0336354 	-5.31388   	0.0821273  
  2.9467  	2.19185    	-0.0335972 	-5.31316   	0.082119   
  2.9468  	2.19183    	-0.0335592 	-5.31244   	0.0821106  
  2.9469  	2.19181    	-0.0335211 	-5.31172   	0.0821023  
  2.947   	2.19178    	-0.0334832 	-5.311     	0.0820939  
  2.9471  	2.19176    	-0.0334453 	-5.31028   	0.0820855  
  2.9472  	2.19173    	-0.0334074 	-5.30956   	0.0820772  
  2.9473  	2.19171    	-0.0333696 	-5.30884   	0.0820688  
  2.9474  	2.19169    	-0.0333319 	-5.30812   	0.0820605  
  2.9475  	2.19166    	-0.0332942 	-5.3074    	0.0820521  
  2.9476  	2.19164    	-0.0332566 	-5.30668   	0.0820438  
  2.9477  	2.19162    	-0.033219  	-5.30596   	0.0820354  
  2.9478  	2.19159    	-0.0331815 	-5.30524   	0.0820271  
  2.9479  	2.19157    	-0.0331441 	-5.30452   	0.0820187  
  2.948   	2.19155    	-0.0331067 	-5.3038    	0.0820104  
  2.9481  	2.19152    	-0.0330694 	-5.30308   	0.082002   
  2.9482  	2.1915     	-0.0330321 	-5.30236   	0.0819937  
  2.9483  	2.19148    	-0.0329949 	-5.30164   	0.0819854  
  2.9484  	2.19145    	-0.0329577 	-5.30092   	0.081977   
  2.9485  	2.19143    	-0.0329206 	-5.3002    	0.0819687  
  2.9486  	2.19141    	-0.0328836 	-5.29949   	0.0819603  
  2.9487  	2.19138    	-0.0328466 	-5.29877   	0.081952   
  2.9488  	2.19136    	-0.0328096 	-5.29805   	0.0819437  
  2.9489  	2.19134    	-0.0327727 	-5.29733   	0.0819353  
  2.949   	2.19131    	-0.0327359 	-5.29661   	0.081927   
  2.9491  	2.19129    	-0.0326991 	-5.29589   	0.0819187  
  2.9492  	2.19126    	-0.0326624 	-5.29517   	0.0819103  
  2.9493  	2.19124    	-0.0326258 	-5.29445   	0.081902   
  2.9494  	2.19122    	-0.0325892 	-5.29374   	0.0818937  
  2.9495  	2.19119    	-0.0325526 	-5.29302   	0.0818853  
  2.9496  	2.19117    	-0.0325161 	-5.2923    	0.081877   
  2.9497  	2.19115    	-0.0324797 	-5.29158   	0.0818687  
  2.9498  	2.19112    	-0.0324433 	-5.29086   	0.0818604  
  2.9499  	2.1911     	-0.032407  	-5.29015   	0.081852   
  2.95    	2.19108    	-0.0323707 	-5.28943   	0.0818437  
  2.9501  	2.19105    	-0.0323345 	-5.28871   	0.0818354  
  2.9502  	2.19103    	-0.0322983 	-5.28799   	0.0818271  
  2.9503  	2.19101    	-0.0322622 	-5.28727   	0.0818187  
  2.9504  	2.19098    	-0.0322262 	-5.28656   	0.0818104  
  2.9505  	2.19096    	-0.0321902 	-5.28584   	0.0818021  
  2.9506  	2.19094    	-0.0321542 	-5.28512   	0.0817938  
  2.9507  	2.19091    	-0.0321183 	-5.2844    	0.0817855  
  2.9508  	2.19089    	-0.0320825 	-5.28369   	0.0817772  
  2.9509  	2.19087    	-0.0320467 	-5.28297   	0.0817689  
  2.951   	2.19084    	-0.032011  	-5.28225   	0.0817605  
  2.9511  	2.19082    	-0.0319753 	-5.28154   	0.0817522  
  2.9512  	2.1908     	-0.0319397 	-5.28082   	0.0817439  
  2.9513  	2.19077    	-0.0319041 	-5.2801    	0.0817356  
  2.9514  	2.19075    	-0.0318686 	-5.27938   	0.0817273  
  2.9515  	2.19073    	-0.0318332 	-5.27867   	0.081719   
  2.9516  	2.1907     	-0.0317977 	-5.27795   	0.0817107  
  2.9517  	2.19068    	-0.0317624 	-5.27723   	0.0817024  
  2.9518  	2.19066    	-0.0317271 	-5.27652   	0.0816941  
  2.9519  	2.19063    	-0.0316918 	-5.2758    	0.0816858  
  2.952   	2.19061    	-0.0316567 	-5.27508   	0.0816775  
  2.9521  	2.19059    	-0.0316215 	-5.27437   	0.0816692  
  2.9522  	2.19056    	-0.0315864 	-5.27365   	0.0816609  
  2.9523  	2.19054    	-0.0315514 	-5.27294   	0.0816526  
  2.9524  	2.19052    	-0.0315164 	-5.27222   	0.0816443  
  2.9525  	2.19049    	-0.0314815 	-5.2715    	0.081636   
  2.9526  	2.19047    	-0.0314466 	-5.27079   	0.0816277  
  2.9527  	2.19045    	-0.0314118 	-5.27007   	0.0816194  
  2.9528  	2.19042    	-0.031377  	-5.26936   	0.0816111  
  2.9529  	2.1904     	-0.0313423 	-5.26864   	0.0816028  
  2.953   	2.19038    	-0.0313076 	-5.26792   	0.0815945  
  2.9531  	2.19035    	-0.031273  	-5.26721   	0.0815862  
  2.9532  	2.19033    	-0.0312384 	-5.26649   	0.081578   
  2.9533  	2.19031    	-0.0312039 	-5.26578   	0.0815697  
  2.9534  	2.19028    	-0.0311695 	-5.26506   	0.0815614  
  2.9535  	2.19026    	-0.0311351 	-5.26435   	0.0815531  
  2.9536  	2.19024    	-0.0311007 	-5.26363   	0.0815448  
  2.9537  	2.19021    	-0.0310664 	-5.26292   	0.0815365  
  2.9538  	2.19019    	-0.0310321 	-5.2622    	0.0815283  
  2.9539  	2.19017    	-0.0309979 	-5.26149   	0.08152    
  2.954   	2.19014    	-0.0309638 	-5.26077   	0.0815117  
  2.9541  	2.19012    	-0.0309297 	-5.26006   	0.0815034  
  2.9542  	2.1901     	-0.0308956 	-5.25934   	0.0814952  
  2.9543  	2.19007    	-0.0308616 	-5.25863   	0.0814869  
  2.9544  	2.19005    	-0.0308277 	-5.25791   	0.0814786  
  2.9545  	2.19003    	-0.0307938 	-5.2572    	0.0814703  
  2.9546  	2.19       	-0.03076   	-5.25648   	0.0814621  
  2.9547  	2.18998    	-0.0307262 	-5.25577   	0.0814538  
  2.9548  	2.18996    	-0.0306924 	-5.25505   	0.0814455  
  2.9549  	2.18993    	-0.0306587 	-5.25434   	0.0814372  
  2.955   	2.18991    	-0.0306251 	-5.25362   	0.081429   
  2.9551  	2.18989    	-0.0305915 	-5.25291   	0.0814207  
  2.9552  	2.18986    	-0.0305579 	-5.2522    	0.0814125  
  2.9553  	2.18984    	-0.0305245 	-5.25148   	0.0814042  
  2.9554  	2.18982    	-0.030491  	-5.25077   	0.0813959  
  2.9555  	2.1898     	-0.0304576 	-5.25005   	0.0813877  
  2.9556  	2.18977    	-0.0304243 	-5.24934   	0.0813794  
  2.9557  	2.18975    	-0.030391  	-5.24863   	0.0813711  
  2.9558  	2.18973    	-0.0303577 	-5.24791   	0.0813629  
  2.9559  	2.1897     	-0.0303245 	-5.2472    	0.0813546  
  2.956   	2.18968    	-0.0302914 	-5.24649   	0.0813464  
  2.9561  	2.18966    	-0.0302583 	-5.24577   	0.0813381  
  2.9562  	2.18963    	-0.0302253 	-5.24506   	0.0813299  
  2.9563  	2.18961    	-0.0301923 	-5.24435   	0.0813216  
  2.9564  	2.18959    	-0.0301593 	-5.24363   	0.0813134  
  2.9565  	2.18956    	-0.0301264 	-5.24292   	0.0813051  
  2.9566  	2.18954    	-0.0300936 	-5.24221   	0.0812969  
  2.9567  	2.18952    	-0.0300608 	-5.24149   	0.0812886  
  2.9568  	2.1895     	-0.030028  	-5.24078   	0.0812804  
  2.9569  	2.18947    	-0.0299953 	-5.24007   	0.0812721  
  2.957   	2.18945    	-0.0299627 	-5.23935   	0.0812639  
  2.9571  	2.18943    	-0.02993   	-5.23864   	0.0812556  
  2.9572  	2.1894     	-0.0298975 	-5.23793   	0.0812474  
  2.9573  	2.18938    	-0.029865  	-5.23722   	0.0812391  
  2.9574  	2.18936    	-0.0298325 	-5.2365    	0.0812309  
  2.9575  	2.18933    	-0.0298001 	-5.23579   	0.0812227  
  2.9576  	2.18931    	-0.0297677 	-5.23508   	0.0812144  
  2.9577  	2.18929    	-0.0297354 	-5.23437   	0.0812062  
  2.9578  	2.18926    	-0.0297032 	-5.23365   	0.081198   
  2.9579  	2.18924    	-0.0296709 	-5.23294   	0.0811897  
  2.958   	2.18922    	-0.0296388 	-5.23223   	0.0811815  
  2.9581  	2.1892     	-0.0296066 	-5.23152   	0.0811733  
  2.9582  	2.18917    	-0.0295746 	-5.23081   	0.081165   
  2.9583  	2.18915    	-0.0295425 	-5.23009   	0.0811568  
  2.9584  	2.18913    	-0.0295105 	-5.22938   	0.0811486  
  2.9585  	2.1891     	-0.0294786 	-5.22867   	0.0811403  
  2.9586  	2.18908    	-0.0294467 	-5.22796   	0.0811321  
  2.9587  	2.18906    	-0.0294149 	-5.22725   	0.0811239  
  2.9588  	2.18904    	-0.0293831 	-5.22654   	0.0811157  
  2.9589  	2.18901    	-0.0293513 	-5.22582   	0.0811074  
  2.959   	2.18899    	-0.0293196 	-5.22511   	0.0810992  
  2.9591  	2.18897    	-0.029288  	-5.2244    	0.081091   
  2.9592  	2.18894    	-0.0292564 	-5.22369   	0.0810828  
  2.9593  	2.18892    	-0.0292248 	-5.22298   	0.0810746  
  2.9594  	2.1889     	-0.0291933 	-5.22227   	0.0810663  
  2.9595  	2.18887    	-0.0291618 	-5.22156   	0.0810581  
  2.9596  	2.18885    	-0.0291304 	-5.22085   	0.0810499  
  2.9597  	2.18883    	-0.029099  	-5.22013   	0.0810417  
  2.9598  	2.18881    	-0.0290677 	-5.21942   	0.0810335  
  2.9599  	2.18878    	-0.0290364 	-5.21871   	0.0810253  
  2.96    	2.18876    	-0.0290052 	-5.218     	0.081017   
  2.9601  	2.18874    	-0.028974  	-5.21729   	0.0810088  
  2.9602  	2.18872    	-0.0289429 	-5.21658   	0.0810006  
  2.9603  	2.18869    	-0.0289118 	-5.21587   	0.0809924  
  2.9604  	2.18867    	-0.0288807 	-5.21516   	0.0809842  
  2.9605  	2.18865    	-0.0288497 	-5.21445   	0.080976   
  2.9606  	2.18862    	-0.0288188 	-5.21374   	0.0809678  
  2.9607  	2.1886     	-0.0287878 	-5.21303   	0.0809596  
  2.9608  	2.18858    	-0.028757  	-5.21232   	0.0809514  
  2.9609  	2.18856    	-0.0287262 	-5.21161   	0.0809432  
  2.961   	2.18853    	-0.0286954 	-5.2109    	0.080935   
  2.9611  	2.18851    	-0.0286646 	-5.21019   	0.0809268  
  2.9612  	2.18849    	-0.028634  	-5.20948   	0.0809186  
  2.9613  	2.18846    	-0.0286033 	-5.20877   	0.0809104  
  2.9614  	2.18844    	-0.0285727 	-5.20806   	0.0809022  
  2.9615  	2.18842    	-0.0285422 	-5.20735   	0.080894   
  2.9616  	2.1884     	-0.0285117 	-5.20664   	0.0808858  
  2.9617  	2.18837    	-0.0284812 	-5.20593   	0.0808776  
  2.9618  	2.18835    	-0.0284508 	-5.20522   	0.0808694  
  2.9619  	2.18833    	-0.0284204 	-5.20451   	0.0808612  
  2.962   	2.18831    	-0.0283901 	-5.2038    	0.0808531  
  2.9621  	2.18828    	-0.0283598 	-5.2031    	0.0808449  
  2.9622  	2.18826    	-0.0283295 	-5.20239   	0.0808367  
  2.9623  	2.18824    	-0.0282994 	-5.20168   	0.0808285  
  2.9624  	2.18821    	-0.0282692 	-5.20097   	0.0808203  
  2.9625  	2.18819    	-0.0282391 	-5.20026   	0.0808121  
  2.9626  	2.18817    	-0.028209  	-5.19955   	0.0808039  
  2.9627  	2.18815    	-0.028179  	-5.19884   	0.0807958  
  2.9628  	2.18812    	-0.028149  	-5.19813   	0.0807876  
  2.9629  	2.1881     	-0.0281191 	-5.19742   	0.0807794  
  2.963   	2.18808    	-0.0280892 	-5.19672   	0.0807712  
  2.9631  	2.18806    	-0.0280594 	-5.19601   	0.080763   
  2.9632  	2.18803    	-0.0280296 	-5.1953    	0.0807549  
  2.9633  	2.18801    	-0.0279998 	-5.19459   	0.0807467  
  2.9634  	2.18799    	-0.0279701 	-5.19388   	0.0807385  
  2.9635  	2.18797    	-0.0279404 	-5.19317   	0.0807303  
  2.9636  	2.18794    	-0.0279108 	-5.19247   	0.0807222  
  2.9637  	2.18792    	-0.0278812 	-5.19176   	0.080714   
  2.9638  	2.1879     	-0.0278517 	-5.19105   	0.0807058  
  2.9639  	2.18788    	-0.0278222 	-5.19034   	0.0806977  
  2.964   	2.18785    	-0.0277927 	-5.18963   	0.0806895  
  2.9641  	2.18783    	-0.0277633 	-5.18893   	0.0806813  
  2.9642  	2.18781    	-0.027734  	-5.18822   	0.0806732  
  2.9643  	2.18779    	-0.0277046 	-5.18751   	0.080665   
  2.9644  	2.18776    	-0.0276753 	-5.1868    	0.0806568  
  2.9645  	2.18774    	-0.0276461 	-5.1861    	0.0806487  
  2.9646  	2.18772    	-0.0276169 	-5.18539   	0.0806405  
  2.9647  	2.1877     	-0.0275878 	-5.18468   	0.0806324  
  2.9648  	2.18767    	-0.0275586 	-5.18398   	0.0806242  
  2.9649  	2.18765    	-0.0275296 	-5.18327   	0.080616   
  2.965   	2.18763    	-0.0275005 	-5.18256   	0.0806079  
  2.9651  	2.18761    	-0.0274716 	-5.18185   	0.0805997  
  2.9652  	2.18758    	-0.0274426 	-5.18115   	0.0805916  
  2.9653  	2.18756    	-0.0274137 	-5.18044   	0.0805834  
  2.9654  	2.18754    	-0.0273849 	-5.17973   	0.0805753  
  2.9655  	2.18752    	-0.027356  	-5.17903   	0.0805671  
  2.9656  	2.18749    	-0.0273273 	-5.17832   	0.080559   
  2.9657  	2.18747    	-0.0272985 	-5.17761   	0.0805508  
  2.9658  	2.18745    	-0.0272698 	-5.17691   	0.0805427  
  2.9659  	2.18743    	-0.0272412 	-5.1762    	0.0805345  
  2.966   	2.1874     	-0.0272126 	-5.17549   	0.0805264  
  2.9661  	2.18738    	-0.027184  	-5.17479   	0.0805182  
  2.9662  	2.18736    	-0.0271555 	-5.17408   	0.0805101  
  2.9663  	2.18734    	-0.027127  	-5.17338   	0.080502   
  2.9664  	2.18732    	-0.0270986 	-5.17267   	0.0804938  
  2.9665  	2.18729    	-0.0270701 	-5.17196   	0.0804857  
  2.9666  	2.18727    	-0.0270418 	-5.17126   	0.0804775  
  2.9667  	2.18725    	-0.0270135 	-5.17055   	0.0804694  
  2.9668  	2.18723    	-0.0269852 	-5.16985   	0.0804613  
  2.9669  	2.1872     	-0.026957  	-5.16914   	0.0804531  
  2.967   	2.18718    	-0.0269288 	-5.16843   	0.080445   
  2.9671  	2.18716    	-0.0269006 	-5.16773   	0.0804369  
  2.9672  	2.18714    	-0.0268725 	-5.16702   	0.0804287  
  2.9673  	2.18712    	-0.0268444 	-5.16632   	0.0804206  
  2.9674  	2.18709    	-0.0268164 	-5.16561   	0.0804125  
  2.9675  	2.18707    	-0.0267884 	-5.16491   	0.0804043  
  2.9676  	2.18705    	-0.0267604 	-5.1642    	0.0803962  
  2.9677  	2.18703    	-0.0267325 	-5.1635    	0.0803881  
  2.9678  	2.187      	-0.0267046 	-5.16279   	0.08038    
  2.9679  	2.18698    	-0.0266768 	-5.16209   	0.0803718  
  2.968   	2.18696    	-0.026649  	-5.16138   	0.0803637  
  2.9681  	2.18694    	-0.0266213 	-5.16068   	0.0803556  
  2.9682  	2.18692    	-0.0265935 	-5.15997   	0.0803475  
  2.9683  	2.18689    	-0.0265659 	-5.15927   	0.0803394  
  2.9684  	2.18687    	-0.0265382 	-5.15856   	0.0803312  
  2.9685  	2.18685    	-0.0265106 	-5.15786   	0.0803231  
  2.9686  	2.18683    	-0.0264831 	-5.15715   	0.080315   
  2.9687  	2.1868     	-0.0264556 	-5.15645   	0.0803069  
  2.9688  	2.18678    	-0.0264281 	-5.15574   	0.0802988  
  2.9689  	2.18676    	-0.0264007 	-5.15504   	0.0802907  
  2.969   	2.18674    	-0.0263733 	-5.15434   	0.0802825  
  2.9691  	2.18672    	-0.0263459 	-5.15363   	0.0802744  
  2.9692  	2.18669    	-0.0263186 	-5.15293   	0.0802663  
  2.9693  	2.18667    	-0.0262913 	-5.15222   	0.0802582  
  2.9694  	2.18665    	-0.0262641 	-5.15152   	0.0802501  
  2.9695  	2.18663    	-0.0262369 	-5.15082   	0.080242   
  2.9696  	2.18661    	-0.0262097 	-5.15011   	0.0802339  
  2.9697  	2.18658    	-0.0261826 	-5.14941   	0.0802258  
  2.9698  	2.18656    	-0.0261555 	-5.1487    	0.0802177  
  2.9699  	2.18654    	-0.0261285 	-5.148     	0.0802096  
  2.97    	2.18652    	-0.0261015 	-5.1473    	0.0802015  
  2.9701  	2.1865     	-0.0260745 	-5.14659   	0.0801934  
  2.9702  	2.18647    	-0.0260476 	-5.14589   	0.0801853  
  2.9703  	2.18645    	-0.0260207 	-5.14519   	0.0801772  
  2.9704  	2.18643    	-0.0259938 	-5.14448   	0.0801691  
  2.9705  	2.18641    	-0.025967  	-5.14378   	0.080161   
  2.9706  	2.18639    	-0.0259403 	-5.14308   	0.0801529  
  2.9707  	2.18636    	-0.0259135 	-5.14238   	0.0801448  
  2.9708  	2.18634    	-0.0258868 	-5.14167   	0.0801367  
  2.9709  	2.18632    	-0.0258602 	-5.14097   	0.0801286  
  2.971   	2.1863     	-0.0258335 	-5.14027   	0.0801205  
  2.9711  	2.18628    	-0.025807  	-5.13956   	0.0801124  
  2.9712  	2.18626    	-0.0257804 	-5.13886   	0.0801043  
  2.9713  	2.18623    	-0.0257539 	-5.13816   	0.0800963  
  2.9714  	2.18621    	-0.0257274 	-5.13746   	0.0800882  
  2.9715  	2.18619    	-0.025701  	-5.13675   	0.0800801  
  2.9716  	2.18617    	-0.0256746 	-5.13605   	0.080072   
  2.9717  	2.18615    	-0.0256483 	-5.13535   	0.0800639  
  2.9718  	2.18612    	-0.0256219 	-5.13465   	0.0800558  
  2.9719  	2.1861     	-0.0255957 	-5.13394   	0.0800478  
  2.972   	2.18608    	-0.0255694 	-5.13324   	0.0800397  
  2.9721  	2.18606    	-0.0255432 	-5.13254   	0.0800316  
  2.9722  	2.18604    	-0.025517  	-5.13184   	0.0800235  
  2.9723  	2.18602    	-0.0254909 	-5.13114   	0.0800154  
  2.9724  	2.18599    	-0.0254648 	-5.13043   	0.0800074  
  2.9725  	2.18597    	-0.0254388 	-5.12973   	0.0799993  
  2.9726  	2.18595    	-0.0254127 	-5.12903   	0.0799912  
  2.9727  	2.18593    	-0.0253868 	-5.12833   	0.0799832  
  2.9728  	2.18591    	-0.0253608 	-5.12763   	0.0799751  
  2.9729  	2.18589    	-0.0253349 	-5.12693   	0.079967   
  2.973   	2.18586    	-0.025309  	-5.12623   	0.0799589  
  2.9731  	2.18584    	-0.0252832 	-5.12552   	0.0799509  
  2.9732  	2.18582    	-0.0252574 	-5.12482   	0.0799428  
  2.9733  	2.1858     	-0.0252316 	-5.12412   	0.0799347  
  2.9734  	2.18578    	-0.0252059 	-5.12342   	0.0799267  
  2.9735  	2.18576    	-0.0251802 	-5.12272   	0.0799186  
  2.9736  	2.18573    	-0.0251546 	-5.12202   	0.0799106  
  2.9737  	2.18571    	-0.0251289 	-5.12132   	0.0799025  
  2.9738  	2.18569    	-0.0251034 	-5.12062   	0.0798944  
  2.9739  	2.18567    	-0.0250778 	-5.11992   	0.0798864  
  2.974   	2.18565    	-0.0250523 	-5.11922   	0.0798783  
  2.9741  	2.18563    	-0.0250268 	-5.11851   	0.0798703  
  2.9742  	2.1856     	-0.0250014 	-5.11781   	0.0798622  
  2.9743  	2.18558    	-0.024976  	-5.11711   	0.0798541  
  2.9744  	2.18556    	-0.0249506 	-5.11641   	0.0798461  
  2.9745  	2.18554    	-0.0249253 	-5.11571   	0.079838   
  2.9746  	2.18552    	-0.0249    	-5.11501   	0.07983    
  2.9747  	2.1855     	-0.0248748 	-5.11431   	0.0798219  
  2.9748  	2.18547    	-0.0248495 	-5.11361   	0.0798139  
  2.9749  	2.18545    	-0.0248244 	-5.11291   	0.0798058  
  2.975   	2.18543    	-0.0247992 	-5.11221   	0.0797978  
  2.9751  	2.18541    	-0.0247741 	-5.11151   	0.0797897  
  2.9752  	2.18539    	-0.024749  	-5.11081   	0.0797817  
  2.9753  	2.18537    	-0.024724  	-5.11011   	0.0797737  
  2.9754  	2.18535    	-0.024699  	-5.10941   	0.0797656  
  2.9755  	2.18532    	-0.024674  	-5.10871   	0.0797576  
  2.9756  	2.1853     	-0.0246491 	-5.10801   	0.0797495  
  2.9757  	2.18528    	-0.0246242 	-5.10731   	0.0797415  
  2.9758  	2.18526    	-0.0245993 	-5.10662   	0.0797335  
  2.9759  	2.18524    	-0.0245745 	-5.10592   	0.0797254  
  2.976   	2.18522    	-0.0245497 	-5.10522   	0.0797174  
  2.9761  	2.1852     	-0.0245249 	-5.10452   	0.0797093  
  2.9762  	2.18517    	-0.0245002 	-5.10382   	0.0797013  
  2.9763  	2.18515    	-0.0244755 	-5.10312   	0.0796933  
  2.9764  	2.18513    	-0.0244508 	-5.10242   	0.0796853  
  2.9765  	2.18511    	-0.0244262 	-5.10172   	0.0796772  
  2.9766  	2.18509    	-0.0244016 	-5.10102   	0.0796692  
  2.9767  	2.18507    	-0.024377  	-5.10032   	0.0796612  
  2.9768  	2.18505    	-0.0243525 	-5.09962   	0.0796531  
  2.9769  	2.18503    	-0.024328  	-5.09893   	0.0796451  
  2.977   	2.185      	-0.0243036 	-5.09823   	0.0796371  
  2.9771  	2.18498    	-0.0242792 	-5.09753   	0.0796291  
  2.9772  	2.18496    	-0.0242548 	-5.09683   	0.079621   
  2.9773  	2.18494    	-0.0242304 	-5.09613   	0.079613   
  2.9774  	2.18492    	-0.0242061 	-5.09543   	0.079605   
  2.9775  	2.1849     	-0.0241819 	-5.09474   	0.079597   
  2.9776  	2.18488    	-0.0241576 	-5.09404   	0.079589   
  2.9777  	2.18486    	-0.0241334 	-5.09334   	0.0795809  
  2.9778  	2.18483    	-0.0241092 	-5.09264   	0.0795729  
  2.9779  	2.18481    	-0.0240851 	-5.09194   	0.0795649  
  2.978   	2.18479    	-0.024061  	-5.09125   	0.0795569  
  2.9781  	2.18477    	-0.0240369 	-5.09055   	0.0795489  
  2.9782  	2.18475    	-0.0240128 	-5.08985   	0.0795409  
  2.9783  	2.18473    	-0.0239888 	-5.08915   	0.0795328  
  2.9784  	2.18471    	-0.0239649 	-5.08846   	0.0795248  
  2.9785  	2.18469    	-0.0239409 	-5.08776   	0.0795168  
  2.9786  	2.18466    	-0.023917  	-5.08706   	0.0795088  
  2.9787  	2.18464    	-0.0238931 	-5.08636   	0.0795008  
  2.9788  	2.18462    	-0.0238693 	-5.08567   	0.0794928  
  2.9789  	2.1846     	-0.0238455 	-5.08497   	0.0794848  
  2.979   	2.18458    	-0.0238217 	-5.08427   	0.0794768  
  2.9791  	2.18456    	-0.023798  	-5.08357   	0.0794688  
  2.9792  	2.18454    	-0.0237742 	-5.08288   	0.0794608  
  2.9793  	2.18452    	-0.0237506 	-5.08218   	0.0794528  
  2.9794  	2.1845     	-0.0237269 	-5.08148   	0.0794448  
  2.9795  	2.18448    	-0.0237033 	-5.08079   	0.0794368  
  2.9796  	2.18445    	-0.0236797 	-5.08009   	0.0794288  
  2.9797  	2.18443    	-0.0236562 	-5.07939   	0.0794208  
  2.9798  	2.18441    	-0.0236327 	-5.0787    	0.0794128  
  2.9799  	2.18439    	-0.0236092 	-5.078     	0.0794048  
  2.98    	2.18437    	-0.0235858 	-5.0773    	0.0793968  
  2.9801  	2.18435    	-0.0235623 	-5.07661   	0.0793888  
  2.9802  	2.18433    	-0.023539  	-5.07591   	0.0793808  
  2.9803  	2.18431    	-0.0235156 	-5.07521   	0.0793728  
  2.9804  	2.18429    	-0.0234923 	-5.07452   	0.0793649  
  2.9805  	2.18427    	-0.023469  	-5.07382   	0.0793569  
  2.9806  	2.18424    	-0.0234458 	-5.07313   	0.0793489  
  2.9807  	2.18422    	-0.0234225 	-5.07243   	0.0793409  
  2.9808  	2.1842     	-0.0233993 	-5.07173   	0.0793329  
  2.9809  	2.18418    	-0.0233762 	-5.07104   	0.0793249  
  2.981   	2.18416    	-0.0233531 	-5.07034   	0.0793169  
  2.9811  	2.18414    	-0.02333   	-5.06965   	0.079309   
  2.9812  	2.18412    	-0.0233069 	-5.06895   	0.079301   
  2.9813  	2.1841     	-0.0232839 	-5.06826   	0.079293   
  2.9814  	2.18408    	-0.0232609 	-5.06756   	0.079285   
  2.9815  	2.18406    	-0.0232379 	-5.06686   	0.079277   
  2.9816  	2.18404    	-0.023215  	-5.06617   	0.0792691  
  2.9817  	2.18402    	-0.0231921 	-5.06547   	0.0792611  
  2.9818  	2.18399    	-0.0231692 	-5.06478   	0.0792531  
  2.9819  	2.18397    	-0.0231464 	-5.06408   	0.0792452  
  2.982   	2.18395    	-0.0231236 	-5.06339   	0.0792372  
  2.9821  	2.18393    	-0.0231008 	-5.06269   	0.0792292  
  2.9822  	2.18391    	-0.0230781 	-5.062     	0.0792212  
  2.9823  	2.18389    	-0.0230554 	-5.0613    	0.0792133  
  2.9824  	2.18387    	-0.0230327 	-5.06061   	0.0792053  
  2.9825  	2.18385    	-0.02301   	-5.05991   	0.0791973  
  2.9826  	2.18383    	-0.0229874 	-5.05922   	0.0791894  
  2.9827  	2.18381    	-0.0229648 	-5.05853   	0.0791814  
  2.9828  	2.18379    	-0.0229423 	-5.05783   	0.0791734  
  2.9829  	2.18377    	-0.0229197 	-5.05714   	0.0791655  
  2.983   	2.18375    	-0.0228973 	-5.05644   	0.0791575  
  2.9831  	2.18372    	-0.0228748 	-5.05575   	0.0791496  
  2.9832  	2.1837     	-0.0228524 	-5.05505   	0.0791416  
  2.9833  	2.18368    	-0.02283   	-5.05436   	0.0791336  
  2.9834  	2.18366    	-0.0228076 	-5.05367   	0.0791257  
  2.9835  	2.18364    	-0.0227853 	-5.05297   	0.0791177  
  2.9836  	2.18362    	-0.0227629 	-5.05228   	0.0791098  
  2.9837  	2.1836     	-0.0227407 	-5.05158   	0.0791018  
  2.9838  	2.18358    	-0.0227184 	-5.05089   	0.0790939  
  2.9839  	2.18356    	-0.0226962 	-5.0502    	0.0790859  
  2.984   	2.18354    	-0.022674  	-5.0495    	0.079078   
  2.9841  	2.18352    	-0.0226519 	-5.04881   	0.07907    
  2.9842  	2.1835     	-0.0226297 	-5.04812   	0.0790621  
  2.9843  	2.18348    	-0.0226076 	-5.04742   	0.0790541  
  2.9844  	2.18346    	-0.0225856 	-5.04673   	0.0790462  
  2.9845  	2.18344    	-0.0225635 	-5.04604   	0.0790382  
  2.9846  	2.18342    	-0.0225415 	-5.04534   	0.0790303  
  2.9847  	2.1834     	-0.0225196 	-5.04465   	0.0790223  
  2.9848  	2.18338    	-0.0224976 	-5.04396   	0.0790144  
  2.9849  	2.18335    	-0.0224757 	-5.04326   	0.0790065  
  2.985   	2.18333    	-0.0224538 	-5.04257   	0.0789985  
  2.9851  	2.18331    	-0.022432  	-5.04188   	0.0789906  
  2.9852  	2.18329    	-0.0224102 	-5.04118   	0.0789826  
  2.9853  	2.18327    	-0.0223884 	-5.04049   	0.0789747  
  2.9854  	2.18325    	-0.0223666 	-5.0398    	0.0789668  
  2.9855  	2.18323    	-0.0223449 	-5.03911   	0.0789588  
  2.9856  	2.18321    	-0.0223232 	-5.03841   	0.0789509  
  2.9857  	2.18319    	-0.0223015 	-5.03772   	0.078943   
  2.9858  	2.18317    	-0.0222798 	-5.03703   	0.078935   
  2.9859  	2.18315    	-0.0222582 	-5.03634   	0.0789271  
  2.986   	2.18313    	-0.0222366 	-5.03564   	0.0789192  
  2.9861  	2.18311    	-0.0222151 	-5.03495   	0.0789113  
  2.9862  	2.18309    	-0.0221936 	-5.03426   	0.0789033  
  2.9863  	2.18307    	-0.0221721 	-5.03357   	0.0788954  
  2.9864  	2.18305    	-0.0221506 	-5.03288   	0.0788875  
  2.9865  	2.18303    	-0.0221291 	-5.03218   	0.0788796  
  2.9866  	2.18301    	-0.0221077 	-5.03149   	0.0788716  
  2.9867  	2.18299    	-0.0220864 	-5.0308    	0.0788637  
  2.9868  	2.18297    	-0.022065  	-5.03011   	0.0788558  
  2.9869  	2.18295    	-0.0220437 	-5.02942   	0.0788479  
  2.987   	2.18293    	-0.0220224 	-5.02873   	0.07884    
  2.9871  	2.18291    	-0.0220011 	-5.02803   	0.078832   
  2.9872  	2.18289    	-0.0219799 	-5.02734   	0.0788241  
  2.9873  	2.18287    	-0.0219587 	-5.02665   	0.0788162  
  2.9874  	2.18285    	-0.0219375 	-5.02596   	0.0788083  
  2.9875  	2.18283    	-0.0219163 	-5.02527   	0.0788004  
  2.9876  	2.18281    	-0.0218952 	-5.02458   	0.0787925  
  2.9877  	2.18279    	-0.0218741 	-5.02389   	0.0787846  
  2.9878  	2.18277    	-0.0218531 	-5.02319   	0.0787766  
  2.9879  	2.18275    	-0.021832  	-5.0225    	0.0787687  
  2.988   	2.18273    	-0.021811  	-5.02181   	0.0787608  
  2.9881  	2.18271    	-0.0217901 	-5.02112   	0.0787529  
  2.9882  	2.18269    	-0.0217691 	-5.02043   	0.078745   
  2.9883  	2.18267    	-0.0217482 	-5.01974   	0.0787371  
  2.9884  	2.18265    	-0.0217273 	-5.01905   	0.0787292  
  2.9885  	2.18263    	-0.0217064 	-5.01836   	0.0787213  
  2.9886  	2.18261    	-0.0216856 	-5.01767   	0.0787134  
  2.9887  	2.18259    	-0.0216648 	-5.01698   	0.0787055  
  2.9888  	2.18257    	-0.021644  	-5.01629   	0.0786976  
  2.9889  	2.18255    	-0.0216232 	-5.0156    	0.0786897  
  2.989   	2.18253    	-0.0216025 	-5.01491   	0.0786818  
  2.9891  	2.18251    	-0.0215818 	-5.01422   	0.0786739  
  2.9892  	2.18249    	-0.0215612 	-5.01353   	0.078666   
  2.9893  	2.18247    	-0.0215405 	-5.01284   	0.0786581  
  2.9894  	2.18245    	-0.0215199 	-5.01215   	0.0786502  
  2.9895  	2.18243    	-0.0214993 	-5.01146   	0.0786423  
  2.9896  	2.18241    	-0.0214788 	-5.01077   	0.0786344  
  2.9897  	2.18239    	-0.0214582 	-5.01008   	0.0786266  
  2.9898  	2.18237    	-0.0214377 	-5.00939   	0.0786187  
  2.9899  	2.18235    	-0.0214173 	-5.0087    	0.0786108  
  2.99    	2.18233    	-0.0213968 	-5.00801   	0.0786029  
  2.9901  	2.18231    	-0.0213764 	-5.00732   	0.078595   
  2.9902  	2.18229    	-0.021356  	-5.00663   	0.0785871  
  2.9903  	2.18227    	-0.0213356 	-5.00594   	0.0785792  
  2.9904  	2.18225    	-0.0213153 	-5.00525   	0.0785714  
  2.9905  	2.18223    	-0.021295  	-5.00456   	0.0785635  
  2.9906  	2.18221    	-0.0212747 	-5.00387   	0.0785556  
  2.9907  	2.18219    	-0.0212545 	-5.00319   	0.0785477  
  2.9908  	2.18217    	-0.0212342 	-5.0025    	0.0785398  
  2.9909  	2.18215    	-0.021214  	-5.00181   	0.078532   
  2.991   	2.18213    	-0.0211939 	-5.00112   	0.0785241  
  2.9911  	2.18211    	-0.0211737 	-5.00043   	0.0785162  
  2.9912  	2.18209    	-0.0211536 	-4.99974   	0.0785083  
  2.9913  	2.18207    	-0.0211335 	-4.99905   	0.0785005  
  2.9914  	2.18205    	-0.0211134 	-4.99836   	0.0784926  
  2.9915  	2.18203    	-0.0210934 	-4.99768   	0.0784847  
  2.9916  	2.18201    	-0.0210734 	-4.99699   	0.0784768  
  2.9917  	2.18199    	-0.0210534 	-4.9963    	0.078469   
  2.9918  	2.18197    	-0.0210334 	-4.99561   	0.0784611  
  2.9919  	2.18195    	-0.0210135 	-4.99492   	0.0784532  
  2.992   	2.18193    	-0.0209936 	-4.99423   	0.0784454  
  2.9921  	2.18191    	-0.0209737 	-4.99355   	0.0784375  
  2.9922  	2.18189    	-0.0209539 	-4.99286   	0.0784296  
  2.9923  	2.18187    	-0.0209341 	-4.99217   	0.0784218  
  2.9924  	2.18185    	-0.0209143 	-4.99148   	0.0784139  
  2.9925  	2.18183    	-0.0208945 	-4.9908    	0.0784061  
  2.9926  	2.18181    	-0.0208747 	-4.99011   	0.0783982  
  2.9927  	2.18179    	-0.020855  	-4.98942   	0.0783903  
  2.9928  	2.18177    	-0.0208353 	-4.98873   	0.0783825  
  2.9929  	2.18175    	-0.0208157 	-4.98804   	0.0783746  
  2.993   	2.18173    	-0.020796  	-4.98736   	0.0783668  
  2.9931  	2.18171    	-0.0207764 	-4.98667   	0.0783589  
  2.9932  	2.18169    	-0.0207568 	-4.98598   	0.0783511  
  2.9933  	2.18167    	-0.0207373 	-4.9853    	0.0783432  
  2.9934  	2.18165    	-0.0207177 	-4.98461   	0.0783354  
  2.9935  	2.18164    	-0.0206982 	-4.98392   	0.0783275  
  2.9936  	2.18162    	-0.0206787 	-4.98323   	0.0783197  
  2.9937  	2.1816     	-0.0206593 	-4.98255   	0.0783118  
  2.9938  	2.18158    	-0.0206398 	-4.98186   	0.078304   
  2.9939  	2.18156    	-0.0206204 	-4.98117   	0.0782961  
  2.994   	2.18154    	-0.0206011 	-4.98049   	0.0782883  
  2.9941  	2.18152    	-0.0205817 	-4.9798    	0.0782804  
  2.9942  	2.1815     	-0.0205624 	-4.97911   	0.0782726  
  2.9943  	2.18148    	-0.0205431 	-4.97843   	0.0782648  
  2.9944  	2.18146    	-0.0205238 	-4.97774   	0.0782569  
  2.9945  	2.18144    	-0.0205045 	-4.97705   	0.0782491  
  2.9946  	2.18142    	-0.0204853 	-4.97637   	0.0782412  
  2.9947  	2.1814     	-0.0204661 	-4.97568   	0.0782334  
  2.9948  	2.18138    	-0.0204469 	-4.975     	0.0782256  
  2.9949  	2.18136    	-0.0204278 	-4.97431   	0.0782177  
  2.995   	2.18134    	-0.0204087 	-4.97362   	0.0782099  
  2.9951  	2.18132    	-0.0203896 	-4.97294   	0.0782021  
  2.9952  	2.1813     	-0.0203705 	-4.97225   	0.0781942  
  2.9953  	2.18129    	-0.0203514 	-4.97157   	0.0781864  
  2.9954  	2.18127    	-0.0203324 	-4.97088   	0.0781786  
  2.9955  	2.18125    	-0.0203134 	-4.97019   	0.0781707  
  2.9956  	2.18123    	-0.0202945 	-4.96951   	0.0781629  
  2.9957  	2.18121    	-0.0202755 	-4.96882   	0.0781551  
  2.9958  	2.18119    	-0.0202566 	-4.96814   	0.0781473  
  2.9959  	2.18117    	-0.0202377 	-4.96745   	0.0781394  
  2.996   	2.18115    	-0.0202188 	-4.96677   	0.0781316  
  2.9961  	2.18113    	-0.0202    	-4.96608   	0.0781238  
  2.9962  	2.18111    	-0.0201811 	-4.9654    	0.078116   
  2.9963  	2.18109    	-0.0201623 	-4.96471   	0.0781081  
  2.9964  	2.18107    	-0.0201436 	-4.96403   	0.0781003  
  2.9965  	2.18105    	-0.0201248 	-4.96334   	0.0780925  
  2.9966  	2.18103    	-0.0201061 	-4.96266   	0.0780847  
  2.9967  	2.18102    	-0.0200874 	-4.96197   	0.0780769  
  2.9968  	2.181      	-0.0200687 	-4.96129   	0.0780691  
  2.9969  	2.18098    	-0.0200501 	-4.9606    	0.0780612  
  2.997   	2.18096    	-0.0200314 	-4.95992   	0.0780534  
  2.9971  	2.18094    	-0.0200128 	-4.95923   	0.0780456  
  2.9972  	2.18092    	-0.0199943 	-4.95855   	0.0780378  
  2.9973  	2.1809     	-0.0199757 	-4.95786   	0.07803    
  2.9974  	2.18088    	-0.0199572 	-4.95718   	0.0780222  
  2.9975  	2.18086    	-0.0199387 	-4.95649   	0.0780144  
  2.9976  	2.18084    	-0.0199202 	-4.95581   	0.0780066  
  2.9977  	2.18082    	-0.0199018 	-4.95513   	0.0779988  
  2.9978  	2.18081    	-0.0198833 	-4.95444   	0.077991   
  2.9979  	2.18079    	-0.0198649 	-4.95376   	0.0779831  
  2.998   	2.18077    	-0.0198465 	-4.95307   	0.0779753  
  2.9981  	2.18075    	-0.0198282 	-4.95239   	0.0779675  
  2.9982  	2.18073    	-0.0198098 	-4.95171   	0.0779597  
  2.9983  	2.18071    	-0.0197915 	-4.95102   	0.0779519  
  2.9984  	2.18069    	-0.0197732 	-4.95034   	0.0779441  
  2.9985  	2.18067    	-0.019755  	-4.94966   	0.0779363  
  2.9986  	2.18065    	-0.0197367 	-4.94897   	0.0779286  
  2.9987  	2.18063    	-0.0197185 	-4.94829   	0.0779208  
  2.9988  	2.18062    	-0.0197003 	-4.9476    	0.077913   
  2.9989  	2.1806     	-0.0196822 	-4.94692   	0.0779052  
  2.999   	2.18058    	-0.019664  	-4.94624   	0.0778974  
  2.9991  	2.18056    	-0.0196459 	-4.94555   	0.0778896  
  2.9992  	2.18054    	-0.0196278 	-4.94487   	0.0778818  
  2.9993  	2.18052    	-0.0196098 	-4.94419   	0.077874   
  2.9994  	2.1805     	-0.0195917 	-4.94351   	0.0778662  
  2.9995  	2.18048    	-0.0195737 	-4.94282   	0.0778584  
  2.9996  	2.18046    	-0.0195557 	-4.94214   	0.0778506  
  2.9997  	2.18044    	-0.0195377 	-4.94146   	0.0778429  
  2.9998  	2.18043    	-0.0195197 	-4.94077   	0.0778351  
  2.9999  	2.18041    	-0.0195018 	-4.94009   	0.0778273  
  3       	2.18039    	-0.0194839 	-4.93941   	0.0778195  
  3.0001  	2.18037    	-0.019466  	-4.93873   	0.0778117  
  3.0002  	2.18035    	-0.0194482 	-4.93804   	0.0778039  
  3.0003  	2.18033    	-0.0194303 	-4.93736   	0.0777962  
  3.0004  	2.18031    	-0.0194125 	-4.93668   	0.0777884  
  3.0005  	2.18029    	-0.0193947 	-4.936     	0.0777806  
  3.0006  	2.18028    	-0.019377  	-4.93531   	0.0777728  
  3.0007  	2.18026    	-0.0193592 	-4.93463   	0.0777651  
  3.0008  	2.18024    	-0.0193415 	-4.93395   	0.0777573  
  3.0009  	2.18022    	-0.0193238 	-4.93327   	0.0777495  
  3.001   	2.1802     	-0.0193061 	-4.93259   	0.0777417  
  3.0011  	2.18018    	-0.0192885 	-4.9319    	0.077734   
  3.0012  	2.18016    	-0.0192708 	-4.93122   	0.0777262  
  3.0013  	2.18014    	-0.0192532 	-4.93054   	0.0777184  
  3.0014  	2.18013    	-0.0192356 	-4.92986   	0.0777107  
  3.0015  	2.18011    	-0.0192181 	-4.92918   	0.0777029  
  3.0016  	2.18009    	-0.0192005 	-4.9285    	0.0776951  
  3.0017  	2.18007    	-0.019183  	-4.92781   	0.0776874  
  3.0018  	2.18005    	-0.0191655 	-4.92713   	0.0776796  
  3.0019  	2.18003    	-0.0191481 	-4.92645   	0.0776718  
  3.002   	2.18001    	-0.0191306 	-4.92577   	0.0776641  
  3.0021  	2.18       	-0.0191132 	-4.92509   	0.0776563  
  3.0022  	2.17998    	-0.0190958 	-4.92441   	0.0776486  
  3.0023  	2.17996    	-0.0190784 	-4.92373   	0.0776408  
  3.0024  	2.17994    	-0.0190611 	-4.92305   	0.077633   
  3.0025  	2.17992    	-0.0190437 	-4.92237   	0.0776253  
  3.0026  	2.1799     	-0.0190264 	-4.92168   	0.0776175  
  3.0027  	2.17988    	-0.0190091 	-4.921     	0.0776098  
  3.0028  	2.17987    	-0.0189919 	-4.92032   	0.077602   
  3.0029  	2.17985    	-0.0189746 	-4.91964   	0.0775943  
  3.003   	2.17983    	-0.0189574 	-4.91896   	0.0775865  
  3.0031  	2.17981    	-0.0189402 	-4.91828   	0.0775788  
  3.0032  	2.17979    	-0.018923  	-4.9176    	0.077571   
  3.0033  	2.17977    	-0.0189059 	-4.91692   	0.0775633  
  3.0034  	2.17975    	-0.0188887 	-4.91624   	0.0775555  
  3.0035  	2.17974    	-0.0188716 	-4.91556   	0.0775478  
  3.0036  	2.17972    	-0.0188545 	-4.91488   	0.07754    
  3.0037  	2.1797     	-0.0188374 	-4.9142    	0.0775323  
  3.0038  	2.17968    	-0.0188204 	-4.91352   	0.0775245  
  3.0039  	2.17966    	-0.0188034 	-4.91284   	0.0775168  
  3.004   	2.17964    	-0.0187864 	-4.91216   	0.0775091  
  3.0041  	2.17963    	-0.0187694 	-4.91148   	0.0775013  
  3.0042  	2.17961    	-0.0187524 	-4.9108    	0.0774936  
  3.0043  	2.17959    	-0.0187355 	-4.91012   	0.0774859  
  3.0044  	2.17957    	-0.0187186 	-4.90944   	0.0774781  
  3.0045  	2.17955    	-0.0187017 	-4.90876   	0.0774704  
  3.0046  	2.17953    	-0.0186848 	-4.90808   	0.0774626  
  3.0047  	2.17952    	-0.018668  	-4.9074    	0.0774549  
  3.0048  	2.1795     	-0.0186511 	-4.90672   	0.0774472  
  3.0049  	2.17948    	-0.0186343 	-4.90604   	0.0774394  
  3.005   	2.17946    	-0.0186175 	-4.90536   	0.0774317  
  3.0051  	2.17944    	-0.0186008 	-4.90469   	0.077424   
  3.0052  	2.17942    	-0.018584  	-4.90401   	0.0774163  
  3.0053  	2.17941    	-0.0185673 	-4.90333   	0.0774085  
  3.0054  	2.17939    	-0.0185506 	-4.90265   	0.0774008  
  3.0055  	2.17937    	-0.0185339 	-4.90197   	0.0773931  
  3.0056  	2.17935    	-0.0185173 	-4.90129   	0.0773854  
  3.0057  	2.17933    	-0.0185007 	-4.90061   	0.0773776  
  3.0058  	2.17931    	-0.018484  	-4.89993   	0.0773699  
  3.0059  	2.1793     	-0.0184674 	-4.89925   	0.0773622  
  3.006   	2.17928    	-0.0184509 	-4.89858   	0.0773545  
  3.0061  	2.17926    	-0.0184343 	-4.8979    	0.0773467  
  3.0062  	2.17924    	-0.0184178 	-4.89722   	0.077339   
  3.0063  	2.17922    	-0.0184013 	-4.89654   	0.0773313  
  3.0064  	2.17921    	-0.0183848 	-4.89586   	0.0773236  
  3.0065  	2.17919    	-0.0183683 	-4.89518   	0.0773159  
  3.0066  	2.17917    	-0.0183519 	-4.89451   	0.0773082  
  3.0067  	2.17915    	-0.0183355 	-4.89383   	0.0773005  
  3.0068  	2.17913    	-0.0183191 	-4.89315   	0.0772927  
  3.0069  	2.17911    	-0.0183027 	-4.89247   	0.077285   
  3.007   	2.1791     	-0.0182863 	-4.89179   	0.0772773  
  3.0071  	2.17908    	-0.01827   	-4.89112   	0.0772696  
  3.0072  	2.17906    	-0.0182537 	-4.89044   	0.0772619  
  3.0073  	2.17904    	-0.0182374 	-4.88976   	0.0772542  
  3.0074  	2.17902    	-0.0182211 	-4.88908   	0.0772465  
  3.0075  	2.17901    	-0.0182048 	-4.88841   	0.0772388  
  3.0076  	2.17899    	-0.0181886 	-4.88773   	0.0772311  
  3.0077  	2.17897    	-0.0181724 	-4.88705   	0.0772234  
  3.0078  	2.17895    	-0.0181562 	-4.88637   	0.0772157  
  3.0079  	2.17893    	-0.01814   	-4.8857    	0.077208   
  3.008   	2.17892    	-0.0181239 	-4.88502   	0.0772003  
  3.0081  	2.1789     	-0.0181077 	-4.88434   	0.0771926  
  3.0082  	2.17888    	-0.0180916 	-4.88367   	0.0771849  
  3.0083  	2.17886    	-0.0180755 	-4.88299   	0.0771772  
  3.0084  	2.17884    	-0.0180594 	-4.88231   	0.0771695  
  3.0085  	2.17883    	-0.0180434 	-4.88163   	0.0771618  
  3.0086  	2.17881    	-0.0180274 	-4.88096   	0.0771541  
  3.0087  	2.17879    	-0.0180113 	-4.88028   	0.0771464  
  3.0088  	2.17877    	-0.0179954 	-4.8796    	0.0771387  
  3.0089  	2.17875    	-0.0179794 	-4.87893   	0.077131   
  3.009   	2.17874    	-0.0179634 	-4.87825   	0.0771233  
  3.0091  	2.17872    	-0.0179475 	-4.87757   	0.0771156  
  3.0092  	2.1787     	-0.0179316 	-4.8769    	0.077108   
  3.0093  	2.17868    	-0.0179157 	-4.87622   	0.0771003  
  3.0094  	2.17867    	-0.0178998 	-4.87555   	0.0770926  
  3.0095  	2.17865    	-0.017884  	-4.87487   	0.0770849  
  3.0096  	2.17863    	-0.0178682 	-4.87419   	0.0770772  
  3.0097  	2.17861    	-0.0178523 	-4.87352   	0.0770695  
  3.0098  	2.17859    	-0.0178366 	-4.87284   	0.0770619  
  3.0099  	2.17858    	-0.0178208 	-4.87217   	0.0770542  
  3.01    	2.17856    	-0.017805  	-4.87149   	0.0770465  
  3.0101  	2.17854    	-0.0177893 	-4.87081   	0.0770388  
  3.0102  	2.17852    	-0.0177736 	-4.87014   	0.0770311  
  3.0103  	2.17851    	-0.0177579 	-4.86946   	0.0770235  
  3.0104  	2.17849    	-0.0177422 	-4.86879   	0.0770158  
  3.0105  	2.17847    	-0.0177266 	-4.86811   	0.0770081  
  3.0106  	2.17845    	-0.017711  	-4.86744   	0.0770004  
  3.0107  	2.17843    	-0.0176953 	-4.86676   	0.0769928  
  3.0108  	2.17842    	-0.0176798 	-4.86609   	0.0769851  
  3.0109  	2.1784     	-0.0176642 	-4.86541   	0.0769774  
  3.011   	2.17838    	-0.0176486 	-4.86473   	0.0769698  
  3.0111  	2.17836    	-0.0176331 	-4.86406   	0.0769621  
  3.0112  	2.17835    	-0.0176176 	-4.86338   	0.0769544  
  3.0113  	2.17833    	-0.0176021 	-4.86271   	0.0769468  
  3.0114  	2.17831    	-0.0175866 	-4.86203   	0.0769391  
  3.0115  	2.17829    	-0.0175712 	-4.86136   	0.0769314  
  3.0116  	2.17828    	-0.0175557 	-4.86069   	0.0769238  
  3.0117  	2.17826    	-0.0175403 	-4.86001   	0.0769161  
  3.0118  	2.17824    	-0.0175249 	-4.85934   	0.0769084  
  3.0119  	2.17822    	-0.0175095 	-4.85866   	0.0769008  
  3.012   	2.17821    	-0.0174942 	-4.85799   	0.0768931  
  3.0121  	2.17819    	-0.0174788 	-4.85731   	0.0768855  
  3.0122  	2.17817    	-0.0174635 	-4.85664   	0.0768778  
  3.0123  	2.17815    	-0.0174482 	-4.85596   	0.0768702  
  3.0124  	2.17813    	-0.0174329 	-4.85529   	0.0768625  
  3.0125  	2.17812    	-0.0174177 	-4.85462   	0.0768548  
  3.0126  	2.1781     	-0.0174024 	-4.85394   	0.0768472  
  3.0127  	2.17808    	-0.0173872 	-4.85327   	0.0768395  
  3.0128  	2.17806    	-0.017372  	-4.85259   	0.0768319  
  3.0129  	2.17805    	-0.0173568 	-4.85192   	0.0768242  
  3.013   	2.17803    	-0.0173416 	-4.85125   	0.0768166  
  3.0131  	2.17801    	-0.0173265 	-4.85057   	0.0768089  
  3.0132  	2.178      	-0.0173114 	-4.8499    	0.0768013  
  3.0133  	2.17798    	-0.0172963 	-4.84922   	0.0767937  
  3.0134  	2.17796    	-0.0172812 	-4.84855   	0.076786   
  3.0135  	2.17794    	-0.0172661 	-4.84788   	0.0767784  
  3.0136  	2.17793    	-0.017251  	-4.8472    	0.0767707  
  3.0137  	2.17791    	-0.017236  	-4.84653   	0.0767631  
  3.0138  	2.17789    	-0.017221  	-4.84586   	0.0767554  
  3.0139  	2.17787    	-0.017206  	-4.84518   	0.0767478  
  3.014   	2.17786    	-0.017191  	-4.84451   	0.0767402  
  3.0141  	2.17784    	-0.017176  	-4.84384   	0.0767325  
  3.0142  	2.17782    	-0.0171611 	-4.84316   	0.0767249  
  3.0143  	2.1778     	-0.0171462 	-4.84249   	0.0767173  
  3.0144  	2.17779    	-0.0171313 	-4.84182   	0.0767096  
  3.0145  	2.17777    	-0.0171164 	-4.84115   	0.076702   
  3.0146  	2.17775    	-0.0171015 	-4.84047   	0.0766944  
  3.0147  	2.17773    	-0.0170867 	-4.8398    	0.0766867  
  3.0148  	2.17772    	-0.0170718 	-4.83913   	0.0766791  
  3.0149  	2.1777     	-0.017057  	-4.83846   	0.0766715  
  3.015   	2.17768    	-0.0170422 	-4.83778   	0.0766638  
  3.0151  	2.17767    	-0.0170275 	-4.83711   	0.0766562  
  3.0152  	2.17765    	-0.0170127 	-4.83644   	0.0766486  
  3.0153  	2.17763    	-0.016998  	-4.83577   	0.076641   
  3.0154  	2.17761    	-0.0169832 	-4.83509   	0.0766333  
  3.0155  	2.1776     	-0.0169685 	-4.83442   	0.0766257  
  3.0156  	2.17758    	-0.0169539 	-4.83375   	0.0766181  
  3.0157  	2.17756    	-0.0169392 	-4.83308   	0.0766105  
  3.0158  	2.17755    	-0.0169245 	-4.83241   	0.0766028  
  3.0159  	2.17753    	-0.0169099 	-4.83173   	0.0765952  
  3.016   	2.17751    	-0.0168953 	-4.83106   	0.0765876  
  3.0161  	2.17749    	-0.0168807 	-4.83039   	0.07658    
  3.0162  	2.17748    	-0.0168661 	-4.82972   	0.0765724  
  3.0163  	2.17746    	-0.0168516 	-4.82905   	0.0765648  
  3.0164  	2.17744    	-0.016837  	-4.82838   	0.0765571  
  3.0165  	2.17743    	-0.0168225 	-4.8277    	0.0765495  
  3.0166  	2.17741    	-0.016808  	-4.82703   	0.0765419  
  3.0167  	2.17739    	-0.0167935 	-4.82636   	0.0765343  
  3.0168  	2.17737    	-0.0167791 	-4.82569   	0.0765267  
  3.0169  	2.17736    	-0.0167646 	-4.82502   	0.0765191  
  3.017   	2.17734    	-0.0167502 	-4.82435   	0.0765115  
  3.0171  	2.17732    	-0.0167358 	-4.82368   	0.0765039  
  3.0172  	2.17731    	-0.0167214 	-4.82301   	0.0764963  
  3.0173  	2.17729    	-0.016707  	-4.82233   	0.0764887  
  3.0174  	2.17727    	-0.0166926 	-4.82166   	0.0764811  
  3.0175  	2.17725    	-0.0166783 	-4.82099   	0.0764734  
  3.0176  	2.17724    	-0.016664  	-4.82032   	0.0764658  
  3.0177  	2.17722    	-0.0166497 	-4.81965   	0.0764582  
  3.0178  	2.1772     	-0.0166354 	-4.81898   	0.0764506  
  3.0179  	2.17719    	-0.0166211 	-4.81831   	0.076443   
  3.018   	2.17717    	-0.0166068 	-4.81764   	0.0764354  
  3.0181  	2.17715    	-0.0165926 	-4.81697   	0.0764279  
  3.0182  	2.17714    	-0.0165784 	-4.8163    	0.0764203  
  3.0183  	2.17712    	-0.0165642 	-4.81563   	0.0764127  
  3.0184  	2.1771     	-0.01655   	-4.81496   	0.0764051  
  3.0185  	2.17709    	-0.0165358 	-4.81429   	0.0763975  
  3.0186  	2.17707    	-0.0165217 	-4.81362   	0.0763899  
  3.0187  	2.17705    	-0.0165075 	-4.81295   	0.0763823  
  3.0188  	2.17703    	-0.0164934 	-4.81228   	0.0763747  
  3.0189  	2.17702    	-0.0164793 	-4.81161   	0.0763671  
  3.019   	2.177      	-0.0164652 	-4.81094   	0.0763595  
  3.0191  	2.17698    	-0.0164512 	-4.81027   	0.0763519  
  3.0192  	2.17697    	-0.0164371 	-4.8096    	0.0763443  
  3.0193  	2.17695    	-0.0164231 	-4.80893   	0.0763368  
  3.0194  	2.17693    	-0.0164091 	-4.80826   	0.0763292  
  3.0195  	2.17692    	-0.0163951 	-4.80759   	0.0763216  
  3.0196  	2.1769     	-0.0163811 	-4.80692   	0.076314   
  3.0197  	2.17688    	-0.0163672 	-4.80625   	0.0763064  
  3.0198  	2.17687    	-0.0163532 	-4.80558   	0.0762989  
  3.0199  	2.17685    	-0.0163393 	-4.80491   	0.0762913  
  3.02    	2.17683    	-0.0163254 	-4.80424   	0.0762837  
  3.0201  	2.17682    	-0.0163115 	-4.80357   	0.0762761  
  3.0202  	2.1768     	-0.0162976 	-4.80291   	0.0762685  
  3.0203  	2.17678    	-0.0162837 	-4.80224   	0.076261   
  3.0204  	2.17677    	-0.0162699 	-4.80157   	0.0762534  
  3.0205  	2.17675    	-0.0162561 	-4.8009    	0.0762458  
  3.0206  	2.17673    	-0.0162423 	-4.80023   	0.0762382  
  3.0207  	2.17672    	-0.0162285 	-4.79956   	0.0762307  
  3.0208  	2.1767     	-0.0162147 	-4.79889   	0.0762231  
  3.0209  	2.17668    	-0.0162009 	-4.79822   	0.0762155  
  3.021   	2.17667    	-0.0161872 	-4.79756   	0.076208   
  3.0211  	2.17665    	-0.0161735 	-4.79689   	0.0762004  
  3.0212  	2.17663    	-0.0161598 	-4.79622   	0.0761928  
  3.0213  	2.17662    	-0.0161461 	-4.79555   	0.0761853  
  3.0214  	2.1766     	-0.0161324 	-4.79488   	0.0761777  
  3.0215  	2.17658    	-0.0161187 	-4.79421   	0.0761701  
  3.0216  	2.17657    	-0.0161051 	-4.79355   	0.0761626  
  3.0217  	2.17655    	-0.0160915 	-4.79288   	0.076155   
  3.0218  	2.17653    	-0.0160779 	-4.79221   	0.0761475  
  3.0219  	2.17652    	-0.0160643 	-4.79154   	0.0761399  
  3.022   	2.1765     	-0.0160507 	-4.79087   	0.0761323  
  3.0221  	2.17648    	-0.0160371 	-4.79021   	0.0761248  
  3.0222  	2.17647    	-0.0160236 	-4.78954   	0.0761172  
  3.0223  	2.17645    	-0.0160101 	-4.78887   	0.0761097  
  3.0224  	2.17643    	-0.0159966 	-4.7882    	0.0761021  
  3.0225  	2.17642    	-0.0159831 	-4.78754   	0.0760946  
  3.0226  	2.1764     	-0.0159696 	-4.78687   	0.076087   
  3.0227  	2.17638    	-0.0159561 	-4.7862    	0.0760795  
  3.0228  	2.17637    	-0.0159427 	-4.78553   	0.0760719  
  3.0229  	2.17635    	-0.0159293 	-4.78487   	0.0760644  
  3.023   	2.17633    	-0.0159159 	-4.7842    	0.0760568  
  3.0231  	2.17632    	-0.0159025 	-4.78353   	0.0760493  
  3.0232  	2.1763     	-0.0158891 	-4.78287   	0.0760417  
  3.0233  	2.17629    	-0.0158757 	-4.7822    	0.0760342  
  3.0234  	2.17627    	-0.0158624 	-4.78153   	0.0760266  
  3.0235  	2.17625    	-0.015849  	-4.78087   	0.0760191  
  3.0236  	2.17624    	-0.0158357 	-4.7802    	0.0760116  
  3.0237  	2.17622    	-0.0158224 	-4.77953   	0.076004   
  3.0238  	2.1762     	-0.0158091 	-4.77887   	0.0759965  
  3.0239  	2.17619    	-0.0157959 	-4.7782    	0.0759889  
  3.024   	2.17617    	-0.0157826 	-4.77753   	0.0759814  
  3.0241  	2.17615    	-0.0157694 	-4.77687   	0.0759739  
  3.0242  	2.17614    	-0.0157562 	-4.7762    	0.0759663  
  3.0243  	2.17612    	-0.015743  	-4.77553   	0.0759588  
  3.0244  	2.17611    	-0.0157298 	-4.77487   	0.0759513  
  3.0245  	2.17609    	-0.0157166 	-4.7742    	0.0759437  
  3.0246  	2.17607    	-0.0157035 	-4.77353   	0.0759362  
  3.0247  	2.17606    	-0.0156903 	-4.77287   	0.0759287  
  3.0248  	2.17604    	-0.0156772 	-4.7722    	0.0759211  
  3.0249  	2.17602    	-0.0156641 	-4.77154   	0.0759136  
  3.025   	2.17601    	-0.015651  	-4.77087   	0.0759061  
  3.0251  	2.17599    	-0.0156379 	-4.77021   	0.0758985  
  3.0252  	2.17598    	-0.0156249 	-4.76954   	0.075891   
  3.0253  	2.17596    	-0.0156118 	-4.76887   	0.0758835  
  3.0254  	2.17594    	-0.0155988 	-4.76821   	0.075876   
  3.0255  	2.17593    	-0.0155858 	-4.76754   	0.0758684  
  3.0256  	2.17591    	-0.0155728 	-4.76688   	0.0758609  
  3.0257  	2.17589    	-0.0155598 	-4.76621   	0.0758534  
  3.0258  	2.17588    	-0.0155468 	-4.76555   	0.0758459  
  3.0259  	2.17586    	-0.0155339 	-4.76488   	0.0758384  
  3.026   	2.17585    	-0.0155209 	-4.76422   	0.0758308  
  3.0261  	2.17583    	-0.015508  	-4.76355   	0.0758233  
  3.0262  	2.17581    	-0.0154951 	-4.76289   	0.0758158  
  3.0263  	2.1758     	-0.0154822 	-4.76222   	0.0758083  
  3.0264  	2.17578    	-0.0154693 	-4.76156   	0.0758008  
  3.0265  	2.17576    	-0.0154565 	-4.76089   	0.0757933  
  3.0266  	2.17575    	-0.0154436 	-4.76023   	0.0757858  
  3.0267  	2.17573    	-0.0154308 	-4.75956   	0.0757782  
  3.0268  	2.17572    	-0.015418  	-4.7589    	0.0757707  
  3.0269  	2.1757     	-0.0154052 	-4.75823   	0.0757632  
  3.027   	2.17568    	-0.0153924 	-4.75757   	0.0757557  
  3.0271  	2.17567    	-0.0153797 	-4.7569    	0.0757482  
  3.0272  	2.17565    	-0.0153669 	-4.75624   	0.0757407  
  3.0273  	2.17564    	-0.0153542 	-4.75558   	0.0757332  
  3.0274  	2.17562    	-0.0153414 	-4.75491   	0.0757257  
  3.0275  	2.1756     	-0.0153287 	-4.75425   	0.0757182  
  3.0276  	2.17559    	-0.015316  	-4.75358   	0.0757107  
  3.0277  	2.17557    	-0.0153034 	-4.75292   	0.0757032  
  3.0278  	2.17556    	-0.0152907 	-4.75225   	0.0756957  
  3.0279  	2.17554    	-0.0152781 	-4.75159   	0.0756882  
  3.028   	2.17552    	-0.0152654 	-4.75093   	0.0756807  
  3.0281  	2.17551    	-0.0152528 	-4.75026   	0.0756732  
  3.0282  	2.17549    	-0.0152402 	-4.7496    	0.0756657  
  3.0283  	2.17548    	-0.0152276 	-4.74894   	0.0756582  
  3.0284  	2.17546    	-0.0152151 	-4.74827   	0.0756507  
  3.0285  	2.17544    	-0.0152025 	-4.74761   	0.0756432  
  3.0286  	2.17543    	-0.01519   	-4.74694   	0.0756357  
  3.0287  	2.17541    	-0.0151774 	-4.74628   	0.0756282  
  3.0288  	2.1754     	-0.0151649 	-4.74562   	0.0756207  
  3.0289  	2.17538    	-0.0151524 	-4.74495   	0.0756132  
  3.029   	2.17537    	-0.01514   	-4.74429   	0.0756058  
  3.0291  	2.17535    	-0.0151275 	-4.74363   	0.0755983  
  3.0292  	2.17533    	-0.015115  	-4.74297   	0.0755908  
  3.0293  	2.17532    	-0.0151026 	-4.7423    	0.0755833  
  3.0294  	2.1753     	-0.0150902 	-4.74164   	0.0755758  
  3.0295  	2.17529    	-0.0150778 	-4.74098   	0.0755683  
  3.0296  	2.17527    	-0.0150654 	-4.74031   	0.0755609  
  3.0297  	2.17525    	-0.015053  	-4.73965   	0.0755534  
  3.0298  	2.17524    	-0.0150406 	-4.73899   	0.0755459  
  3.0299  	2.17522    	-0.0150283 	-4.73833   	0.0755384  
  3.03    	2.17521    	-0.015016  	-4.73766   	0.0755309  
  3.0301  	2.17519    	-0.0150036 	-4.737     	0.0755235  
  3.0302  	2.17518    	-0.0149913 	-4.73634   	0.075516   
  3.0303  	2.17516    	-0.014979  	-4.73568   	0.0755085  
  3.0304  	2.17514    	-0.0149668 	-4.73501   	0.075501   
  3.0305  	2.17513    	-0.0149545 	-4.73435   	0.0754936  
  3.0306  	2.17511    	-0.0149423 	-4.73369   	0.0754861  
  3.0307  	2.1751     	-0.01493   	-4.73303   	0.0754786  
  3.0308  	2.17508    	-0.0149178 	-4.73237   	0.0754711  
  3.0309  	2.17507    	-0.0149056 	-4.7317    	0.0754637  
  3.031   	2.17505    	-0.0148934 	-4.73104   	0.0754562  
  3.0311  	2.17503    	-0.0148812 	-4.73038   	0.0754487  
  3.0312  	2.17502    	-0.0148691 	-4.72972   	0.0754413  
  3.0313  	2.175      	-0.0148569 	-4.72906   	0.0754338  
  3.0314  	2.17499    	-0.0148448 	-4.72839   	0.0754263  
  3.0315  	2.17497    	-0.0148327 	-4.72773   	0.0754189  
  3.0316  	2.17496    	-0.0148206 	-4.72707   	0.0754114  
  3.0317  	2.17494    	-0.0148085 	-4.72641   	0.0754039  
  3.0318  	2.17492    	-0.0147964 	-4.72575   	0.0753965  
  3.0319  	2.17491    	-0.0147843 	-4.72509   	0.075389   
  3.032   	2.17489    	-0.0147723 	-4.72443   	0.0753816  
  3.0321  	2.17488    	-0.0147603 	-4.72376   	0.0753741  
  3.0322  	2.17486    	-0.0147482 	-4.7231    	0.0753667  
  3.0323  	2.17485    	-0.0147362 	-4.72244   	0.0753592  
  3.0324  	2.17483    	-0.0147243 	-4.72178   	0.0753517  
  3.0325  	2.17482    	-0.0147123 	-4.72112   	0.0753443  
  3.0326  	2.1748     	-0.0147003 	-4.72046   	0.0753368  
  3.0327  	2.17478    	-0.0146884 	-4.7198    	0.0753294  
  3.0328  	2.17477    	-0.0146764 	-4.71914   	0.0753219  
  3.0329  	2.17475    	-0.0146645 	-4.71848   	0.0753145  
  3.033   	2.17474    	-0.0146526 	-4.71782   	0.075307   
  3.0331  	2.17472    	-0.0146407 	-4.71716   	0.0752996  
  3.0332  	2.17471    	-0.0146288 	-4.7165    	0.0752921  
  3.0333  	2.17469    	-0.014617  	-4.71584   	0.0752847  
  3.0334  	2.17468    	-0.0146051 	-4.71518   	0.0752772  
  3.0335  	2.17466    	-0.0145933 	-4.71452   	0.0752698  
  3.0336  	2.17465    	-0.0145815 	-4.71386   	0.0752624  
  3.0337  	2.17463    	-0.0145697 	-4.71319   	0.0752549  
  3.0338  	2.17461    	-0.0145579 	-4.71253   	0.0752475  
  3.0339  	2.1746     	-0.0145461 	-4.71187   	0.07524    
  3.034   	2.17458    	-0.0145343 	-4.71121   	0.0752326  
  3.0341  	2.17457    	-0.0145226 	-4.71056   	0.0752252  
  3.0342  	2.17455    	-0.0145108 	-4.7099    	0.0752177  
  3.0343  	2.17454    	-0.0144991 	-4.70924   	0.0752103  
  3.0344  	2.17452    	-0.0144874 	-4.70858   	0.0752029  
  3.0345  	2.17451    	-0.0144757 	-4.70792   	0.0751954  
  3.0346  	2.17449    	-0.014464  	-4.70726   	0.075188   
  3.0347  	2.17448    	-0.0144523 	-4.7066    	0.0751806  
  3.0348  	2.17446    	-0.0144407 	-4.70594   	0.0751731  
  3.0349  	2.17445    	-0.014429  	-4.70528   	0.0751657  
  3.035   	2.17443    	-0.0144174 	-4.70462   	0.0751583  
  3.0351  	2.17441    	-0.0144058 	-4.70396   	0.0751508  
  3.0352  	2.1744     	-0.0143942 	-4.7033    	0.0751434  
  3.0353  	2.17438    	-0.0143826 	-4.70264   	0.075136   
  3.0354  	2.17437    	-0.014371  	-4.70198   	0.0751286  
  3.0355  	2.17435    	-0.0143594 	-4.70132   	0.0751211  
  3.0356  	2.17434    	-0.0143479 	-4.70066   	0.0751137  
  3.0357  	2.17432    	-0.0143363 	-4.70001   	0.0751063  
  3.0358  	2.17431    	-0.0143248 	-4.69935   	0.0750989  
  3.0359  	2.17429    	-0.0143133 	-4.69869   	0.0750914  
  3.036   	2.17428    	-0.0143018 	-4.69803   	0.075084   
  3.0361  	2.17426    	-0.0142903 	-4.69737   	0.0750766  
  3.0362  	2.17425    	-0.0142789 	-4.69671   	0.0750692  
  3.0363  	2.17423    	-0.0142674 	-4.69605   	0.0750618  
  3.0364  	2.17422    	-0.014256  	-4.6954    	0.0750544  
  3.0365  	2.1742     	-0.0142445 	-4.69474   	0.0750469  
  3.0366  	2.17419    	-0.0142331 	-4.69408   	0.0750395  
  3.0367  	2.17417    	-0.0142217 	-4.69342   	0.0750321  
  3.0368  	2.17416    	-0.0142103 	-4.69276   	0.0750247  
  3.0369  	2.17414    	-0.0141989 	-4.69211   	0.0750173  
  3.037   	2.17413    	-0.0141876 	-4.69145   	0.0750099  
  3.0371  	2.17411    	-0.0141762 	-4.69079   	0.0750025  
  3.0372  	2.1741     	-0.0141649 	-4.69013   	0.0749951  
  3.0373  	2.17408    	-0.0141536 	-4.68947   	0.0749877  
  3.0374  	2.17406    	-0.0141422 	-4.68882   	0.0749802  
  3.0375  	2.17405    	-0.0141309 	-4.68816   	0.0749728  
  3.0376  	2.17403    	-0.0141197 	-4.6875    	0.0749654  
  3.0377  	2.17402    	-0.0141084 	-4.68684   	0.074958   
  3.0378  	2.174      	-0.0140971 	-4.68619   	0.0749506  
  3.0379  	2.17399    	-0.0140859 	-4.68553   	0.0749432  
  3.038   	2.17397    	-0.0140746 	-4.68487   	0.0749358  
  3.0381  	2.17396    	-0.0140634 	-4.68421   	0.0749284  
  3.0382  	2.17394    	-0.0140522 	-4.68356   	0.074921   
  3.0383  	2.17393    	-0.014041  	-4.6829    	0.0749136  
  3.0384  	2.17391    	-0.0140298 	-4.68224   	0.0749062  
  3.0385  	2.1739     	-0.0140187 	-4.68159   	0.0748988  
  3.0386  	2.17388    	-0.0140075 	-4.68093   	0.0748915  
  3.0387  	2.17387    	-0.0139964 	-4.68027   	0.0748841  
  3.0388  	2.17385    	-0.0139852 	-4.67961   	0.0748767  
  3.0389  	2.17384    	-0.0139741 	-4.67896   	0.0748693  
  3.039   	2.17382    	-0.013963  	-4.6783    	0.0748619  
  3.0391  	2.17381    	-0.0139519 	-4.67764   	0.0748545  
  3.0392  	2.17379    	-0.0139408 	-4.67699   	0.0748471  
  3.0393  	2.17378    	-0.0139298 	-4.67633   	0.0748397  
  3.0394  	2.17376    	-0.0139187 	-4.67568   	0.0748323  
  3.0395  	2.17375    	-0.0139077 	-4.67502   	0.0748249  
  3.0396  	2.17374    	-0.0138966 	-4.67436   	0.0748176  
  3.0397  	2.17372    	-0.0138856 	-4.67371   	0.0748102  
  3.0398  	2.17371    	-0.0138746 	-4.67305   	0.0748028  
  3.0399  	2.17369    	-0.0138636 	-4.67239   	0.0747954  
  3.04    	2.17368    	-0.0138527 	-4.67174   	0.074788   
  3.0401  	2.17366    	-0.0138417 	-4.67108   	0.0747807  
  3.0402  	2.17365    	-0.0138307 	-4.67043   	0.0747733  
  3.0403  	2.17363    	-0.0138198 	-4.66977   	0.0747659  
  3.0404  	2.17362    	-0.0138089 	-4.66911   	0.0747585  
  3.0405  	2.1736     	-0.0137979 	-4.66846   	0.0747511  
  3.0406  	2.17359    	-0.013787  	-4.6678    	0.0747438  
  3.0407  	2.17357    	-0.0137762 	-4.66715   	0.0747364  
  3.0408  	2.17356    	-0.0137653 	-4.66649   	0.074729   
  3.0409  	2.17354    	-0.0137544 	-4.66584   	0.0747217  
  3.041   	2.17353    	-0.0137436 	-4.66518   	0.0747143  
  3.0411  	2.17351    	-0.0137327 	-4.66453   	0.0747069  
  3.0412  	2.1735     	-0.0137219 	-4.66387   	0.0746995  
  3.0413  	2.17348    	-0.0137111 	-4.66322   	0.0746922  
  3.0414  	2.17347    	-0.0137003 	-4.66256   	0.0746848  
  3.0415  	2.17345    	-0.0136895 	-4.66191   	0.0746774  
  3.0416  	2.17344    	-0.0136787 	-4.66125   	0.0746701  
  3.0417  	2.17342    	-0.0136679 	-4.6606    	0.0746627  
  3.0418  	2.17341    	-0.0136572 	-4.65994   	0.0746554  
  3.0419  	2.17339    	-0.0136464 	-4.65929   	0.074648   
  3.042   	2.17338    	-0.0136357 	-4.65863   	0.0746406  
  3.0421  	2.17337    	-0.013625  	-4.65798   	0.0746333  
  3.0422  	2.17335    	-0.0136143 	-4.65732   	0.0746259  
  3.0423  	2.17334    	-0.0136036 	-4.65667   	0.0746186  
  3.0424  	2.17332    	-0.0135929 	-4.65601   	0.0746112  
  3.0425  	2.17331    	-0.0135822 	-4.65536   	0.0746038  
  3.0426  	2.17329    	-0.0135716 	-4.6547    	0.0745965  
  3.0427  	2.17328    	-0.0135609 	-4.65405   	0.0745891  
  3.0428  	2.17326    	-0.0135503 	-4.6534    	0.0745818  
  3.0429  	2.17325    	-0.0135397 	-4.65274   	0.0745744  
  3.043   	2.17323    	-0.013529  	-4.65209   	0.0745671  
  3.0431  	2.17322    	-0.0135185 	-4.65143   	0.0745597  
  3.0432  	2.1732     	-0.0135079 	-4.65078   	0.0745524  
  3.0433  	2.17319    	-0.0134973 	-4.65013   	0.074545   
  3.0434  	2.17318    	-0.0134867 	-4.64947   	0.0745377  
  3.0435  	2.17316    	-0.0134762 	-4.64882   	0.0745303  
  3.0436  	2.17315    	-0.0134656 	-4.64816   	0.074523   
  3.0437  	2.17313    	-0.0134551 	-4.64751   	0.0745156  
  3.0438  	2.17312    	-0.0134446 	-4.64686   	0.0745083  
  3.0439  	2.1731     	-0.0134341 	-4.6462    	0.0745009  
  3.044   	2.17309    	-0.0134236 	-4.64555   	0.0744936  
  3.0441  	2.17307    	-0.0134131 	-4.6449    	0.0744863  
  3.0442  	2.17306    	-0.0134027 	-4.64424   	0.0744789  
  3.0443  	2.17304    	-0.0133922 	-4.64359   	0.0744716  
  3.0444  	2.17303    	-0.0133818 	-4.64294   	0.0744642  
  3.0445  	2.17302    	-0.0133713 	-4.64228   	0.0744569  
  3.0446  	2.173      	-0.0133609 	-4.64163   	0.0744496  
  3.0447  	2.17299    	-0.0133505 	-4.64098   	0.0744422  
  3.0448  	2.17297    	-0.0133401 	-4.64032   	0.0744349  
  3.0449  	2.17296    	-0.0133297 	-4.63967   	0.0744276  
  3.045   	2.17294    	-0.0133194 	-4.63902   	0.0744202  
  3.0451  	2.17293    	-0.013309  	-4.63837   	0.0744129  
  3.0452  	2.17291    	-0.0132986 	-4.63771   	0.0744056  
  3.0453  	2.1729     	-0.0132883 	-4.63706   	0.0743983  
  3.0454  	2.17289    	-0.013278  	-4.63641   	0.0743909  
  3.0455  	2.17287    	-0.0132677 	-4.63576   	0.0743836  
  3.0456  	2.17286    	-0.0132574 	-4.6351    	0.0743763  
  3.0457  	2.17284    	-0.0132471 	-4.63445   	0.0743689  
  3.0458  	2.17283    	-0.0132368 	-4.6338    	0.0743616  
  3.0459  	2.17281    	-0.0132265 	-4.63315   	0.0743543  
  3.046   	2.1728     	-0.0132163 	-4.63249   	0.074347   
  3.0461  	2.17279    	-0.013206  	-4.63184   	0.0743397  
  3.0462  	2.17277    	-0.0131958 	-4.63119   	0.0743323  
  3.0463  	2.17276    	-0.0131856 	-4.63054   	0.074325   
  3.0464  	2.17274    	-0.0131754 	-4.62989   	0.0743177  
  3.0465  	2.17273    	-0.0131652 	-4.62923   	0.0743104  
  3.0466  	2.17271    	-0.013155  	-4.62858   	0.0743031  
  3.0467  	2.1727     	-0.0131448 	-4.62793   	0.0742957  
  3.0468  	2.17269    	-0.0131346 	-4.62728   	0.0742884  
  3.0469  	2.17267    	-0.0131245 	-4.62663   	0.0742811  
  3.047   	2.17266    	-0.0131143 	-4.62598   	0.0742738  
  3.0471  	2.17264    	-0.0131042 	-4.62533   	0.0742665  
  3.0472  	2.17263    	-0.0130941 	-4.62467   	0.0742592  
  3.0473  	2.17261    	-0.013084  	-4.62402   	0.0742519  
  3.0474  	2.1726     	-0.0130739 	-4.62337   	0.0742446  
  3.0475  	2.17259    	-0.0130638 	-4.62272   	0.0742372  
  3.0476  	2.17257    	-0.0130537 	-4.62207   	0.0742299  
  3.0477  	2.17256    	-0.0130437 	-4.62142   	0.0742226  
  3.0478  	2.17254    	-0.0130336 	-4.62077   	0.0742153  
  3.0479  	2.17253    	-0.0130236 	-4.62012   	0.074208   
  3.048   	2.17252    	-0.0130135 	-4.61946   	0.0742007  
  3.0481  	2.1725     	-0.0130035 	-4.61881   	0.0741934  
  3.0482  	2.17249    	-0.0129935 	-4.61816   	0.0741861  
  3.0483  	2.17247    	-0.0129835 	-4.61751   	0.0741788  
  3.0484  	2.17246    	-0.0129735 	-4.61686   	0.0741715  
  3.0485  	2.17244    	-0.0129636 	-4.61621   	0.0741642  
  3.0486  	2.17243    	-0.0129536 	-4.61556   	0.0741569  
  3.0487  	2.17242    	-0.0129436 	-4.61491   	0.0741496  
  3.0488  	2.1724     	-0.0129337 	-4.61426   	0.0741423  
  3.0489  	2.17239    	-0.0129238 	-4.61361   	0.074135   
  3.049   	2.17237    	-0.0129139 	-4.61296   	0.0741277  
  3.0491  	2.17236    	-0.012904  	-4.61231   	0.0741204  
  3.0492  	2.17235    	-0.0128941 	-4.61166   	0.0741132  
  3.0493  	2.17233    	-0.0128842 	-4.61101   	0.0741059  
  3.0494  	2.17232    	-0.0128743 	-4.61036   	0.0740986  
  3.0495  	2.1723     	-0.0128644 	-4.60971   	0.0740913  
  3.0496  	2.17229    	-0.0128546 	-4.60906   	0.074084   
  3.0497  	2.17228    	-0.0128447 	-4.60841   	0.0740767  
  3.0498  	2.17226    	-0.0128349 	-4.60776   	0.0740694  
  3.0499  	2.17225    	-0.0128251 	-4.60711   	0.0740621  
  3.05    	2.17223    	-0.0128153 	-4.60646   	0.0740549  
  3.0501  	2.17222    	-0.0128055 	-4.60581   	0.0740476  
  3.0502  	2.17221    	-0.0127957 	-4.60516   	0.0740403  
  3.0503  	2.17219    	-0.0127859 	-4.60451   	0.074033   
  3.0504  	2.17218    	-0.0127762 	-4.60386   	0.0740257  
  3.0505  	2.17216    	-0.0127664 	-4.60321   	0.0740184  
  3.0506  	2.17215    	-0.0127567 	-4.60256   	0.0740112  
  3.0507  	2.17214    	-0.0127469 	-4.60192   	0.0740039  
  3.0508  	2.17212    	-0.0127372 	-4.60127   	0.0739966  
  3.0509  	2.17211    	-0.0127275 	-4.60062   	0.0739893  
  3.051   	2.17209    	-0.0127178 	-4.59997   	0.0739821  
  3.0511  	2.17208    	-0.0127081 	-4.59932   	0.0739748  
  3.0512  	2.17207    	-0.0126984 	-4.59867   	0.0739675  
  3.0513  	2.17205    	-0.0126888 	-4.59802   	0.0739602  
  3.0514  	2.17204    	-0.0126791 	-4.59737   	0.073953   
  3.0515  	2.17202    	-0.0126695 	-4.59672   	0.0739457  
  3.0516  	2.17201    	-0.0126598 	-4.59608   	0.0739384  
  3.0517  	2.172      	-0.0126502 	-4.59543   	0.0739312  
  3.0518  	2.17198    	-0.0126406 	-4.59478   	0.0739239  
  3.0519  	2.17197    	-0.012631  	-4.59413   	0.0739166  
  3.052   	2.17196    	-0.0126214 	-4.59348   	0.0739094  
  3.0521  	2.17194    	-0.0126118 	-4.59283   	0.0739021  
  3.0522  	2.17193    	-0.0126022 	-4.59219   	0.0738948  
  3.0523  	2.17191    	-0.0125927 	-4.59154   	0.0738876  
  3.0524  	2.1719     	-0.0125831 	-4.59089   	0.0738803  
  3.0525  	2.17189    	-0.0125736 	-4.59024   	0.0738731  
  3.0526  	2.17187    	-0.012564  	-4.58959   	0.0738658  
  3.0527  	2.17186    	-0.0125545 	-4.58895   	0.0738585  
  3.0528  	2.17184    	-0.012545  	-4.5883    	0.0738513  
  3.0529  	2.17183    	-0.0125355 	-4.58765   	0.073844   
  3.053   	2.17182    	-0.012526  	-4.587     	0.0738368  
  3.0531  	2.1718     	-0.0125165 	-4.58635   	0.0738295  
  3.0532  	2.17179    	-0.0125071 	-4.58571   	0.0738223  
  3.0533  	2.17178    	-0.0124976 	-4.58506   	0.073815   
  3.0534  	2.17176    	-0.0124882 	-4.58441   	0.0738078  
  3.0535  	2.17175    	-0.0124787 	-4.58376   	0.0738005  
  3.0536  	2.17173    	-0.0124693 	-4.58312   	0.0737933  
  3.0537  	2.17172    	-0.0124599 	-4.58247   	0.073786   
  3.0538  	2.17171    	-0.0124505 	-4.58182   	0.0737788  
  3.0539  	2.17169    	-0.0124411 	-4.58118   	0.0737715  
  3.054   	2.17168    	-0.0124317 	-4.58053   	0.0737643  
  3.0541  	2.17167    	-0.0124223 	-4.57988   	0.073757   
  3.0542  	2.17165    	-0.012413  	-4.57924   	0.0737498  
  3.0543  	2.17164    	-0.0124036 	-4.57859   	0.0737425  
  3.0544  	2.17163    	-0.0123943 	-4.57794   	0.0737353  
  3.0545  	2.17161    	-0.0123849 	-4.57729   	0.073728   
  3.0546  	2.1716     	-0.0123756 	-4.57665   	0.0737208  
  3.0547  	2.17158    	-0.0123663 	-4.576     	0.0737136  
  3.0548  	2.17157    	-0.012357  	-4.57535   	0.0737063  
  3.0549  	2.17156    	-0.0123477 	-4.57471   	0.0736991  
  3.055   	2.17154    	-0.0123384 	-4.57406   	0.0736919  
  3.0551  	2.17153    	-0.0123291 	-4.57342   	0.0736846  
  3.0552  	2.17152    	-0.0123199 	-4.57277   	0.0736774  
  3.0553  	2.1715     	-0.0123106 	-4.57212   	0.0736701  
  3.0554  	2.17149    	-0.0123014 	-4.57148   	0.0736629  
  3.0555  	2.17148    	-0.0122921 	-4.57083   	0.0736557  
  3.0556  	2.17146    	-0.0122829 	-4.57018   	0.0736485  
  3.0557  	2.17145    	-0.0122737 	-4.56954   	0.0736412  
  3.0558  	2.17144    	-0.0122645 	-4.56889   	0.073634   
  3.0559  	2.17142    	-0.0122553 	-4.56825   	0.0736268  
  3.056   	2.17141    	-0.0122461 	-4.5676    	0.0736195  
  3.0561  	2.1714     	-0.012237  	-4.56696   	0.0736123  
  3.0562  	2.17138    	-0.0122278 	-4.56631   	0.0736051  
  3.0563  	2.17137    	-0.0122186 	-4.56566   	0.0735979  
  3.0564  	2.17135    	-0.0122095 	-4.56502   	0.0735906  
  3.0565  	2.17134    	-0.0122004 	-4.56437   	0.0735834  
  3.0566  	2.17133    	-0.0121912 	-4.56373   	0.0735762  
  3.0567  	2.17131    	-0.0121821 	-4.56308   	0.073569   
  3.0568  	2.1713     	-0.012173  	-4.56244   	0.0735618  
  3.0569  	2.17129    	-0.0121639 	-4.56179   	0.0735545  
  3.057   	2.17127    	-0.0121549 	-4.56115   	0.0735473  
  3.0571  	2.17126    	-0.0121458 	-4.5605    	0.0735401  
  3.0572  	2.17125    	-0.0121367 	-4.55986   	0.0735329  
  3.0573  	2.17123    	-0.0121277 	-4.55921   	0.0735257  
  3.0574  	2.17122    	-0.0121186 	-4.55857   	0.0735185  
  3.0575  	2.17121    	-0.0121096 	-4.55792   	0.0735112  
  3.0576  	2.17119    	-0.0121006 	-4.55728   	0.073504   
  3.0577  	2.17118    	-0.0120916 	-4.55663   	0.0734968  
  3.0578  	2.17117    	-0.0120825 	-4.55599   	0.0734896  
  3.0579  	2.17115    	-0.0120736 	-4.55534   	0.0734824  
  3.058   	2.17114    	-0.0120646 	-4.5547    	0.0734752  
  3.0581  	2.17113    	-0.0120556 	-4.55405   	0.073468   
  3.0582  	2.17111    	-0.0120466 	-4.55341   	0.0734608  
  3.0583  	2.1711     	-0.0120377 	-4.55277   	0.0734536  
  3.0584  	2.17109    	-0.0120287 	-4.55212   	0.0734464  
  3.0585  	2.17107    	-0.0120198 	-4.55148   	0.0734392  
  3.0586  	2.17106    	-0.0120109 	-4.55083   	0.073432   
  3.0587  	2.17105    	-0.0120019 	-4.55019   	0.0734248  
  3.0588  	2.17103    	-0.011993  	-4.54955   	0.0734176  
  3.0589  	2.17102    	-0.0119841 	-4.5489    	0.0734104  
  3.059   	2.17101    	-0.0119752 	-4.54826   	0.0734032  
  3.0591  	2.17099    	-0.0119664 	-4.54761   	0.073396   
  3.0592  	2.17098    	-0.0119575 	-4.54697   	0.0733888  
  3.0593  	2.17097    	-0.0119486 	-4.54633   	0.0733816  
  3.0594  	2.17095    	-0.0119398 	-4.54568   	0.0733744  
  3.0595  	2.17094    	-0.0119309 	-4.54504   	0.0733672  
  3.0596  	2.17093    	-0.0119221 	-4.5444    	0.07336    
  3.0597  	2.17091    	-0.0119133 	-4.54375   	0.0733528  
  3.0598  	2.1709     	-0.0119045 	-4.54311   	0.0733456  
  3.0599  	2.17089    	-0.0118957 	-4.54247   	0.0733384  
  3.06    	2.17087    	-0.0118869 	-4.54182   	0.0733312  
  3.0601  	2.17086    	-0.0118781 	-4.54118   	0.073324   
  3.0602  	2.17085    	-0.0118693 	-4.54054   	0.0733168  
  3.0603  	2.17084    	-0.0118606 	-4.53989   	0.0733097  
  3.0604  	2.17082    	-0.0118518 	-4.53925   	0.0733025  
  3.0605  	2.17081    	-0.0118431 	-4.53861   	0.0732953  
  3.0606  	2.1708     	-0.0118343 	-4.53796   	0.0732881  
  3.0607  	2.17078    	-0.0118256 	-4.53732   	0.0732809  
  3.0608  	2.17077    	-0.0118169 	-4.53668   	0.0732737  
  3.0609  	2.17076    	-0.0118082 	-4.53604   	0.0732666  
  3.061   	2.17074    	-0.0117995 	-4.53539   	0.0732594  
  3.0611  	2.17073    	-0.0117908 	-4.53475   	0.0732522  
  3.0612  	2.17072    	-0.0117821 	-4.53411   	0.073245   
  3.0613  	2.1707     	-0.0117734 	-4.53347   	0.0732378  
  3.0614  	2.17069    	-0.0117648 	-4.53282   	0.0732307  
  3.0615  	2.17068    	-0.0117561 	-4.53218   	0.0732235  
  3.0616  	2.17066    	-0.0117475 	-4.53154   	0.0732163  
  3.0617  	2.17065    	-0.0117388 	-4.5309    	0.0732091  
  3.0618  	2.17064    	-0.0117302 	-4.53025   	0.073202   
  3.0619  	2.17063    	-0.0117216 	-4.52961   	0.0731948  
  3.062   	2.17061    	-0.011713  	-4.52897   	0.0731876  
  3.0621  	2.1706     	-0.0117044 	-4.52833   	0.0731805  
  3.0622  	2.17059    	-0.0116958 	-4.52769   	0.0731733  
  3.0623  	2.17057    	-0.0116872 	-4.52704   	0.0731661  
  3.0624  	2.17056    	-0.0116786 	-4.5264    	0.073159   
  3.0625  	2.17055    	-0.0116701 	-4.52576   	0.0731518  
  3.0626  	2.17053    	-0.0116615 	-4.52512   	0.0731446  
  3.0627  	2.17052    	-0.011653  	-4.52448   	0.0731375  
  3.0628  	2.17051    	-0.0116445 	-4.52384   	0.0731303  
  3.0629  	2.1705     	-0.0116359 	-4.5232    	0.0731231  
  3.063   	2.17048    	-0.0116274 	-4.52255   	0.073116   
  3.0631  	2.17047    	-0.0116189 	-4.52191   	0.0731088  
  3.0632  	2.17046    	-0.0116104 	-4.52127   	0.0731017  
  3.0633  	2.17044    	-0.0116019 	-4.52063   	0.0730945  
  3.0634  	2.17043    	-0.0115934 	-4.51999   	0.0730873  
  3.0635  	2.17042    	-0.011585  	-4.51935   	0.0730802  
  3.0636  	2.1704     	-0.0115765 	-4.51871   	0.073073   
  3.0637  	2.17039    	-0.0115681 	-4.51807   	0.0730659  
  3.0638  	2.17038    	-0.0115596 	-4.51742   	0.0730587  
  3.0639  	2.17037    	-0.0115512 	-4.51678   	0.0730516  
  3.064   	2.17035    	-0.0115428 	-4.51614   	0.0730444  
  3.0641  	2.17034    	-0.0115343 	-4.5155    	0.0730373  
  3.0642  	2.17033    	-0.0115259 	-4.51486   	0.0730301  
  3.0643  	2.17031    	-0.0115175 	-4.51422   	0.073023   
  3.0644  	2.1703     	-0.0115091 	-4.51358   	0.0730158  
  3.0645  	2.17029    	-0.0115008 	-4.51294   	0.0730087  
  3.0646  	2.17028    	-0.0114924 	-4.5123    	0.0730015  
  3.0647  	2.17026    	-0.011484  	-4.51166   	0.0729944  
  3.0648  	2.17025    	-0.0114757 	-4.51102   	0.0729872  
  3.0649  	2.17024    	-0.0114673 	-4.51038   	0.0729801  
  3.065   	2.17022    	-0.011459  	-4.50974   	0.0729729  
  3.0651  	2.17021    	-0.0114507 	-4.5091    	0.0729658  
  3.0652  	2.1702     	-0.0114423 	-4.50846   	0.0729587  
  3.0653  	2.17019    	-0.011434  	-4.50782   	0.0729515  
  3.0654  	2.17017    	-0.0114257 	-4.50718   	0.0729444  
  3.0655  	2.17016    	-0.0114174 	-4.50654   	0.0729372  
  3.0656  	2.17015    	-0.0114092 	-4.5059    	0.0729301  
  3.0657  	2.17014    	-0.0114009 	-4.50526   	0.072923   
  3.0658  	2.17012    	-0.0113926 	-4.50462   	0.0729158  
  3.0659  	2.17011    	-0.0113844 	-4.50398   	0.0729087  
  3.066   	2.1701     	-0.0113761 	-4.50334   	0.0729016  
  3.0661  	2.17008    	-0.0113679 	-4.5027    	0.0728944  
  3.0662  	2.17007    	-0.0113596 	-4.50206   	0.0728873  
  3.0663  	2.17006    	-0.0113514 	-4.50142   	0.0728802  
  3.0664  	2.17005    	-0.0113432 	-4.50078   	0.072873   
  3.0665  	2.17003    	-0.011335  	-4.50015   	0.0728659  
  3.0666  	2.17002    	-0.0113268 	-4.49951   	0.0728588  
  3.0667  	2.17001    	-0.0113186 	-4.49887   	0.0728517  
  3.0668  	2.17       	-0.0113104 	-4.49823   	0.0728445  
  3.0669  	2.16998    	-0.0113023 	-4.49759   	0.0728374  
  3.067   	2.16997    	-0.0112941 	-4.49695   	0.0728303  
  3.0671  	2.16996    	-0.0112859 	-4.49631   	0.0728232  
  3.0672  	2.16994    	-0.0112778 	-4.49567   	0.072816   
  3.0673  	2.16993    	-0.0112697 	-4.49503   	0.0728089  
  3.0674  	2.16992    	-0.0112615 	-4.4944    	0.0728018  
  3.0675  	2.16991    	-0.0112534 	-4.49376   	0.0727947  
  3.0676  	2.16989    	-0.0112453 	-4.49312   	0.0727876  
  3.0677  	2.16988    	-0.0112372 	-4.49248   	0.0727804  
  3.0678  	2.16987    	-0.0112291 	-4.49184   	0.0727733  
  3.0679  	2.16986    	-0.011221  	-4.4912    	0.0727662  
  3.068   	2.16984    	-0.0112129 	-4.49057   	0.0727591  
  3.0681  	2.16983    	-0.0112049 	-4.48993   	0.072752   
  3.0682  	2.16982    	-0.0111968 	-4.48929   	0.0727449  
  3.0683  	2.16981    	-0.0111888 	-4.48865   	0.0727378  
  3.0684  	2.16979    	-0.0111807 	-4.48801   	0.0727306  
  3.0685  	2.16978    	-0.0111727 	-4.48738   	0.0727235  
  3.0686  	2.16977    	-0.0111647 	-4.48674   	0.0727164  
  3.0687  	2.16976    	-0.0111566 	-4.4861    	0.0727093  
  3.0688  	2.16974    	-0.0111486 	-4.48546   	0.0727022  
  3.0689  	2.16973    	-0.0111406 	-4.48482   	0.0726951  
  3.069   	2.16972    	-0.0111326 	-4.48419   	0.072688   
  3.0691  	2.16971    	-0.0111246 	-4.48355   	0.0726809  
  3.0692  	2.16969    	-0.0111167 	-4.48291   	0.0726738  
  3.0693  	2.16968    	-0.0111087 	-4.48227   	0.0726667  
  3.0694  	2.16967    	-0.0111007 	-4.48164   	0.0726596  
  3.0695  	2.16966    	-0.0110928 	-4.481     	0.0726525  
  3.0696  	2.16964    	-0.0110849 	-4.48036   	0.0726454  
  3.0697  	2.16963    	-0.0110769 	-4.47972   	0.0726383  
  3.0698  	2.16962    	-0.011069  	-4.47909   	0.0726312  
  3.0699  	2.16961    	-0.0110611 	-4.47845   	0.0726241  
  3.07    	2.16959    	-0.0110532 	-4.47781   	0.072617   
  3.0701  	2.16958    	-0.0110453 	-4.47718   	0.0726099  
  3.0702  	2.16957    	-0.0110374 	-4.47654   	0.0726028  
  3.0703  	2.16956    	-0.0110295 	-4.4759    	0.0725957  
  3.0704  	2.16954    	-0.0110216 	-4.47527   	0.0725886  
  3.0705  	2.16953    	-0.0110137 	-4.47463   	0.0725815  
  3.0706  	2.16952    	-0.0110059 	-4.47399   	0.0725744  
  3.0707  	2.16951    	-0.010998  	-4.47336   	0.0725673  
  3.0708  	2.16949    	-0.0109902 	-4.47272   	0.0725603  
  3.0709  	2.16948    	-0.0109823 	-4.47208   	0.0725532  
  3.071   	2.16947    	-0.0109745 	-4.47145   	0.0725461  
  3.0711  	2.16946    	-0.0109667 	-4.47081   	0.072539   
  3.0712  	2.16945    	-0.0109589 	-4.47017   	0.0725319  
  3.0713  	2.16943    	-0.0109511 	-4.46954   	0.0725248  
  3.0714  	2.16942    	-0.0109433 	-4.4689    	0.0725177  
  3.0715  	2.16941    	-0.0109355 	-4.46827   	0.0725107  
  3.0716  	2.1694     	-0.0109277 	-4.46763   	0.0725036  
  3.0717  	2.16938    	-0.0109199 	-4.46699   	0.0724965  
  3.0718  	2.16937    	-0.0109122 	-4.46636   	0.0724894  
  3.0719  	2.16936    	-0.0109044 	-4.46572   	0.0724823  
  3.072   	2.16935    	-0.0108967 	-4.46509   	0.0724753  
  3.0721  	2.16933    	-0.0108889 	-4.46445   	0.0724682  
  3.0722  	2.16932    	-0.0108812 	-4.46382   	0.0724611  
  3.0723  	2.16931    	-0.0108735 	-4.46318   	0.072454   
  3.0724  	2.1693     	-0.0108658 	-4.46254   	0.072447   
  3.0725  	2.16929    	-0.0108581 	-4.46191   	0.0724399  
  3.0726  	2.16927    	-0.0108504 	-4.46127   	0.0724328  
  3.0727  	2.16926    	-0.0108427 	-4.46064   	0.0724257  
  3.0728  	2.16925    	-0.010835  	-4.46      	0.0724187  
  3.0729  	2.16924    	-0.0108273 	-4.45937   	0.0724116  
  3.073   	2.16922    	-0.0108196 	-4.45873   	0.0724045  
  3.0731  	2.16921    	-0.010812  	-4.4581    	0.0723975  
  3.0732  	2.1692     	-0.0108043 	-4.45746   	0.0723904  
  3.0733  	2.16919    	-0.0107967 	-4.45683   	0.0723833  
  3.0734  	2.16918    	-0.0107891 	-4.45619   	0.0723763  
  3.0735  	2.16916    	-0.0107814 	-4.45556   	0.0723692  
  3.0736  	2.16915    	-0.0107738 	-4.45492   	0.0723621  
  3.0737  	2.16914    	-0.0107662 	-4.45429   	0.0723551  
  3.0738  	2.16913    	-0.0107586 	-4.45365   	0.072348   
  3.0739  	2.16911    	-0.010751  	-4.45302   	0.072341   
  3.074   	2.1691     	-0.0107434 	-4.45239   	0.0723339  
  3.0741  	2.16909    	-0.0107358 	-4.45175   	0.0723268  
  3.0742  	2.16908    	-0.0107283 	-4.45112   	0.0723198  
  3.0743  	2.16907    	-0.0107207 	-4.45048   	0.0723127  
  3.0744  	2.16905    	-0.0107131 	-4.44985   	0.0723057  
  3.0745  	2.16904    	-0.0107056 	-4.44921   	0.0722986  
  3.0746  	2.16903    	-0.010698  	-4.44858   	0.0722916  
  3.0747  	2.16902    	-0.0106905 	-4.44795   	0.0722845  
  3.0748  	2.16901    	-0.010683  	-4.44731   	0.0722774  
  3.0749  	2.16899    	-0.0106755 	-4.44668   	0.0722704  
  3.075   	2.16898    	-0.0106679 	-4.44604   	0.0722633  
  3.0751  	2.16897    	-0.0106604 	-4.44541   	0.0722563  
  3.0752  	2.16896    	-0.0106529 	-4.44478   	0.0722492  
  3.0753  	2.16894    	-0.0106455 	-4.44414   	0.0722422  
  3.0754  	2.16893    	-0.010638  	-4.44351   	0.0722352  
  3.0755  	2.16892    	-0.0106305 	-4.44288   	0.0722281  
  3.0756  	2.16891    	-0.010623  	-4.44224   	0.0722211  
  3.0757  	2.1689     	-0.0106156 	-4.44161   	0.072214   
  3.0758  	2.16888    	-0.0106081 	-4.44097   	0.072207   
  3.0759  	2.16887    	-0.0106007 	-4.44034   	0.0721999  
  3.076   	2.16886    	-0.0105933 	-4.43971   	0.0721929  
  3.0761  	2.16885    	-0.0105858 	-4.43907   	0.0721859  
  3.0762  	2.16884    	-0.0105784 	-4.43844   	0.0721788  
  3.0763  	2.16882    	-0.010571  	-4.43781   	0.0721718  
  3.0764  	2.16881    	-0.0105636 	-4.43718   	0.0721647  
  3.0765  	2.1688     	-0.0105562 	-4.43654   	0.0721577  
  3.0766  	2.16879    	-0.0105488 	-4.43591   	0.0721507  
  3.0767  	2.16878    	-0.0105414 	-4.43528   	0.0721436  
  3.0768  	2.16876    	-0.0105341 	-4.43464   	0.0721366  
  3.0769  	2.16875    	-0.0105267 	-4.43401   	0.0721296  
  3.077   	2.16874    	-0.0105193 	-4.43338   	0.0721225  
  3.0771  	2.16873    	-0.010512  	-4.43275   	0.0721155  
  3.0772  	2.16872    	-0.0105046 	-4.43211   	0.0721085  
  3.0773  	2.1687     	-0.0104973 	-4.43148   	0.0721014  
  3.0774  	2.16869    	-0.01049   	-4.43085   	0.0720944  
  3.0775  	2.16868    	-0.0104827 	-4.43022   	0.0720874  
  3.0776  	2.16867    	-0.0104753 	-4.42958   	0.0720804  
  3.0777  	2.16866    	-0.010468  	-4.42895   	0.0720733  
  3.0778  	2.16865    	-0.0104607 	-4.42832   	0.0720663  
  3.0779  	2.16863    	-0.0104534 	-4.42769   	0.0720593  
  3.078   	2.16862    	-0.0104462 	-4.42706   	0.0720523  
  3.0781  	2.16861    	-0.0104389 	-4.42642   	0.0720452  
  3.0782  	2.1686     	-0.0104316 	-4.42579   	0.0720382  
  3.0783  	2.16859    	-0.0104243 	-4.42516   	0.0720312  
  3.0784  	2.16857    	-0.0104171 	-4.42453   	0.0720242  
  3.0785  	2.16856    	-0.0104098 	-4.4239    	0.0720172  
  3.0786  	2.16855    	-0.0104026 	-4.42326   	0.0720101  
  3.0787  	2.16854    	-0.0103954 	-4.42263   	0.0720031  
  3.0788  	2.16853    	-0.0103881 	-4.422     	0.0719961  
  3.0789  	2.16851    	-0.0103809 	-4.42137   	0.0719891  
  3.079   	2.1685     	-0.0103737 	-4.42074   	0.0719821  
  3.0791  	2.16849    	-0.0103665 	-4.42011   	0.0719751  
  3.0792  	2.16848    	-0.0103593 	-4.41948   	0.0719681  
  3.0793  	2.16847    	-0.0103521 	-4.41884   	0.0719611  
  3.0794  	2.16846    	-0.010345  	-4.41821   	0.071954   
  3.0795  	2.16844    	-0.0103378 	-4.41758   	0.071947   
  3.0796  	2.16843    	-0.0103306 	-4.41695   	0.07194    
  3.0797  	2.16842    	-0.0103235 	-4.41632   	0.071933   
  3.0798  	2.16841    	-0.0103163 	-4.41569   	0.071926   
  3.0799  	2.1684     	-0.0103092 	-4.41506   	0.071919   
  3.08    	2.16839    	-0.010302  	-4.41443   	0.071912   
  3.0801  	2.16837    	-0.0102949 	-4.4138    	0.071905   
  3.0802  	2.16836    	-0.0102878 	-4.41317   	0.071898   
  3.0803  	2.16835    	-0.0102806 	-4.41254   	0.071891   
  3.0804  	2.16834    	-0.0102735 	-4.41191   	0.071884   
  3.0805  	2.16833    	-0.0102664 	-4.41127   	0.071877   
  3.0806  	2.16832    	-0.0102593 	-4.41064   	0.07187    
  3.0807  	2.1683     	-0.0102523 	-4.41001   	0.071863   
  3.0808  	2.16829    	-0.0102452 	-4.40938   	0.071856   
  3.0809  	2.16828    	-0.0102381 	-4.40875   	0.071849   
  3.081   	2.16827    	-0.010231  	-4.40812   	0.071842   
  3.0811  	2.16826    	-0.010224  	-4.40749   	0.071835   
  3.0812  	2.16825    	-0.0102169 	-4.40686   	0.071828   
  3.0813  	2.16823    	-0.0102099 	-4.40623   	0.071821   
  3.0814  	2.16822    	-0.0102028 	-4.4056    	0.071814   
  3.0815  	2.16821    	-0.0101958 	-4.40497   	0.071807   
  3.0816  	2.1682     	-0.0101888 	-4.40434   	0.0718     
  3.0817  	2.16819    	-0.0101818 	-4.40371   	0.0717931  
  3.0818  	2.16818    	-0.0101748 	-4.40308   	0.0717861  
  3.0819  	2.16816    	-0.0101678 	-4.40245   	0.0717791  
  3.082   	2.16815    	-0.0101608 	-4.40182   	0.0717721  
  3.0821  	2.16814    	-0.0101538 	-4.4012    	0.0717651  
  3.0822  	2.16813    	-0.0101468 	-4.40057   	0.0717581  
  3.0823  	2.16812    	-0.0101398 	-4.39994   	0.0717511  
  3.0824  	2.16811    	-0.0101329 	-4.39931   	0.0717442  
  3.0825  	2.16809    	-0.0101259 	-4.39868   	0.0717372  
  3.0826  	2.16808    	-0.0101189 	-4.39805   	0.0717302  
  3.0827  	2.16807    	-0.010112  	-4.39742   	0.0717232  
  3.0828  	2.16806    	-0.0101051 	-4.39679   	0.0717162  
  3.0829  	2.16805    	-0.0100981 	-4.39616   	0.0717093  
  3.083   	2.16804    	-0.0100912 	-4.39553   	0.0717023  
  3.0831  	2.16802    	-0.0100843 	-4.3949    	0.0716953  
  3.0832  	2.16801    	-0.0100774 	-4.39427   	0.0716883  
  3.0833  	2.168      	-0.0100705 	-4.39365   	0.0716814  
  3.0834  	2.16799    	-0.0100636 	-4.39302   	0.0716744  
  3.0835  	2.16798    	-0.0100567 	-4.39239   	0.0716674  
  3.0836  	2.16797    	-0.0100498 	-4.39176   	0.0716604  
  3.0837  	2.16796    	-0.0100429 	-4.39113   	0.0716535  
  3.0838  	2.16794    	-0.010036  	-4.3905    	0.0716465  
  3.0839  	2.16793    	-0.0100292 	-4.38987   	0.0716395  
  3.084   	2.16792    	-0.0100223 	-4.38925   	0.0716326  
  3.0841  	2.16791    	-0.0100155 	-4.38862   	0.0716256  
  3.0842  	2.1679     	-0.0100086 	-4.38799   	0.0716186  
  3.0843  	2.16789    	-0.0100018 	-4.38736   	0.0716117  
  3.0844  	2.16788    	-0.00999497	-4.38673   	0.0716047  
  3.0845  	2.16786    	-0.00998814	-4.38611   	0.0715977  
  3.0846  	2.16785    	-0.00998133	-4.38548   	0.0715908  
  3.0847  	2.16784    	-0.00997452	-4.38485   	0.0715838  
  3.0848  	2.16783    	-0.00996772	-4.38422   	0.0715768  
  3.0849  	2.16782    	-0.00996092	-4.38359   	0.0715699  
  3.085   	2.16781    	-0.00995414	-4.38297   	0.0715629  
  3.0851  	2.1678     	-0.00994735	-4.38234   	0.071556   
  3.0852  	2.16778    	-0.00994058	-4.38171   	0.071549   
  3.0853  	2.16777    	-0.00993381	-4.38108   	0.0715421  
  3.0854  	2.16776    	-0.00992705	-4.38046   	0.0715351  
  3.0855  	2.16775    	-0.0099203 	-4.37983   	0.0715281  
  3.0856  	2.16774    	-0.00991355	-4.3792    	0.0715212  
  3.0857  	2.16773    	-0.00990681	-4.37857   	0.0715142  
  3.0858  	2.16772    	-0.00990007	-4.37795   	0.0715073  
  3.0859  	2.1677     	-0.00989334	-4.37732   	0.0715003  
  3.086   	2.16769    	-0.00988662	-4.37669   	0.0714934  
  3.0861  	2.16768    	-0.00987991	-4.37606   	0.0714864  
  3.0862  	2.16767    	-0.0098732 	-4.37544   	0.0714795  
  3.0863  	2.16766    	-0.0098665 	-4.37481   	0.0714725  
  3.0864  	2.16765    	-0.00985981	-4.37418   	0.0714656  
  3.0865  	2.16764    	-0.00985312	-4.37356   	0.0714586  
  3.0866  	2.16763    	-0.00984644	-4.37293   	0.0714517  
  3.0867  	2.16761    	-0.00983976	-4.3723    	0.0714448  
  3.0868  	2.1676     	-0.00983309	-4.37168   	0.0714378  
  3.0869  	2.16759    	-0.00982643	-4.37105   	0.0714309  
  3.087   	2.16758    	-0.00981978	-4.37042   	0.0714239  
  3.0871  	2.16757    	-0.00981313	-4.3698    	0.071417   
  3.0872  	2.16756    	-0.00980649	-4.36917   	0.07141    
  3.0873  	2.16755    	-0.00979985	-4.36854   	0.0714031  
  3.0874  	2.16753    	-0.00979323	-4.36792   	0.0713962  
  3.0875  	2.16752    	-0.0097866 	-4.36729   	0.0713892  
  3.0876  	2.16751    	-0.00977999	-4.36667   	0.0713823  
  3.0877  	2.1675     	-0.00977338	-4.36604   	0.0713754  
  3.0878  	2.16749    	-0.00976678	-4.36541   	0.0713684  
  3.0879  	2.16748    	-0.00976018	-4.36479   	0.0713615  
  3.088   	2.16747    	-0.00975359	-4.36416   	0.0713546  
  3.0881  	2.16746    	-0.00974701	-4.36354   	0.0713476  
  3.0882  	2.16745    	-0.00974043	-4.36291   	0.0713407  
  3.0883  	2.16743    	-0.00973387	-4.36228   	0.0713338  
  3.0884  	2.16742    	-0.0097273 	-4.36166   	0.0713268  
  3.0885  	2.16741    	-0.00972075	-4.36103   	0.0713199  
  3.0886  	2.1674     	-0.0097142 	-4.36041   	0.071313   
  3.0887  	2.16739    	-0.00970765	-4.35978   	0.0713061  
  3.0888  	2.16738    	-0.00970111	-4.35916   	0.0712991  
  3.0889  	2.16737    	-0.00969458	-4.35853   	0.0712922  
  3.089   	2.16736    	-0.00968806	-4.35791   	0.0712853  
  3.0891  	2.16734    	-0.00968154	-4.35728   	0.0712784  
  3.0892  	2.16733    	-0.00967503	-4.35666   	0.0712714  
  3.0893  	2.16732    	-0.00966852	-4.35603   	0.0712645  
  3.0894  	2.16731    	-0.00966203	-4.35541   	0.0712576  
  3.0895  	2.1673     	-0.00965553	-4.35478   	0.0712507  
  3.0896  	2.16729    	-0.00964905	-4.35416   	0.0712438  
  3.0897  	2.16728    	-0.00964257	-4.35353   	0.0712369  
  3.0898  	2.16727    	-0.00963609	-4.35291   	0.0712299  
  3.0899  	2.16726    	-0.00962963	-4.35228   	0.071223   
  3.09    	2.16724    	-0.00962317	-4.35166   	0.0712161  
  3.0901  	2.16723    	-0.00961671	-4.35103   	0.0712092  
  3.0902  	2.16722    	-0.00961026	-4.35041   	0.0712023  
  3.0903  	2.16721    	-0.00960382	-4.34978   	0.0711954  
  3.0904  	2.1672     	-0.00959739	-4.34916   	0.0711885  
  3.0905  	2.16719    	-0.00959096	-4.34853   	0.0711815  
  3.0906  	2.16718    	-0.00958454	-4.34791   	0.0711746  
  3.0907  	2.16717    	-0.00957812	-4.34729   	0.0711677  
  3.0908  	2.16716    	-0.00957171	-4.34666   	0.0711608  
  3.0909  	2.16715    	-0.00956531	-4.34604   	0.0711539  
  3.091   	2.16713    	-0.00955891	-4.34541   	0.071147   
  3.0911  	2.16712    	-0.00955252	-4.34479   	0.0711401  
  3.0912  	2.16711    	-0.00954613	-4.34416   	0.0711332  
  3.0913  	2.1671     	-0.00953975	-4.34354   	0.0711263  
  3.0914  	2.16709    	-0.00953338	-4.34292   	0.0711194  
  3.0915  	2.16708    	-0.00952701	-4.34229   	0.0711125  
  3.0916  	2.16707    	-0.00952065	-4.34167   	0.0711056  
  3.0917  	2.16706    	-0.0095143 	-4.34105   	0.0710987  
  3.0918  	2.16705    	-0.00950795	-4.34042   	0.0710918  
  3.0919  	2.16704    	-0.00950161	-4.3398    	0.0710849  
  3.092   	2.16702    	-0.00949528	-4.33918   	0.071078   
  3.0921  	2.16701    	-0.00948895	-4.33855   	0.0710711  
  3.0922  	2.167      	-0.00948262	-4.33793   	0.0710642  
  3.0923  	2.16699    	-0.00947631	-4.33731   	0.0710573  
  3.0924  	2.16698    	-0.00947   	-4.33668   	0.0710504  
  3.0925  	2.16697    	-0.00946369	-4.33606   	0.0710435  
  3.0926  	2.16696    	-0.00945739	-4.33544   	0.0710366  
  3.0927  	2.16695    	-0.0094511 	-4.33481   	0.0710298  
  3.0928  	2.16694    	-0.00944482	-4.33419   	0.0710229  
  3.0929  	2.16693    	-0.00943854	-4.33357   	0.071016   
  3.093   	2.16691    	-0.00943226	-4.33294   	0.0710091  
  3.0931  	2.1669     	-0.00942599	-4.33232   	0.0710022  
  3.0932  	2.16689    	-0.00941973	-4.3317    	0.0709953  
  3.0933  	2.16688    	-0.00941348	-4.33108   	0.0709884  
  3.0934  	2.16687    	-0.00940723	-4.33045   	0.0709815  
  3.0935  	2.16686    	-0.00940098	-4.32983   	0.0709747  
  3.0936  	2.16685    	-0.00939475	-4.32921   	0.0709678  
  3.0937  	2.16684    	-0.00938852	-4.32859   	0.0709609  
  3.0938  	2.16683    	-0.00938229	-4.32796   	0.070954   
  3.0939  	2.16682    	-0.00937607	-4.32734   	0.0709471  
  3.094   	2.16681    	-0.00936986	-4.32672   	0.0709403  
  3.0941  	2.1668     	-0.00936365	-4.3261    	0.0709334  
  3.0942  	2.16678    	-0.00935745	-4.32547   	0.0709265  
  3.0943  	2.16677    	-0.00935126	-4.32485   	0.0709196  
  3.0944  	2.16676    	-0.00934507	-4.32423   	0.0709128  
  3.0945  	2.16675    	-0.00933888	-4.32361   	0.0709059  
  3.0946  	2.16674    	-0.00933271	-4.32299   	0.070899   
  3.0947  	2.16673    	-0.00932654	-4.32236   	0.0708921  
  3.0948  	2.16672    	-0.00932037	-4.32174   	0.0708853  
  3.0949  	2.16671    	-0.00931421	-4.32112   	0.0708784  
  3.095   	2.1667     	-0.00930806	-4.3205    	0.0708715  
  3.0951  	2.16669    	-0.00930191	-4.31988   	0.0708647  
  3.0952  	2.16668    	-0.00929577	-4.31926   	0.0708578  
  3.0953  	2.16667    	-0.00928963	-4.31863   	0.0708509  
  3.0954  	2.16665    	-0.00928351	-4.31801   	0.0708441  
  3.0955  	2.16664    	-0.00927738	-4.31739   	0.0708372  
  3.0956  	2.16663    	-0.00927126	-4.31677   	0.0708303  
  3.0957  	2.16662    	-0.00926515	-4.31615   	0.0708235  
  3.0958  	2.16661    	-0.00925905	-4.31553   	0.0708166  
  3.0959  	2.1666     	-0.00925295	-4.31491   	0.0708097  
  3.096   	2.16659    	-0.00924685	-4.31429   	0.0708029  
  3.0961  	2.16658    	-0.00924077	-4.31366   	0.070796   
  3.0962  	2.16657    	-0.00923468	-4.31304   	0.0707892  
  3.0963  	2.16656    	-0.00922861	-4.31242   	0.0707823  
  3.0964  	2.16655    	-0.00922254	-4.3118    	0.0707754  
  3.0965  	2.16654    	-0.00921647	-4.31118   	0.0707686  
  3.0966  	2.16653    	-0.00921041	-4.31056   	0.0707617  
  3.0967  	2.16652    	-0.00920436	-4.30994   	0.0707549  
  3.0968  	2.1665     	-0.00919831	-4.30932   	0.070748   
  3.0969  	2.16649    	-0.00919227	-4.3087    	0.0707412  
  3.097   	2.16648    	-0.00918624	-4.30808   	0.0707343  
  3.0971  	2.16647    	-0.00918021	-4.30746   	0.0707275  
  3.0972  	2.16646    	-0.00917418	-4.30684   	0.0707206  
  3.0973  	2.16645    	-0.00916816	-4.30622   	0.0707138  
  3.0974  	2.16644    	-0.00916215	-4.3056    	0.0707069  
  3.0975  	2.16643    	-0.00915615	-4.30498   	0.0707001  
  3.0976  	2.16642    	-0.00915014	-4.30436   	0.0706932  
  3.0977  	2.16641    	-0.00914415	-4.30374   	0.0706864  
  3.0978  	2.1664     	-0.00913816	-4.30312   	0.0706795  
  3.0979  	2.16639    	-0.00913218	-4.3025    	0.0706727  
  3.098   	2.16638    	-0.0091262 	-4.30188   	0.0706658  
  3.0981  	2.16637    	-0.00912023	-4.30126   	0.070659   
  3.0982  	2.16636    	-0.00911426	-4.30064   	0.0706522  
  3.0983  	2.16635    	-0.0091083 	-4.30002   	0.0706453  
  3.0984  	2.16633    	-0.00910235	-4.2994    	0.0706385  
  3.0985  	2.16632    	-0.0090964 	-4.29878   	0.0706316  
  3.0986  	2.16631    	-0.00909045	-4.29816   	0.0706248  
  3.0987  	2.1663     	-0.00908451	-4.29754   	0.070618   
  3.0988  	2.16629    	-0.00907858	-4.29692   	0.0706111  
  3.0989  	2.16628    	-0.00907266	-4.2963    	0.0706043  
  3.099   	2.16627    	-0.00906674	-4.29568   	0.0705975  
  3.0991  	2.16626    	-0.00906082	-4.29506   	0.0705906  
  3.0992  	2.16625    	-0.00905491	-4.29444   	0.0705838  
  3.0993  	2.16624    	-0.00904901	-4.29382   	0.070577   
  3.0994  	2.16623    	-0.00904311	-4.2932    	0.0705701  
  3.0995  	2.16622    	-0.00903722	-4.29259   	0.0705633  
  3.0996  	2.16621    	-0.00903133	-4.29197   	0.0705565  
  3.0997  	2.1662     	-0.00902545	-4.29135   	0.0705496  
  3.0998  	2.16619    	-0.00901957	-4.29073   	0.0705428  
  3.0999  	2.16618    	-0.0090137 	-4.29011   	0.070536   
  3.1     	2.16617    	-0.00900784	-4.28949   	0.0705292  
  3.1001  	2.16616    	-0.00900198	-4.28887   	0.0705223  
  3.1002  	2.16615    	-0.00899613	-4.28825   	0.0705155  
  3.1003  	2.16613    	-0.00899028	-4.28764   	0.0705087  
  3.1004  	2.16612    	-0.00898444	-4.28702   	0.0705019  
  3.1005  	2.16611    	-0.0089786 	-4.2864    	0.070495   
  3.1006  	2.1661     	-0.00897277	-4.28578   	0.0704882  
  3.1007  	2.16609    	-0.00896694	-4.28516   	0.0704814  
  3.1008  	2.16608    	-0.00896112	-4.28454   	0.0704746  
  3.1009  	2.16607    	-0.00895531	-4.28393   	0.0704678  
  3.101   	2.16606    	-0.0089495 	-4.28331   	0.070461   
  3.1011  	2.16605    	-0.0089437 	-4.28269   	0.0704541  
  3.1012  	2.16604    	-0.0089379 	-4.28207   	0.0704473  
  3.1013  	2.16603    	-0.00893211	-4.28145   	0.0704405  
  3.1014  	2.16602    	-0.00892632	-4.28084   	0.0704337  
  3.1015  	2.16601    	-0.00892054	-4.28022   	0.0704269  
  3.1016  	2.166      	-0.00891476	-4.2796    	0.0704201  
  3.1017  	2.16599    	-0.00890899	-4.27898   	0.0704133  
  3.1018  	2.16598    	-0.00890323	-4.27837   	0.0704065  
  3.1019  	2.16597    	-0.00889747	-4.27775   	0.0703996  
  3.102   	2.16596    	-0.00889171	-4.27713   	0.0703928  
  3.1021  	2.16595    	-0.00888597	-4.27651   	0.070386   
  3.1022  	2.16594    	-0.00888022	-4.2759    	0.0703792  
  3.1023  	2.16593    	-0.00887448	-4.27528   	0.0703724  
  3.1024  	2.16592    	-0.00886875	-4.27466   	0.0703656  
  3.1025  	2.16591    	-0.00886303	-4.27404   	0.0703588  
  3.1026  	2.1659     	-0.0088573 	-4.27343   	0.070352   
  3.1027  	2.16589    	-0.00885159	-4.27281   	0.0703452  
  3.1028  	2.16588    	-0.00884588	-4.27219   	0.0703384  
  3.1029  	2.16586    	-0.00884017	-4.27158   	0.0703316  
  3.103   	2.16585    	-0.00883447	-4.27096   	0.0703248  
  3.1031  	2.16584    	-0.00882878	-4.27034   	0.070318   
  3.1032  	2.16583    	-0.00882309	-4.26973   	0.0703112  
  3.1033  	2.16582    	-0.00881741	-4.26911   	0.0703044  
  3.1034  	2.16581    	-0.00881173	-4.26849   	0.0702976  
  3.1035  	2.1658     	-0.00880606	-4.26788   	0.0702908  
  3.1036  	2.16579    	-0.00880039	-4.26726   	0.070284   
  3.1037  	2.16578    	-0.00879473	-4.26664   	0.0702772  
  3.1038  	2.16577    	-0.00878907	-4.26603   	0.0702704  
  3.1039  	2.16576    	-0.00878342	-4.26541   	0.0702637  
  3.104   	2.16575    	-0.00877777	-4.26479   	0.0702569  
  3.1041  	2.16574    	-0.00877213	-4.26418   	0.0702501  
  3.1042  	2.16573    	-0.0087665 	-4.26356   	0.0702433  
  3.1043  	2.16572    	-0.00876087	-4.26295   	0.0702365  
  3.1044  	2.16571    	-0.00875524	-4.26233   	0.0702297  
  3.1045  	2.1657     	-0.00874962	-4.26171   	0.0702229  
  3.1046  	2.16569    	-0.00874401	-4.2611    	0.0702161  
  3.1047  	2.16568    	-0.0087384 	-4.26048   	0.0702094  
  3.1048  	2.16567    	-0.00873279	-4.25987   	0.0702026  
  3.1049  	2.16566    	-0.0087272 	-4.25925   	0.0701958  
  3.105   	2.16565    	-0.0087216 	-4.25863   	0.070189   
  3.1051  	2.16564    	-0.00871601	-4.25802   	0.0701822  
  3.1052  	2.16563    	-0.00871043	-4.2574    	0.0701754  
  3.1053  	2.16562    	-0.00870485	-4.25679   	0.0701687  
  3.1054  	2.16561    	-0.00869928	-4.25617   	0.0701619  
  3.1055  	2.1656     	-0.00869372	-4.25556   	0.0701551  
  3.1056  	2.16559    	-0.00868815	-4.25494   	0.0701483  
  3.1057  	2.16558    	-0.0086826 	-4.25433   	0.0701416  
  3.1058  	2.16557    	-0.00867705	-4.25371   	0.0701348  
  3.1059  	2.16556    	-0.0086715 	-4.2531    	0.070128   
  3.106   	2.16555    	-0.00866596	-4.25248   	0.0701212  
  3.1061  	2.16554    	-0.00866042	-4.25187   	0.0701145  
  3.1062  	2.16553    	-0.00865489	-4.25125   	0.0701077  
  3.1063  	2.16552    	-0.00864937	-4.25064   	0.0701009  
  3.1064  	2.16551    	-0.00864385	-4.25002   	0.0700942  
  3.1065  	2.1655     	-0.00863833	-4.24941   	0.0700874  
  3.1066  	2.16549    	-0.00863282	-4.24879   	0.0700806  
  3.1067  	2.16548    	-0.00862732	-4.24818   	0.0700738  
  3.1068  	2.16547    	-0.00862182	-4.24756   	0.0700671  
  3.1069  	2.16546    	-0.00861632	-4.24695   	0.0700603  
  3.107   	2.16545    	-0.00861084	-4.24633   	0.0700536  
  3.1071  	2.16544    	-0.00860535	-4.24572   	0.0700468  
  3.1072  	2.16543    	-0.00859987	-4.2451    	0.07004    
  3.1073  	2.16542    	-0.0085944 	-4.24449   	0.0700333  
  3.1074  	2.16541    	-0.00858893	-4.24388   	0.0700265  
  3.1075  	2.1654     	-0.00858347	-4.24326   	0.0700197  
  3.1076  	2.16539    	-0.00857801	-4.24265   	0.070013   
  3.1077  	2.16538    	-0.00857255	-4.24203   	0.0700062  
  3.1078  	2.16537    	-0.00856711	-4.24142   	0.0699995  
  3.1079  	2.16536    	-0.00856166	-4.24081   	0.0699927  
  3.108   	2.16535    	-0.00855622	-4.24019   	0.069986   
  3.1081  	2.16534    	-0.00855079	-4.23958   	0.0699792  
  3.1082  	2.16533    	-0.00854536	-4.23896   	0.0699724  
  3.1083  	2.16532    	-0.00853994	-4.23835   	0.0699657  
  3.1084  	2.16531    	-0.00853452	-4.23774   	0.0699589  
  3.1085  	2.1653     	-0.00852911	-4.23712   	0.0699522  
  3.1086  	2.16529    	-0.0085237 	-4.23651   	0.0699454  
  3.1087  	2.16528    	-0.0085183 	-4.2359    	0.0699387  
  3.1088  	2.16527    	-0.0085129 	-4.23528   	0.0699319  
  3.1089  	2.16526    	-0.00850751	-4.23467   	0.0699252  
  3.109   	2.16525    	-0.00850212	-4.23406   	0.0699184  
  3.1091  	2.16524    	-0.00849674	-4.23344   	0.0699117  
  3.1092  	2.16523    	-0.00849136	-4.23283   	0.069905   
  3.1093  	2.16522    	-0.00848599	-4.23222   	0.0698982  
  3.1094  	2.16521    	-0.00848062	-4.2316    	0.0698915  
  3.1095  	2.1652     	-0.00847526	-4.23099   	0.0698847  
  3.1096  	2.16519    	-0.0084699 	-4.23038   	0.069878   
  3.1097  	2.16518    	-0.00846455	-4.22976   	0.0698712  
  3.1098  	2.16517    	-0.0084592 	-4.22915   	0.0698645  
  3.1099  	2.16516    	-0.00845385	-4.22854   	0.0698578  
  3.11    	2.16515    	-0.00844852	-4.22793   	0.069851   
  3.1101  	2.16514    	-0.00844318	-4.22731   	0.0698443  
  3.1102  	2.16513    	-0.00843786	-4.2267    	0.0698376  
  3.1103  	2.16512    	-0.00843253	-4.22609   	0.0698308  
  3.1104  	2.16511    	-0.00842721	-4.22548   	0.0698241  
  3.1105  	2.1651     	-0.0084219 	-4.22486   	0.0698174  
  3.1106  	2.16509    	-0.00841659	-4.22425   	0.0698106  
  3.1107  	2.16508    	-0.00841129	-4.22364   	0.0698039  
  3.1108  	2.16507    	-0.00840599	-4.22303   	0.0697972  
  3.1109  	2.16506    	-0.0084007 	-4.22241   	0.0697904  
  3.111   	2.16505    	-0.00839541	-4.2218    	0.0697837  
  3.1111  	2.16504    	-0.00839012	-4.22119   	0.069777   
  3.1112  	2.16503    	-0.00838485	-4.22058   	0.0697702  
  3.1113  	2.16502    	-0.00837957	-4.21997   	0.0697635  
  3.1114  	2.16501    	-0.0083743 	-4.21935   	0.0697568  
  3.1115  	2.165      	-0.00836904	-4.21874   	0.0697501  
  3.1116  	2.16499    	-0.00836378	-4.21813   	0.0697433  
  3.1117  	2.16498    	-0.00835852	-4.21752   	0.0697366  
  3.1118  	2.16497    	-0.00835327	-4.21691   	0.0697299  
  3.1119  	2.16496    	-0.00834803	-4.21629   	0.0697232  
  3.112   	2.16495    	-0.00834279	-4.21568   	0.0697164  
  3.1121  	2.16494    	-0.00833755	-4.21507   	0.0697097  
  3.1122  	2.16493    	-0.00833232	-4.21446   	0.069703   
  3.1123  	2.16492    	-0.0083271 	-4.21385   	0.0696963  
  3.1124  	2.16491    	-0.00832188	-4.21324   	0.0696896  
  3.1125  	2.1649     	-0.00831666	-4.21263   	0.0696829  
  3.1126  	2.16489    	-0.00831145	-4.21202   	0.0696761  
  3.1127  	2.16488    	-0.00830624	-4.2114    	0.0696694  
  3.1128  	2.16487    	-0.00830104	-4.21079   	0.0696627  
  3.1129  	2.16486    	-0.00829584	-4.21018   	0.069656   
  3.113   	2.16485    	-0.00829065	-4.20957   	0.0696493  
  3.1131  	2.16484    	-0.00828546	-4.20896   	0.0696426  
  3.1132  	2.16483    	-0.00828028	-4.20835   	0.0696359  
  3.1133  	2.16482    	-0.0082751 	-4.20774   	0.0696292  
  3.1134  	2.16481    	-0.00826993	-4.20713   	0.0696224  
  3.1135  	2.1648     	-0.00826476	-4.20652   	0.0696157  
  3.1136  	2.16479    	-0.0082596 	-4.20591   	0.069609   
  3.1137  	2.16478    	-0.00825444	-4.2053    	0.0696023  
  3.1138  	2.16477    	-0.00824929	-4.20469   	0.0695956  
  3.1139  	2.16476    	-0.00824414	-4.20408   	0.0695889  
  3.114   	2.16475    	-0.00823899	-4.20346   	0.0695822  
  3.1141  	2.16474    	-0.00823385	-4.20285   	0.0695755  
  3.1142  	2.16473    	-0.00822872	-4.20224   	0.0695688  
  3.1143  	2.16472    	-0.00822359	-4.20163   	0.0695621  
  3.1144  	2.16472    	-0.00821846	-4.20102   	0.0695554  
  3.1145  	2.16471    	-0.00821334	-4.20041   	0.0695487  
  3.1146  	2.1647     	-0.00820822	-4.1998    	0.069542   
  3.1147  	2.16469    	-0.00820311	-4.19919   	0.0695353  
  3.1148  	2.16468    	-0.008198  	-4.19858   	0.0695286  
  3.1149  	2.16467    	-0.0081929 	-4.19797   	0.0695219  
  3.115   	2.16466    	-0.0081878 	-4.19736   	0.0695152  
  3.1151  	2.16465    	-0.00818271	-4.19675   	0.0695085  
  3.1152  	2.16464    	-0.00817762	-4.19614   	0.0695018  
  3.1153  	2.16463    	-0.00817254	-4.19554   	0.0694951  
  3.1154  	2.16462    	-0.00816746	-4.19493   	0.0694884  
  3.1155  	2.16461    	-0.00816239	-4.19432   	0.0694818  
  3.1156  	2.1646     	-0.00815732	-4.19371   	0.0694751  
  3.1157  	2.16459    	-0.00815225	-4.1931    	0.0694684  
  3.1158  	2.16458    	-0.00814719	-4.19249   	0.0694617  
  3.1159  	2.16457    	-0.00814213	-4.19188   	0.069455   
  3.116   	2.16456    	-0.00813708	-4.19127   	0.0694483  
  3.1161  	2.16455    	-0.00813204	-4.19066   	0.0694416  
  3.1162  	2.16454    	-0.00812699	-4.19005   	0.0694349  
  3.1163  	2.16453    	-0.00812196	-4.18944   	0.0694283  
  3.1164  	2.16452    	-0.00811692	-4.18883   	0.0694216  
  3.1165  	2.16451    	-0.00811189	-4.18822   	0.0694149  
  3.1166  	2.1645     	-0.00810687	-4.18762   	0.0694082  
  3.1167  	2.16449    	-0.00810185	-4.18701   	0.0694015  
  3.1168  	2.16448    	-0.00809684	-4.1864    	0.0693949  
  3.1169  	2.16447    	-0.00809183	-4.18579   	0.0693882  
  3.117   	2.16447    	-0.00808682	-4.18518   	0.0693815  
  3.1171  	2.16446    	-0.00808182	-4.18457   	0.0693748  
  3.1172  	2.16445    	-0.00807682	-4.18396   	0.0693681  
  3.1173  	2.16444    	-0.00807183	-4.18336   	0.0693615  
  3.1174  	2.16443    	-0.00806684	-4.18275   	0.0693548  
  3.1175  	2.16442    	-0.00806186	-4.18214   	0.0693481  
  3.1176  	2.16441    	-0.00805688	-4.18153   	0.0693414  
  3.1177  	2.1644     	-0.00805191	-4.18092   	0.0693348  
  3.1178  	2.16439    	-0.00804694	-4.18031   	0.0693281  
  3.1179  	2.16438    	-0.00804197	-4.17971   	0.0693214  
  3.118   	2.16437    	-0.00803701	-4.1791    	0.0693148  
  3.1181  	2.16436    	-0.00803206	-4.17849   	0.0693081  
  3.1182  	2.16435    	-0.00802711	-4.17788   	0.0693014  
  3.1183  	2.16434    	-0.00802216	-4.17727   	0.0692948  
  3.1184  	2.16433    	-0.00801722	-4.17667   	0.0692881  
  3.1185  	2.16432    	-0.00801228	-4.17606   	0.0692814  
  3.1186  	2.16431    	-0.00800735	-4.17545   	0.0692748  
  3.1187  	2.1643     	-0.00800242	-4.17484   	0.0692681  
  3.1188  	2.16429    	-0.00799749	-4.17424   	0.0692614  
  3.1189  	2.16428    	-0.00799257	-4.17363   	0.0692548  
  3.119   	2.16428    	-0.00798766	-4.17302   	0.0692481  
  3.1191  	2.16427    	-0.00798275	-4.17241   	0.0692415  
  3.1192  	2.16426    	-0.00797784	-4.17181   	0.0692348  
  3.1193  	2.16425    	-0.00797294	-4.1712    	0.0692281  
  3.1194  	2.16424    	-0.00796804	-4.17059   	0.0692215  
  3.1195  	2.16423    	-0.00796314	-4.16998   	0.0692148  
  3.1196  	2.16422    	-0.00795826	-4.16938   	0.0692082  
  3.1197  	2.16421    	-0.00795337	-4.16877   	0.0692015  
  3.1198  	2.1642     	-0.00794849	-4.16816   	0.0691949  
  3.1199  	2.16419    	-0.00794362	-4.16756   	0.0691882  
  3.12    	2.16418    	-0.00793874	-4.16695   	0.0691816  
  3.1201  	2.16417    	-0.00793388	-4.16634   	0.0691749  
  3.1202  	2.16416    	-0.00792901	-4.16574   	0.0691683  
  3.1203  	2.16415    	-0.00792416	-4.16513   	0.0691616  
  3.1204  	2.16414    	-0.0079193 	-4.16452   	0.069155   
  3.1205  	2.16413    	-0.00791445	-4.16392   	0.0691483  
  3.1206  	2.16412    	-0.00790961	-4.16331   	0.0691417  
  3.1207  	2.16412    	-0.00790477	-4.1627    	0.069135   
  3.1208  	2.16411    	-0.00789993	-4.1621    	0.0691284  
  3.1209  	2.1641     	-0.0078951 	-4.16149   	0.0691217  
  3.121   	2.16409    	-0.00789027	-4.16088   	0.0691151  
  3.1211  	2.16408    	-0.00788545	-4.16028   	0.0691084  
  3.1212  	2.16407    	-0.00788063	-4.15967   	0.0691018  
  3.1213  	2.16406    	-0.00787581	-4.15907   	0.0690952  
  3.1214  	2.16405    	-0.007871  	-4.15846   	0.0690885  
  3.1215  	2.16404    	-0.0078662 	-4.15785   	0.0690819  
  3.1216  	2.16403    	-0.00786139	-4.15725   	0.0690752  
  3.1217  	2.16402    	-0.0078566 	-4.15664   	0.0690686  
  3.1218  	2.16401    	-0.0078518 	-4.15604   	0.069062   
  3.1219  	2.164      	-0.00784702	-4.15543   	0.0690553  
  3.122   	2.16399    	-0.00784223	-4.15483   	0.0690487  
  3.1221  	2.16398    	-0.00783745	-4.15422   	0.0690421  
  3.1222  	2.16398    	-0.00783267	-4.15361   	0.0690354  
  3.1223  	2.16397    	-0.0078279 	-4.15301   	0.0690288  
  3.1224  	2.16396    	-0.00782313	-4.1524    	0.0690222  
  3.1225  	2.16395    	-0.00781837	-4.1518    	0.0690155  
  3.1226  	2.16394    	-0.00781361	-4.15119   	0.0690089  
  3.1227  	2.16393    	-0.00780886	-4.15059   	0.0690023  
  3.1228  	2.16392    	-0.00780411	-4.14998   	0.0689956  
  3.1229  	2.16391    	-0.00779936	-4.14938   	0.068989   
  3.123   	2.1639     	-0.00779462	-4.14877   	0.0689824  
  3.1231  	2.16389    	-0.00778988	-4.14817   	0.0689758  
  3.1232  	2.16388    	-0.00778515	-4.14756   	0.0689691  
  3.1233  	2.16387    	-0.00778042	-4.14696   	0.0689625  
  3.1234  	2.16386    	-0.00777569	-4.14635   	0.0689559  
  3.1235  	2.16386    	-0.00777097	-4.14575   	0.0689493  
  3.1236  	2.16385    	-0.00776626	-4.14514   	0.0689426  
  3.1237  	2.16384    	-0.00776154	-4.14454   	0.068936   
  3.1238  	2.16383    	-0.00775684	-4.14393   	0.0689294  
  3.1239  	2.16382    	-0.00775213	-4.14333   	0.0689228  
  3.124   	2.16381    	-0.00774743	-4.14272   	0.0689162  
  3.1241  	2.1638     	-0.00774274	-4.14212   	0.0689095  
  3.1242  	2.16379    	-0.00773805	-4.14151   	0.0689029  
  3.1243  	2.16378    	-0.00773336	-4.14091   	0.0688963  
  3.1244  	2.16377    	-0.00772868	-4.14031   	0.0688897  
  3.1245  	2.16376    	-0.007724  	-4.1397    	0.0688831  
  3.1246  	2.16375    	-0.00771932	-4.1391    	0.0688765  
  3.1247  	2.16374    	-0.00771465	-4.13849   	0.0688699  
  3.1248  	2.16374    	-0.00770999	-4.13789   	0.0688632  
  3.1249  	2.16373    	-0.00770532	-4.13729   	0.0688566  
  3.125   	2.16372    	-0.00770067	-4.13668   	0.06885    
  3.1251  	2.16371    	-0.00769601	-4.13608   	0.0688434  
  3.1252  	2.1637     	-0.00769136	-4.13547   	0.0688368  
  3.1253  	2.16369    	-0.00768672	-4.13487   	0.0688302  
  3.1254  	2.16368    	-0.00768207	-4.13427   	0.0688236  
  3.1255  	2.16367    	-0.00767744	-4.13366   	0.068817   
  3.1256  	2.16366    	-0.0076728 	-4.13306   	0.0688104  
  3.1257  	2.16365    	-0.00766817	-4.13246   	0.0688038  
  3.1258  	2.16364    	-0.00766355	-4.13185   	0.0687972  
  3.1259  	2.16364    	-0.00765893	-4.13125   	0.0687906  
  3.126   	2.16363    	-0.00765431	-4.13065   	0.068784   
  3.1261  	2.16362    	-0.0076497 	-4.13004   	0.0687774  
  3.1262  	2.16361    	-0.00764509	-4.12944   	0.0687708  
  3.1263  	2.1636     	-0.00764049	-4.12884   	0.0687642  
  3.1264  	2.16359    	-0.00763588	-4.12823   	0.0687576  
  3.1265  	2.16358    	-0.00763129	-4.12763   	0.068751   
  3.1266  	2.16357    	-0.0076267 	-4.12703   	0.0687444  
  3.1267  	2.16356    	-0.00762211	-4.12642   	0.0687378  
  3.1268  	2.16355    	-0.00761752	-4.12582   	0.0687312  
  3.1269  	2.16354    	-0.00761294	-4.12522   	0.0687246  
  3.127   	2.16354    	-0.00760837	-4.12461   	0.068718   
  3.1271  	2.16353    	-0.0076038 	-4.12401   	0.0687114  
  3.1272  	2.16352    	-0.00759923	-4.12341   	0.0687048  
  3.1273  	2.16351    	-0.00759466	-4.12281   	0.0686982  
  3.1274  	2.1635     	-0.0075901 	-4.1222    	0.0686916  
  3.1275  	2.16349    	-0.00758555	-4.1216    	0.0686851  
  3.1276  	2.16348    	-0.007581  	-4.121     	0.0686785  
  3.1277  	2.16347    	-0.00757645	-4.1204    	0.0686719  
  3.1278  	2.16346    	-0.0075719 	-4.11979   	0.0686653  
  3.1279  	2.16345    	-0.00756736	-4.11919   	0.0686587  
  3.128   	2.16344    	-0.00756283	-4.11859   	0.0686521  
  3.1281  	2.16344    	-0.0075583 	-4.11799   	0.0686455  
  3.1282  	2.16343    	-0.00755377	-4.11739   	0.068639   
  3.1283  	2.16342    	-0.00754924	-4.11678   	0.0686324  
  3.1284  	2.16341    	-0.00754472	-4.11618   	0.0686258  
  3.1285  	2.1634     	-0.00754021	-4.11558   	0.0686192  
  3.1286  	2.16339    	-0.0075357 	-4.11498   	0.0686126  
  3.1287  	2.16338    	-0.00753119	-4.11438   	0.0686061  
  3.1288  	2.16337    	-0.00752668	-4.11377   	0.0685995  
  3.1289  	2.16336    	-0.00752218	-4.11317   	0.0685929  
  3.129   	2.16335    	-0.00751769	-4.11257   	0.0685863  
  3.1291  	2.16335    	-0.0075132 	-4.11197   	0.0685798  
  3.1292  	2.16334    	-0.00750871	-4.11137   	0.0685732  
  3.1293  	2.16333    	-0.00750422	-4.11077   	0.0685666  
  3.1294  	2.16332    	-0.00749974	-4.11017   	0.06856    
  3.1295  	2.16331    	-0.00749527	-4.10956   	0.0685535  
  3.1296  	2.1633     	-0.00749079	-4.10896   	0.0685469  
  3.1297  	2.16329    	-0.00748633	-4.10836   	0.0685403  
  3.1298  	2.16328    	-0.00748186	-4.10776   	0.0685338  
  3.1299  	2.16327    	-0.0074774 	-4.10716   	0.0685272  
  3.13    	2.16327    	-0.00747294	-4.10656   	0.0685206  
  3.1301  	2.16326    	-0.00746849	-4.10596   	0.068514   
  3.1302  	2.16325    	-0.00746404	-4.10536   	0.0685075  
  3.1303  	2.16324    	-0.0074596 	-4.10476   	0.0685009  
  3.1304  	2.16323    	-0.00745516	-4.10415   	0.0684944  
  3.1305  	2.16322    	-0.00745072	-4.10355   	0.0684878  
  3.1306  	2.16321    	-0.00744629	-4.10295   	0.0684812  
  3.1307  	2.1632     	-0.00744186	-4.10235   	0.0684747  
  3.1308  	2.16319    	-0.00743743	-4.10175   	0.0684681  
  3.1309  	2.16319    	-0.00743301	-4.10115   	0.0684615  
  3.131   	2.16318    	-0.00742859	-4.10055   	0.068455   
  3.1311  	2.16317    	-0.00742418	-4.09995   	0.0684484  
  3.1312  	2.16316    	-0.00741977	-4.09935   	0.0684419  
  3.1313  	2.16315    	-0.00741536	-4.09875   	0.0684353  
  3.1314  	2.16314    	-0.00741096	-4.09815   	0.0684288  
  3.1315  	2.16313    	-0.00740656	-4.09755   	0.0684222  
  3.1316  	2.16312    	-0.00740217	-4.09695   	0.0684156  
  3.1317  	2.16311    	-0.00739777	-4.09635   	0.0684091  
  3.1318  	2.16311    	-0.00739339	-4.09575   	0.0684025  
  3.1319  	2.1631     	-0.007389  	-4.09515   	0.068396   
  3.132   	2.16309    	-0.00738462	-4.09455   	0.0683894  
  3.1321  	2.16308    	-0.00738025	-4.09395   	0.0683829  
  3.1322  	2.16307    	-0.00737588	-4.09335   	0.0683763  
  3.1323  	2.16306    	-0.00737151	-4.09275   	0.0683698  
  3.1324  	2.16305    	-0.00736715	-4.09215   	0.0683632  
  3.1325  	2.16304    	-0.00736279	-4.09155   	0.0683567  
  3.1326  	2.16304    	-0.00735843	-4.09095   	0.0683502  
  3.1327  	2.16303    	-0.00735408	-4.09035   	0.0683436  
  3.1328  	2.16302    	-0.00734973	-4.08975   	0.0683371  
  3.1329  	2.16301    	-0.00734538	-4.08915   	0.0683305  
  3.133   	2.163      	-0.00734104	-4.08855   	0.068324   
  3.1331  	2.16299    	-0.0073367 	-4.08795   	0.0683174  
  3.1332  	2.16298    	-0.00733237	-4.08735   	0.0683109  
  3.1333  	2.16297    	-0.00732804	-4.08676   	0.0683044  
  3.1334  	2.16297    	-0.00732371	-4.08616   	0.0682978  
  3.1335  	2.16296    	-0.00731939	-4.08556   	0.0682913  
  3.1336  	2.16295    	-0.00731507	-4.08496   	0.0682847  
  3.1337  	2.16294    	-0.00731076	-4.08436   	0.0682782  
  3.1338  	2.16293    	-0.00730644	-4.08376   	0.0682717  
  3.1339  	2.16292    	-0.00730214	-4.08316   	0.0682651  
  3.134   	2.16291    	-0.00729783	-4.08256   	0.0682586  
  3.1341  	2.1629     	-0.00729353	-4.08196   	0.0682521  
  3.1342  	2.1629     	-0.00728924	-4.08137   	0.0682455  
  3.1343  	2.16289    	-0.00728494	-4.08077   	0.068239   
  3.1344  	2.16288    	-0.00728066	-4.08017   	0.0682325  
  3.1345  	2.16287    	-0.00727637	-4.07957   	0.0682259  
  3.1346  	2.16286    	-0.00727209	-4.07897   	0.0682194  
  3.1347  	2.16285    	-0.00726781	-4.07837   	0.0682129  
  3.1348  	2.16284    	-0.00726354	-4.07778   	0.0682064  
  3.1349  	2.16283    	-0.00725927	-4.07718   	0.0681998  
  3.135   	2.16283    	-0.007255  	-4.07658   	0.0681933  
  3.1351  	2.16282    	-0.00725074	-4.07598   	0.0681868  
  3.1352  	2.16281    	-0.00724648	-4.07538   	0.0681803  
  3.1353  	2.1628     	-0.00724222	-4.07478   	0.0681737  
  3.1354  	2.16279    	-0.00723797	-4.07419   	0.0681672  
  3.1355  	2.16278    	-0.00723372	-4.07359   	0.0681607  
  3.1356  	2.16277    	-0.00722948	-4.07299   	0.0681542  
  3.1357  	2.16277    	-0.00722524	-4.07239   	0.0681476  
  3.1358  	2.16276    	-0.007221  	-4.0718    	0.0681411  
  3.1359  	2.16275    	-0.00721677	-4.0712    	0.0681346  
  3.136   	2.16274    	-0.00721254	-4.0706    	0.0681281  
  3.1361  	2.16273    	-0.00720831	-4.07      	0.0681216  
  3.1362  	2.16272    	-0.00720409	-4.06941   	0.0681151  
  3.1363  	2.16271    	-0.00719987	-4.06881   	0.0681085  
  3.1364  	2.1627     	-0.00719565	-4.06821   	0.068102   
  3.1365  	2.1627     	-0.00719144	-4.06761   	0.0680955  
  3.1366  	2.16269    	-0.00718723	-4.06702   	0.068089   
  3.1367  	2.16268    	-0.00718303	-4.06642   	0.0680825  
  3.1368  	2.16267    	-0.00717883	-4.06582   	0.068076   
  3.1369  	2.16266    	-0.00717463	-4.06522   	0.0680695  
  3.137   	2.16265    	-0.00717044	-4.06463   	0.068063   
  3.1371  	2.16264    	-0.00716625	-4.06403   	0.0680564  
  3.1372  	2.16264    	-0.00716206	-4.06343   	0.0680499  
  3.1373  	2.16263    	-0.00715788	-4.06284   	0.0680434  
  3.1374  	2.16262    	-0.0071537 	-4.06224   	0.0680369  
  3.1375  	2.16261    	-0.00714952	-4.06164   	0.0680304  
  3.1376  	2.1626     	-0.00714535	-4.06105   	0.0680239  
  3.1377  	2.16259    	-0.00714118	-4.06045   	0.0680174  
  3.1378  	2.16258    	-0.00713702	-4.05985   	0.0680109  
  3.1379  	2.16258    	-0.00713286	-4.05926   	0.0680044  
  3.138   	2.16257    	-0.0071287 	-4.05866   	0.0679979  
  3.1381  	2.16256    	-0.00712455	-4.05806   	0.0679914  
  3.1382  	2.16255    	-0.0071204 	-4.05747   	0.0679849  
  3.1383  	2.16254    	-0.00711625	-4.05687   	0.0679784  
  3.1384  	2.16253    	-0.00711211	-4.05627   	0.0679719  
  3.1385  	2.16252    	-0.00710797	-4.05568   	0.0679654  
  3.1386  	2.16252    	-0.00710383	-4.05508   	0.0679589  
  3.1387  	2.16251    	-0.0070997 	-4.05449   	0.0679524  
  3.1388  	2.1625     	-0.00709557	-4.05389   	0.0679459  
  3.1389  	2.16249    	-0.00709144	-4.05329   	0.0679394  
  3.139   	2.16248    	-0.00708732	-4.0527    	0.0679329  
  3.1391  	2.16247    	-0.0070832 	-4.0521    	0.0679265  
  3.1392  	2.16247    	-0.00707909	-4.05151   	0.06792    
  3.1393  	2.16246    	-0.00707497	-4.05091   	0.0679135  
  3.1394  	2.16245    	-0.00707087	-4.05032   	0.067907   
  3.1395  	2.16244    	-0.00706676	-4.04972   	0.0679005  
  3.1396  	2.16243    	-0.00706266	-4.04912   	0.067894   
  3.1397  	2.16242    	-0.00705856	-4.04853   	0.0678875  
  3.1398  	2.16241    	-0.00705447	-4.04793   	0.067881   
  3.1399  	2.16241    	-0.00705038	-4.04734   	0.0678746  
  3.14    	2.1624     	-0.00704629	-4.04674   	0.0678681  
  3.1401  	2.16239    	-0.00704221	-4.04615   	0.0678616  
  3.1402  	2.16238    	-0.00703813	-4.04555   	0.0678551  
  3.1403  	2.16237    	-0.00703405	-4.04496   	0.0678486  
  3.1404  	2.16236    	-0.00702998	-4.04436   	0.0678421  
  3.1405  	2.16236    	-0.00702591	-4.04377   	0.0678357  
  3.1406  	2.16235    	-0.00702184	-4.04317   	0.0678292  
  3.1407  	2.16234    	-0.00701778	-4.04258   	0.0678227  
  3.1408  	2.16233    	-0.00701372	-4.04198   	0.0678162  
  3.1409  	2.16232    	-0.00700967	-4.04139   	0.0678097  
  3.141   	2.16231    	-0.00700561	-4.04079   	0.0678033  
  3.1411  	2.1623     	-0.00700156	-4.0402    	0.0677968  
  3.1412  	2.1623     	-0.00699752	-4.0396    	0.0677903  
  3.1413  	2.16229    	-0.00699348	-4.03901   	0.0677838  
  3.1414  	2.16228    	-0.00698944	-4.03841   	0.0677774  
  3.1415  	2.16227    	-0.0069854 	-4.03782   	0.0677709  
  3.1416  	2.16226    	-0.00698137	-4.03722   	0.0677644  
  3.1417  	2.16225    	-0.00697734	-4.03663   	0.067758   
  3.1418  	2.16225    	-0.00697332	-4.03604   	0.0677515  
  3.1419  	2.16224    	-0.0069693 	-4.03544   	0.067745   
  3.142   	2.16223    	-0.00696528	-4.03485   	0.0677386  
  3.1421  	2.16222    	-0.00696127	-4.03425   	0.0677321  
  3.1422  	2.16221    	-0.00695725	-4.03366   	0.0677256  
  3.1423  	2.1622     	-0.00695325	-4.03307   	0.0677192  
  3.1424  	2.1622     	-0.00694924	-4.03247   	0.0677127  
  3.1425  	2.16219    	-0.00694524	-4.03188   	0.0677062  
  3.1426  	2.16218    	-0.00694124	-4.03128   	0.0676998  
  3.1427  	2.16217    	-0.00693725	-4.03069   	0.0676933  
  3.1428  	2.16216    	-0.00693326	-4.0301    	0.0676868  
  3.1429  	2.16215    	-0.00692927	-4.0295    	0.0676804  
  3.143   	2.16215    	-0.00692529	-4.02891   	0.0676739  
  3.1431  	2.16214    	-0.00692131	-4.02832   	0.0676675  
  3.1432  	2.16213    	-0.00691733	-4.02772   	0.067661   
  3.1433  	2.16212    	-0.00691336	-4.02713   	0.0676545  
  3.1434  	2.16211    	-0.00690939	-4.02653   	0.0676481  
  3.1435  	2.1621     	-0.00690542	-4.02594   	0.0676416  
  3.1436  	2.1621     	-0.00690145	-4.02535   	0.0676352  
  3.1437  	2.16209    	-0.00689749	-4.02476   	0.0676287  
  3.1438  	2.16208    	-0.00689354	-4.02416   	0.0676223  
  3.1439  	2.16207    	-0.00688958	-4.02357   	0.0676158  
  3.144   	2.16206    	-0.00688563	-4.02298   	0.0676094  
  3.1441  	2.16205    	-0.00688169	-4.02238   	0.0676029  
  3.1442  	2.16205    	-0.00687774	-4.02179   	0.0675965  
  3.1443  	2.16204    	-0.0068738 	-4.0212    	0.06759    
  3.1444  	2.16203    	-0.00686987	-4.0206    	0.0675836  
  3.1445  	2.16202    	-0.00686593	-4.02001   	0.0675771  
  3.1446  	2.16201    	-0.006862  	-4.01942   	0.0675707  
  3.1447  	2.162      	-0.00685807	-4.01883   	0.0675642  
  3.1448  	2.162      	-0.00685415	-4.01823   	0.0675578  
  3.1449  	2.16199    	-0.00685023	-4.01764   	0.0675513  
  3.145   	2.16198    	-0.00684631	-4.01705   	0.0675449  
  3.1451  	2.16197    	-0.0068424 	-4.01646   	0.0675385  
  3.1452  	2.16196    	-0.00683849	-4.01586   	0.067532   
  3.1453  	2.16195    	-0.00683458	-4.01527   	0.0675256  
  3.1454  	2.16195    	-0.00683068	-4.01468   	0.0675191  
  3.1455  	2.16194    	-0.00682678	-4.01409   	0.0675127  
  3.1456  	2.16193    	-0.00682288	-4.01349   	0.0675063  
  3.1457  	2.16192    	-0.00681898	-4.0129    	0.0674998  
  3.1458  	2.16191    	-0.00681509	-4.01231   	0.0674934  
  3.1459  	2.16191    	-0.00681121	-4.01172   	0.0674869  
  3.146   	2.1619     	-0.00680732	-4.01113   	0.0674805  
  3.1461  	2.16189    	-0.00680344	-4.01053   	0.0674741  
  3.1462  	2.16188    	-0.00679956	-4.00994   	0.0674676  
  3.1463  	2.16187    	-0.00679569	-4.00935   	0.0674612  
  3.1464  	2.16186    	-0.00679182	-4.00876   	0.0674548  
  3.1465  	2.16186    	-0.00678795	-4.00817   	0.0674483  
  3.1466  	2.16185    	-0.00678409	-4.00758   	0.0674419  
  3.1467  	2.16184    	-0.00678022	-4.00698   	0.0674355  
  3.1468  	2.16183    	-0.00677637	-4.00639   	0.0674291  
  3.1469  	2.16182    	-0.00677251	-4.0058    	0.0674226  
  3.147   	2.16182    	-0.00676866	-4.00521   	0.0674162  
  3.1471  	2.16181    	-0.00676481	-4.00462   	0.0674098  
  3.1472  	2.1618     	-0.00676096	-4.00403   	0.0674034  
  3.1473  	2.16179    	-0.00675712	-4.00344   	0.0673969  
  3.1474  	2.16178    	-0.00675328	-4.00285   	0.0673905  
  3.1475  	2.16177    	-0.00674945	-4.00225   	0.0673841  
  3.1476  	2.16177    	-0.00674562	-4.00166   	0.0673777  
  3.1477  	2.16176    	-0.00674179	-4.00107   	0.0673712  
  3.1478  	2.16175    	-0.00673796	-4.00048   	0.0673648  
  3.1479  	2.16174    	-0.00673414	-3.99989   	0.0673584  
  3.148   	2.16173    	-0.00673032	-3.9993    	0.067352   
  3.1481  	2.16173    	-0.0067265 	-3.99871   	0.0673456  
  3.1482  	2.16172    	-0.00672269	-3.99812   	0.0673391  
  3.1483  	2.16171    	-0.00671888	-3.99753   	0.0673327  
  3.1484  	2.1617     	-0.00671507	-3.99694   	0.0673263  
  3.1485  	2.16169    	-0.00671127	-3.99635   	0.0673199  
  3.1486  	2.16169    	-0.00670747	-3.99576   	0.0673135  
  3.1487  	2.16168    	-0.00670367	-3.99517   	0.0673071  
  3.1488  	2.16167    	-0.00669988	-3.99458   	0.0673007  
  3.1489  	2.16166    	-0.00669608	-3.99398   	0.0672942  
  3.149   	2.16165    	-0.0066923 	-3.99339   	0.0672878  
  3.1491  	2.16165    	-0.00668851	-3.9928    	0.0672814  
  3.1492  	2.16164    	-0.00668473	-3.99221   	0.067275   
  3.1493  	2.16163    	-0.00668095	-3.99162   	0.0672686  
  3.1494  	2.16162    	-0.00667718	-3.99103   	0.0672622  
  3.1495  	2.16161    	-0.0066734 	-3.99044   	0.0672558  
  3.1496  	2.1616     	-0.00666964	-3.98985   	0.0672494  
  3.1497  	2.1616     	-0.00666587	-3.98926   	0.067243   
  3.1498  	2.16159    	-0.00666211	-3.98867   	0.0672366  
  3.1499  	2.16158    	-0.00665835	-3.98808   	0.0672302  
  3.15    	2.16157    	-0.00665459	-3.9875    	0.0672238  
  3.1501  	2.16156    	-0.00665084	-3.98691   	0.0672174  
  3.1502  	2.16156    	-0.00664709	-3.98632   	0.067211   
  3.1503  	2.16155    	-0.00664334	-3.98573   	0.0672046  
  3.1504  	2.16154    	-0.0066396 	-3.98514   	0.0671982  
  3.1505  	2.16153    	-0.00663586	-3.98455   	0.0671918  
  3.1506  	2.16152    	-0.00663212	-3.98396   	0.0671854  
  3.1507  	2.16152    	-0.00662838	-3.98337   	0.067179   
  3.1508  	2.16151    	-0.00662465	-3.98278   	0.0671726  
  3.1509  	2.1615     	-0.00662092	-3.98219   	0.0671662  
  3.151   	2.16149    	-0.0066172 	-3.9816    	0.0671598  
  3.1511  	2.16148    	-0.00661348	-3.98101   	0.0671534  
  3.1512  	2.16148    	-0.00660976	-3.98042   	0.067147   
  3.1513  	2.16147    	-0.00660604	-3.97983   	0.0671406  
  3.1514  	2.16146    	-0.00660233	-3.97925   	0.0671342  
  3.1515  	2.16145    	-0.00659862	-3.97866   	0.0671278  
  3.1516  	2.16144    	-0.00659491	-3.97807   	0.0671214  
  3.1517  	2.16144    	-0.00659121	-3.97748   	0.0671151  
  3.1518  	2.16143    	-0.00658751	-3.97689   	0.0671087  
  3.1519  	2.16142    	-0.00658381	-3.9763    	0.0671023  
  3.152   	2.16141    	-0.00658012	-3.97571   	0.0670959  
  3.1521  	2.1614     	-0.00657642	-3.97512   	0.0670895  
  3.1522  	2.1614     	-0.00657274	-3.97454   	0.0670831  
  3.1523  	2.16139    	-0.00656905	-3.97395   	0.0670767  
  3.1524  	2.16138    	-0.00656537	-3.97336   	0.0670704  
  3.1525  	2.16137    	-0.00656169	-3.97277   	0.067064   
  3.1526  	2.16136    	-0.00655801	-3.97218   	0.0670576  
  3.1527  	2.16136    	-0.00655434	-3.9716    	0.0670512  
  3.1528  	2.16135    	-0.00655067	-3.97101   	0.0670448  
  3.1529  	2.16134    	-0.006547  	-3.97042   	0.0670385  
  3.153   	2.16133    	-0.00654334	-3.96983   	0.0670321  
  3.1531  	2.16133    	-0.00653968	-3.96924   	0.0670257  
  3.1532  	2.16132    	-0.00653602	-3.96866   	0.0670193  
  3.1533  	2.16131    	-0.00653236	-3.96807   	0.0670129  
  3.1534  	2.1613     	-0.00652871	-3.96748   	0.0670066  
  3.1535  	2.16129    	-0.00652506	-3.96689   	0.0670002  
  3.1536  	2.16129    	-0.00652142	-3.9663    	0.0669938  
  3.1537  	2.16128    	-0.00651777	-3.96572   	0.0669875  
  3.1538  	2.16127    	-0.00651413	-3.96513   	0.0669811  
  3.1539  	2.16126    	-0.0065105 	-3.96454   	0.0669747  
  3.154   	2.16125    	-0.00650686	-3.96395   	0.0669683  
  3.1541  	2.16125    	-0.00650323	-3.96337   	0.066962   
  3.1542  	2.16124    	-0.0064996 	-3.96278   	0.0669556  
  3.1543  	2.16123    	-0.00649598	-3.96219   	0.0669492  
  3.1544  	2.16122    	-0.00649236	-3.9616    	0.0669429  
  3.1545  	2.16121    	-0.00648874	-3.96102   	0.0669365  
  3.1546  	2.16121    	-0.00648512	-3.96043   	0.0669301  
  3.1547  	2.1612     	-0.00648151	-3.95984   	0.0669238  
  3.1548  	2.16119    	-0.0064779 	-3.95926   	0.0669174  
  3.1549  	2.16118    	-0.00647429	-3.95867   	0.066911   
  3.155   	2.16118    	-0.00647069	-3.95808   	0.0669047  
  3.1551  	2.16117    	-0.00646709	-3.9575    	0.0668983  
  3.1552  	2.16116    	-0.00646349	-3.95691   	0.066892   
  3.1553  	2.16115    	-0.00645989	-3.95632   	0.0668856  
  3.1554  	2.16114    	-0.0064563 	-3.95574   	0.0668792  
  3.1555  	2.16114    	-0.00645271	-3.95515   	0.0668729  
  3.1556  	2.16113    	-0.00644912	-3.95456   	0.0668665  
  3.1557  	2.16112    	-0.00644554	-3.95398   	0.0668602  
  3.1558  	2.16111    	-0.00644196	-3.95339   	0.0668538  
  3.1559  	2.16111    	-0.00643838	-3.9528    	0.0668475  
  3.156   	2.1611     	-0.00643481	-3.95222   	0.0668411  
  3.1561  	2.16109    	-0.00643124	-3.95163   	0.0668348  
  3.1562  	2.16108    	-0.00642767	-3.95104   	0.0668284  
  3.1563  	2.16107    	-0.0064241 	-3.95046   	0.0668221  
  3.1564  	2.16107    	-0.00642054	-3.94987   	0.0668157  
  3.1565  	2.16106    	-0.00641698	-3.94929   	0.0668094  
  3.1566  	2.16105    	-0.00641342	-3.9487    	0.066803   
  3.1567  	2.16104    	-0.00640987	-3.94811   	0.0667967  
  3.1568  	2.16104    	-0.00640631	-3.94753   	0.0667903  
  3.1569  	2.16103    	-0.00640277	-3.94694   	0.066784   
  3.157   	2.16102    	-0.00639922	-3.94636   	0.0667776  
  3.1571  	2.16101    	-0.00639568	-3.94577   	0.0667713  
  3.1572  	2.161      	-0.00639214	-3.94519   	0.0667649  
  3.1573  	2.161      	-0.0063886 	-3.9446    	0.0667586  
  3.1574  	2.16099    	-0.00638507	-3.94401   	0.0667522  
  3.1575  	2.16098    	-0.00638154	-3.94343   	0.0667459  
  3.1576  	2.16097    	-0.00637801	-3.94284   	0.0667396  
  3.1577  	2.16097    	-0.00637448	-3.94226   	0.0667332  
  3.1578  	2.16096    	-0.00637096	-3.94167   	0.0667269  
  3.1579  	2.16095    	-0.00636744	-3.94109   	0.0667205  
  3.158   	2.16094    	-0.00636392	-3.9405    	0.0667142  
  3.1581  	2.16093    	-0.00636041	-3.93992   	0.0667079  
  3.1582  	2.16093    	-0.0063569 	-3.93933   	0.0667015  
  3.1583  	2.16092    	-0.00635339	-3.93875   	0.0666952  
  3.1584  	2.16091    	-0.00634989	-3.93816   	0.0666889  
  3.1585  	2.1609     	-0.00634638	-3.93758   	0.0666825  
  3.1586  	2.1609     	-0.00634288	-3.93699   	0.0666762  
  3.1587  	2.16089    	-0.00633939	-3.93641   	0.0666699  
  3.1588  	2.16088    	-0.00633589	-3.93582   	0.0666635  
  3.1589  	2.16087    	-0.0063324 	-3.93524   	0.0666572  
  3.159   	2.16087    	-0.00632891	-3.93465   	0.0666509  
  3.1591  	2.16086    	-0.00632543	-3.93407   	0.0666445  
  3.1592  	2.16085    	-0.00632195	-3.93348   	0.0666382  
  3.1593  	2.16084    	-0.00631847	-3.9329    	0.0666319  
  3.1594  	2.16083    	-0.00631499	-3.93232   	0.0666256  
  3.1595  	2.16083    	-0.00631151	-3.93173   	0.0666192  
  3.1596  	2.16082    	-0.00630804	-3.93115   	0.0666129  
  3.1597  	2.16081    	-0.00630458	-3.93056   	0.0666066  
  3.1598  	2.1608     	-0.00630111	-3.92998   	0.0666003  
  3.1599  	2.1608     	-0.00629765	-3.92939   	0.0665939  
  3.16    	2.16079    	-0.00629419	-3.92881   	0.0665876  
  3.1601  	2.16078    	-0.00629073	-3.92823   	0.0665813  
  3.1602  	2.16077    	-0.00628728	-3.92764   	0.066575   
  3.1603  	2.16077    	-0.00628382	-3.92706   	0.0665687  
  3.1604  	2.16076    	-0.00628038	-3.92647   	0.0665623  
  3.1605  	2.16075    	-0.00627693	-3.92589   	0.066556   
  3.1606  	2.16074    	-0.00627349	-3.92531   	0.0665497  
  3.1607  	2.16074    	-0.00627005	-3.92472   	0.0665434  
  3.1608  	2.16073    	-0.00626661	-3.92414   	0.0665371  
  3.1609  	2.16072    	-0.00626317	-3.92356   	0.0665308  
  3.161   	2.16071    	-0.00625974	-3.92297   	0.0665244  
  3.1611  	2.1607     	-0.00625631	-3.92239   	0.0665181  
  3.1612  	2.1607     	-0.00625289	-3.9218    	0.0665118  
  3.1613  	2.16069    	-0.00624946	-3.92122   	0.0665055  
  3.1614  	2.16068    	-0.00624604	-3.92064   	0.0664992  
  3.1615  	2.16067    	-0.00624262	-3.92005   	0.0664929  
  3.1616  	2.16067    	-0.00623921	-3.91947   	0.0664866  
  3.1617  	2.16066    	-0.00623579	-3.91889   	0.0664803  
  3.1618  	2.16065    	-0.00623238	-3.91831   	0.066474   
  3.1619  	2.16064    	-0.00622898	-3.91772   	0.0664677  
  3.162   	2.16064    	-0.00622557	-3.91714   	0.0664613  
  3.1621  	2.16063    	-0.00622217	-3.91656   	0.066455   
  3.1622  	2.16062    	-0.00621877	-3.91597   	0.0664487  
  3.1623  	2.16061    	-0.00621538	-3.91539   	0.0664424  
  3.1624  	2.16061    	-0.00621198	-3.91481   	0.0664361  
  3.1625  	2.1606     	-0.00620859	-3.91423   	0.0664298  
  3.1626  	2.16059    	-0.0062052 	-3.91364   	0.0664235  
  3.1627  	2.16058    	-0.00620182	-3.91306   	0.0664172  
  3.1628  	2.16058    	-0.00619844	-3.91248   	0.0664109  
  3.1629  	2.16057    	-0.00619506	-3.91189   	0.0664046  
  3.163   	2.16056    	-0.00619168	-3.91131   	0.0663983  
  3.1631  	2.16055    	-0.0061883 	-3.91073   	0.066392   
  3.1632  	2.16055    	-0.00618493	-3.91015   	0.0663857  
  3.1633  	2.16054    	-0.00618156	-3.90957   	0.0663794  
  3.1634  	2.16053    	-0.0061782 	-3.90898   	0.0663731  
  3.1635  	2.16052    	-0.00617483	-3.9084    	0.0663669  
  3.1636  	2.16052    	-0.00617147	-3.90782   	0.0663606  
  3.1637  	2.16051    	-0.00616812	-3.90724   	0.0663543  
  3.1638  	2.1605     	-0.00616476	-3.90665   	0.066348   
  3.1639  	2.16049    	-0.00616141	-3.90607   	0.0663417  
  3.164   	2.16049    	-0.00615806	-3.90549   	0.0663354  
  3.1641  	2.16048    	-0.00615471	-3.90491   	0.0663291  
  3.1642  	2.16047    	-0.00615137	-3.90433   	0.0663228  
  3.1643  	2.16046    	-0.00614802	-3.90375   	0.0663165  
  3.1644  	2.16046    	-0.00614468	-3.90316   	0.0663102  
  3.1645  	2.16045    	-0.00614135	-3.90258   	0.066304   
  3.1646  	2.16044    	-0.00613801	-3.902     	0.0662977  
  3.1647  	2.16043    	-0.00613468	-3.90142   	0.0662914  
  3.1648  	2.16043    	-0.00613135	-3.90084   	0.0662851  
  3.1649  	2.16042    	-0.00612803	-3.90026   	0.0662788  
  3.165   	2.16041    	-0.00612471	-3.89968   	0.0662725  
  3.1651  	2.1604     	-0.00612138	-3.89909   	0.0662663  
  3.1652  	2.1604     	-0.00611807	-3.89851   	0.06626    
  3.1653  	2.16039    	-0.00611475	-3.89793   	0.0662537  
  3.1654  	2.16038    	-0.00611144	-3.89735   	0.0662474  
  3.1655  	2.16037    	-0.00610813	-3.89677   	0.0662411  
  3.1656  	2.16037    	-0.00610482	-3.89619   	0.0662349  
  3.1657  	2.16036    	-0.00610152	-3.89561   	0.0662286  
  3.1658  	2.16035    	-0.00609821	-3.89503   	0.0662223  
  3.1659  	2.16034    	-0.00609492	-3.89445   	0.066216   
  3.166   	2.16034    	-0.00609162	-3.89386   	0.0662098  
  3.1661  	2.16033    	-0.00608832	-3.89328   	0.0662035  
  3.1662  	2.16032    	-0.00608503	-3.8927    	0.0661972  
  3.1663  	2.16031    	-0.00608174	-3.89212   	0.0661909  
  3.1664  	2.16031    	-0.00607846	-3.89154   	0.0661847  
  3.1665  	2.1603     	-0.00607517	-3.89096   	0.0661784  
  3.1666  	2.16029    	-0.00607189	-3.89038   	0.0661721  
  3.1667  	2.16028    	-0.00606862	-3.8898    	0.0661659  
  3.1668  	2.16028    	-0.00606534	-3.88922   	0.0661596  
  3.1669  	2.16027    	-0.00606207	-3.88864   	0.0661533  
  3.167   	2.16026    	-0.0060588 	-3.88806   	0.0661471  
  3.1671  	2.16025    	-0.00605553	-3.88748   	0.0661408  
  3.1672  	2.16025    	-0.00605226	-3.8869    	0.0661345  
  3.1673  	2.16024    	-0.006049  	-3.88632   	0.0661283  
  3.1674  	2.16023    	-0.00604574	-3.88574   	0.066122   
  3.1675  	2.16023    	-0.00604248	-3.88516   	0.0661158  
  3.1676  	2.16022    	-0.00603923	-3.88458   	0.0661095  
  3.1677  	2.16021    	-0.00603597	-3.884     	0.0661032  
  3.1678  	2.1602     	-0.00603273	-3.88342   	0.066097   
  3.1679  	2.1602     	-0.00602948	-3.88284   	0.0660907  
  3.168   	2.16019    	-0.00602623	-3.88226   	0.0660845  
  3.1681  	2.16018    	-0.00602299	-3.88168   	0.0660782  
  3.1682  	2.16017    	-0.00601975	-3.8811    	0.0660719  
  3.1683  	2.16017    	-0.00601652	-3.88052   	0.0660657  
  3.1684  	2.16016    	-0.00601328	-3.87994   	0.0660594  
  3.1685  	2.16015    	-0.00601005	-3.87936   	0.0660532  
  3.1686  	2.16014    	-0.00600682	-3.87878   	0.0660469  
  3.1687  	2.16014    	-0.00600359	-3.8782    	0.0660407  
  3.1688  	2.16013    	-0.00600037	-3.87763   	0.0660344  
  3.1689  	2.16012    	-0.00599715	-3.87705   	0.0660282  
  3.169   	2.16012    	-0.00599393	-3.87647   	0.0660219  
  3.1691  	2.16011    	-0.00599071	-3.87589   	0.0660157  
  3.1692  	2.1601     	-0.0059875 	-3.87531   	0.0660094  
  3.1693  	2.16009    	-0.00598429	-3.87473   	0.0660032  
  3.1694  	2.16009    	-0.00598108	-3.87415   	0.0659969  
  3.1695  	2.16008    	-0.00597787	-3.87357   	0.0659907  
  3.1696  	2.16007    	-0.00597467	-3.87299   	0.0659844  
  3.1697  	2.16006    	-0.00597147	-3.87241   	0.0659782  
  3.1698  	2.16006    	-0.00596827	-3.87184   	0.0659719  
  3.1699  	2.16005    	-0.00596507	-3.87126   	0.0659657  
  3.17    	2.16004    	-0.00596188	-3.87068   	0.0659595  
  3.1701  	2.16004    	-0.00595869	-3.8701    	0.0659532  
  3.1702  	2.16003    	-0.0059555 	-3.86952   	0.065947   
  3.1703  	2.16002    	-0.00595231	-3.86894   	0.0659407  
  3.1704  	2.16001    	-0.00594913	-3.86836   	0.0659345  
  3.1705  	2.16001    	-0.00594595	-3.86779   	0.0659283  
  3.1706  	2.16       	-0.00594277	-3.86721   	0.065922   
  3.1707  	2.15999    	-0.0059396 	-3.86663   	0.0659158  
  3.1708  	2.15998    	-0.00593642	-3.86605   	0.0659095  
  3.1709  	2.15998    	-0.00593325	-3.86547   	0.0659033  
  3.171   	2.15997    	-0.00593008	-3.8649    	0.0658971  
  3.1711  	2.15996    	-0.00592692	-3.86432   	0.0658908  
  3.1712  	2.15996    	-0.00592375	-3.86374   	0.0658846  
  3.1713  	2.15995    	-0.00592059	-3.86316   	0.0658784  
  3.1714  	2.15994    	-0.00591743	-3.86258   	0.0658721  
  3.1715  	2.15993    	-0.00591428	-3.86201   	0.0658659  
  3.1716  	2.15993    	-0.00591113	-3.86143   	0.0658597  
  3.1717  	2.15992    	-0.00590797	-3.86085   	0.0658535  
  3.1718  	2.15991    	-0.00590483	-3.86027   	0.0658472  
  3.1719  	2.1599     	-0.00590168	-3.8597    	0.065841   
  3.172   	2.1599     	-0.00589854	-3.85912   	0.0658348  
  3.1721  	2.15989    	-0.0058954 	-3.85854   	0.0658285  
  3.1722  	2.15988    	-0.00589226	-3.85796   	0.0658223  
  3.1723  	2.15988    	-0.00588912	-3.85739   	0.0658161  
  3.1724  	2.15987    	-0.00588599	-3.85681   	0.0658099  
  3.1725  	2.15986    	-0.00588286	-3.85623   	0.0658037  
  3.1726  	2.15985    	-0.00587973	-3.85565   	0.0657974  
  3.1727  	2.15985    	-0.0058766 	-3.85508   	0.0657912  
  3.1728  	2.15984    	-0.00587348	-3.8545    	0.065785   
  3.1729  	2.15983    	-0.00587036	-3.85392   	0.0657788  
  3.173   	2.15983    	-0.00586724	-3.85335   	0.0657725  
  3.1731  	2.15982    	-0.00586412	-3.85277   	0.0657663  
  3.1732  	2.15981    	-0.00586101	-3.85219   	0.0657601  
  3.1733  	2.1598     	-0.0058579 	-3.85162   	0.0657539  
  3.1734  	2.1598     	-0.00585479	-3.85104   	0.0657477  
  3.1735  	2.15979    	-0.00585168	-3.85046   	0.0657415  
  3.1736  	2.15978    	-0.00584858	-3.84989   	0.0657353  
  3.1737  	2.15978    	-0.00584547	-3.84931   	0.065729   
  3.1738  	2.15977    	-0.00584238	-3.84873   	0.0657228  
  3.1739  	2.15976    	-0.00583928	-3.84816   	0.0657166  
  3.174   	2.15975    	-0.00583618	-3.84758   	0.0657104  
  3.1741  	2.15975    	-0.00583309	-3.847     	0.0657042  
  3.1742  	2.15974    	-0.00583   	-3.84643   	0.065698   
  3.1743  	2.15973    	-0.00582691	-3.84585   	0.0656918  
  3.1744  	2.15973    	-0.00582383	-3.84527   	0.0656856  
  3.1745  	2.15972    	-0.00582075	-3.8447    	0.0656794  
  3.1746  	2.15971    	-0.00581767	-3.84412   	0.0656732  
  3.1747  	2.1597     	-0.00581459	-3.84355   	0.0656669  
  3.1748  	2.1597     	-0.00581152	-3.84297   	0.0656607  
  3.1749  	2.15969    	-0.00580844	-3.84239   	0.0656545  
  3.175   	2.15968    	-0.00580537	-3.84182   	0.0656483  
  3.1751  	2.15968    	-0.0058023 	-3.84124   	0.0656421  
  3.1752  	2.15967    	-0.00579924	-3.84067   	0.0656359  
  3.1753  	2.15966    	-0.00579618	-3.84009   	0.0656297  
  3.1754  	2.15965    	-0.00579311	-3.83952   	0.0656235  
  3.1755  	2.15965    	-0.00579006	-3.83894   	0.0656173  
  3.1756  	2.15964    	-0.005787  	-3.83836   	0.0656111  
  3.1757  	2.15963    	-0.00578395	-3.83779   	0.0656049  
  3.1758  	2.15963    	-0.0057809 	-3.83721   	0.0655987  
  3.1759  	2.15962    	-0.00577785	-3.83664   	0.0655925  
  3.176   	2.15961    	-0.0057748 	-3.83606   	0.0655863  
  3.1761  	2.1596     	-0.00577176	-3.83549   	0.0655802  
  3.1762  	2.1596     	-0.00576871	-3.83491   	0.065574   
  3.1763  	2.15959    	-0.00576568	-3.83434   	0.0655678  
  3.1764  	2.15958    	-0.00576264	-3.83376   	0.0655616  
  3.1765  	2.15958    	-0.0057596 	-3.83319   	0.0655554  
  3.1766  	2.15957    	-0.00575657	-3.83261   	0.0655492  
  3.1767  	2.15956    	-0.00575354	-3.83204   	0.065543   
  3.1768  	2.15956    	-0.00575051	-3.83146   	0.0655368  
  3.1769  	2.15955    	-0.00574749	-3.83089   	0.0655306  
  3.177   	2.15954    	-0.00574447	-3.83031   	0.0655244  
  3.1771  	2.15953    	-0.00574145	-3.82974   	0.0655183  
  3.1772  	2.15953    	-0.00573843	-3.82916   	0.0655121  
  3.1773  	2.15952    	-0.00573541	-3.82859   	0.0655059  
  3.1774  	2.15951    	-0.0057324 	-3.82801   	0.0654997  
  3.1775  	2.15951    	-0.00572939	-3.82744   	0.0654935  
  3.1776  	2.1595     	-0.00572638	-3.82687   	0.0654873  
  3.1777  	2.15949    	-0.00572337	-3.82629   	0.0654811  
  3.1778  	2.15949    	-0.00572037	-3.82572   	0.065475   
  3.1779  	2.15948    	-0.00571737	-3.82514   	0.0654688  
  3.178   	2.15947    	-0.00571437	-3.82457   	0.0654626  
  3.1781  	2.15946    	-0.00571137	-3.82399   	0.0654564  
  3.1782  	2.15946    	-0.00570837	-3.82342   	0.0654502  
  3.1783  	2.15945    	-0.00570538	-3.82285   	0.0654441  
  3.1784  	2.15944    	-0.00570239	-3.82227   	0.0654379  
  3.1785  	2.15944    	-0.0056994 	-3.8217    	0.0654317  
  3.1786  	2.15943    	-0.00569642	-3.82112   	0.0654255  
  3.1787  	2.15942    	-0.00569344	-3.82055   	0.0654194  
  3.1788  	2.15942    	-0.00569045	-3.81998   	0.0654132  
  3.1789  	2.15941    	-0.00568748	-3.8194    	0.065407   
  3.179   	2.1594     	-0.0056845 	-3.81883   	0.0654008  
  3.1791  	2.15939    	-0.00568153	-3.81826   	0.0653947  
  3.1792  	2.15939    	-0.00567855	-3.81768   	0.0653885  
  3.1793  	2.15938    	-0.00567559	-3.81711   	0.0653823  
  3.1794  	2.15937    	-0.00567262	-3.81653   	0.0653762  
  3.1795  	2.15937    	-0.00566965	-3.81596   	0.06537    
  3.1796  	2.15936    	-0.00566669	-3.81539   	0.0653638  
  3.1797  	2.15935    	-0.00566373	-3.81481   	0.0653577  
  3.1798  	2.15935    	-0.00566077	-3.81424   	0.0653515  
  3.1799  	2.15934    	-0.00565782	-3.81367   	0.0653453  
  3.18    	2.15933    	-0.00565486	-3.8131    	0.0653392  
  3.1801  	2.15932    	-0.00565191	-3.81252   	0.065333   
  3.1802  	2.15932    	-0.00564896	-3.81195   	0.0653268  
  3.1803  	2.15931    	-0.00564602	-3.81138   	0.0653207  
  3.1804  	2.1593     	-0.00564307	-3.8108    	0.0653145  
  3.1805  	2.1593     	-0.00564013	-3.81023   	0.0653084  
  3.1806  	2.15929    	-0.00563719	-3.80966   	0.0653022  
  3.1807  	2.15928    	-0.00563425	-3.80908   	0.065296   
  3.1808  	2.15928    	-0.00563132	-3.80851   	0.0652899  
  3.1809  	2.15927    	-0.00562839	-3.80794   	0.0652837  
  3.181   	2.15926    	-0.00562546	-3.80737   	0.0652776  
  3.1811  	2.15926    	-0.00562253	-3.80679   	0.0652714  
  3.1812  	2.15925    	-0.0056196 	-3.80622   	0.0652653  
  3.1813  	2.15924    	-0.00561668	-3.80565   	0.0652591  
  3.1814  	2.15923    	-0.00561376	-3.80508   	0.065253   
  3.1815  	2.15923    	-0.00561084	-3.8045    	0.0652468  
  3.1816  	2.15922    	-0.00560792	-3.80393   	0.0652406  
  3.1817  	2.15921    	-0.005605  	-3.80336   	0.0652345  
  3.1818  	2.15921    	-0.00560209	-3.80279   	0.0652283  
  3.1819  	2.1592     	-0.00559918	-3.80222   	0.0652222  
  3.182   	2.15919    	-0.00559627	-3.80164   	0.065216   
  3.1821  	2.15919    	-0.00559337	-3.80107   	0.0652099  
  3.1822  	2.15918    	-0.00559046	-3.8005    	0.0652038  
  3.1823  	2.15917    	-0.00558756	-3.79993   	0.0651976  
  3.1824  	2.15917    	-0.00558466	-3.79936   	0.0651915  
  3.1825  	2.15916    	-0.00558177	-3.79878   	0.0651853  
  3.1826  	2.15915    	-0.00557887	-3.79821   	0.0651792  
  3.1827  	2.15915    	-0.00557598	-3.79764   	0.065173   
  3.1828  	2.15914    	-0.00557309	-3.79707   	0.0651669  
  3.1829  	2.15913    	-0.0055702 	-3.7965    	0.0651607  
  3.183   	2.15913    	-0.00556731	-3.79593   	0.0651546  
  3.1831  	2.15912    	-0.00556443	-3.79535   	0.0651485  
  3.1832  	2.15911    	-0.00556155	-3.79478   	0.0651423  
  3.1833  	2.1591     	-0.00555867	-3.79421   	0.0651362  
  3.1834  	2.1591     	-0.00555579	-3.79364   	0.06513    
  3.1835  	2.15909    	-0.00555292	-3.79307   	0.0651239  
  3.1836  	2.15908    	-0.00555004	-3.7925    	0.0651178  
  3.1837  	2.15908    	-0.00554717	-3.79193   	0.0651116  
  3.1838  	2.15907    	-0.00554431	-3.79136   	0.0651055  
  3.1839  	2.15906    	-0.00554144	-3.79078   	0.0650994  
  3.184   	2.15906    	-0.00553858	-3.79021   	0.0650932  
  3.1841  	2.15905    	-0.00553571	-3.78964   	0.0650871  
  3.1842  	2.15904    	-0.00553285	-3.78907   	0.065081   
  3.1843  	2.15904    	-0.00553   	-3.7885    	0.0650748  
  3.1844  	2.15903    	-0.00552714	-3.78793   	0.0650687  
  3.1845  	2.15902    	-0.00552429	-3.78736   	0.0650626  
  3.1846  	2.15902    	-0.00552144	-3.78679   	0.0650565  
  3.1847  	2.15901    	-0.00551859	-3.78622   	0.0650503  
  3.1848  	2.159      	-0.00551574	-3.78565   	0.0650442  
  3.1849  	2.159      	-0.0055129 	-3.78508   	0.0650381  
  3.185   	2.15899    	-0.00551006	-3.78451   	0.0650319  
  3.1851  	2.15898    	-0.00550722	-3.78394   	0.0650258  
  3.1852  	2.15898    	-0.00550438	-3.78337   	0.0650197  
  3.1853  	2.15897    	-0.00550154	-3.7828    	0.0650136  
  3.1854  	2.15896    	-0.00549871	-3.78223   	0.0650075  
  3.1855  	2.15896    	-0.00549588	-3.78165   	0.0650013  
  3.1856  	2.15895    	-0.00549305	-3.78108   	0.0649952  
  3.1857  	2.15894    	-0.00549022	-3.78051   	0.0649891  
  3.1858  	2.15893    	-0.0054874 	-3.77994   	0.064983   
  3.1859  	2.15893    	-0.00548457	-3.77937   	0.0649768  
  3.186   	2.15892    	-0.00548175	-3.7788    	0.0649707  
  3.1861  	2.15891    	-0.00547894	-3.77824   	0.0649646  
  3.1862  	2.15891    	-0.00547612	-3.77767   	0.0649585  
  3.1863  	2.1589     	-0.00547331	-3.7771    	0.0649524  
  3.1864  	2.15889    	-0.00547049	-3.77653   	0.0649463  
  3.1865  	2.15889    	-0.00546768	-3.77596   	0.0649402  
  3.1866  	2.15888    	-0.00546488	-3.77539   	0.064934   
  3.1867  	2.15887    	-0.00546207	-3.77482   	0.0649279  
  3.1868  	2.15887    	-0.00545927	-3.77425   	0.0649218  
  3.1869  	2.15886    	-0.00545647	-3.77368   	0.0649157  
  3.187   	2.15885    	-0.00545367	-3.77311   	0.0649096  
  3.1871  	2.15885    	-0.00545087	-3.77254   	0.0649035  
  3.1872  	2.15884    	-0.00544807	-3.77197   	0.0648974  
  3.1873  	2.15883    	-0.00544528	-3.7714    	0.0648913  
  3.1874  	2.15883    	-0.00544249	-3.77083   	0.0648852  
  3.1875  	2.15882    	-0.0054397 	-3.77026   	0.0648791  
  3.1876  	2.15881    	-0.00543692	-3.76969   	0.0648729  
  3.1877  	2.15881    	-0.00543413	-3.76912   	0.0648668  
  3.1878  	2.1588     	-0.00543135	-3.76856   	0.0648607  
  3.1879  	2.15879    	-0.00542857	-3.76799   	0.0648546  
  3.188   	2.15879    	-0.00542579	-3.76742   	0.0648485  
  3.1881  	2.15878    	-0.00542302	-3.76685   	0.0648424  
  3.1882  	2.15877    	-0.00542024	-3.76628   	0.0648363  
  3.1883  	2.15877    	-0.00541747	-3.76571   	0.0648302  
  3.1884  	2.15876    	-0.0054147 	-3.76514   	0.0648241  
  3.1885  	2.15875    	-0.00541193	-3.76457   	0.064818   
  3.1886  	2.15875    	-0.00540917	-3.76401   	0.0648119  
  3.1887  	2.15874    	-0.0054064 	-3.76344   	0.0648058  
  3.1888  	2.15873    	-0.00540364	-3.76287   	0.0647997  
  3.1889  	2.15873    	-0.00540088	-3.7623    	0.0647936  
  3.189   	2.15872    	-0.00539813	-3.76173   	0.0647875  
  3.1891  	2.15871    	-0.00539537	-3.76116   	0.0647815  
  3.1892  	2.15871    	-0.00539262	-3.7606    	0.0647754  
  3.1893  	2.1587     	-0.00538987	-3.76003   	0.0647693  
  3.1894  	2.15869    	-0.00538712	-3.75946   	0.0647632  
  3.1895  	2.15869    	-0.00538437	-3.75889   	0.0647571  
  3.1896  	2.15868    	-0.00538163	-3.75832   	0.064751   
  3.1897  	2.15867    	-0.00537889	-3.75776   	0.0647449  
  3.1898  	2.15867    	-0.00537614	-3.75719   	0.0647388  
  3.1899  	2.15866    	-0.00537341	-3.75662   	0.0647327  
  3.19    	2.15865    	-0.00537067	-3.75605   	0.0647266  
  3.1901  	2.15865    	-0.00536794	-3.75548   	0.0647206  
  3.1902  	2.15864    	-0.0053652 	-3.75492   	0.0647145  
  3.1903  	2.15863    	-0.00536247	-3.75435   	0.0647084  
  3.1904  	2.15863    	-0.00535975	-3.75378   	0.0647023  
  3.1905  	2.15862    	-0.00535702	-3.75321   	0.0646962  
  3.1906  	2.15861    	-0.0053543 	-3.75265   	0.0646901  
  3.1907  	2.15861    	-0.00535157	-3.75208   	0.0646841  
  3.1908  	2.1586     	-0.00534885	-3.75151   	0.064678   
  3.1909  	2.15859    	-0.00534614	-3.75094   	0.0646719  
  3.191   	2.15859    	-0.00534342	-3.75038   	0.0646658  
  3.1911  	2.15858    	-0.00534071	-3.74981   	0.0646597  
  3.1912  	2.15857    	-0.00533799	-3.74924   	0.0646537  
  3.1913  	2.15857    	-0.00533528	-3.74868   	0.0646476  
  3.1914  	2.15856    	-0.00533258	-3.74811   	0.0646415  
  3.1915  	2.15856    	-0.00532987	-3.74754   	0.0646354  
  3.1916  	2.15855    	-0.00532717	-3.74698   	0.0646293  
  3.1917  	2.15854    	-0.00532447	-3.74641   	0.0646233  
  3.1918  	2.15854    	-0.00532177	-3.74584   	0.0646172  
  3.1919  	2.15853    	-0.00531907	-3.74527   	0.0646111  
  3.192   	2.15852    	-0.00531637	-3.74471   	0.0646051  
  3.1921  	2.15852    	-0.00531368	-3.74414   	0.064599   
  3.1922  	2.15851    	-0.00531099	-3.74357   	0.0645929  
  3.1923  	2.1585     	-0.0053083 	-3.74301   	0.0645868  
  3.1924  	2.1585     	-0.00530561	-3.74244   	0.0645808  
  3.1925  	2.15849    	-0.00530293	-3.74188   	0.0645747  
  3.1926  	2.15848    	-0.00530024	-3.74131   	0.0645686  
  3.1927  	2.15848    	-0.00529756	-3.74074   	0.0645626  
  3.1928  	2.15847    	-0.00529488	-3.74018   	0.0645565  
  3.1929  	2.15846    	-0.0052922 	-3.73961   	0.0645504  
  3.193   	2.15846    	-0.00528953	-3.73904   	0.0645444  
  3.1931  	2.15845    	-0.00528686	-3.73848   	0.0645383  
  3.1932  	2.15844    	-0.00528418	-3.73791   	0.0645323  
  3.1933  	2.15844    	-0.00528152	-3.73735   	0.0645262  
  3.1934  	2.15843    	-0.00527885	-3.73678   	0.0645201  
  3.1935  	2.15842    	-0.00527618	-3.73621   	0.0645141  
  3.1936  	2.15842    	-0.00527352	-3.73565   	0.064508   
  3.1937  	2.15841    	-0.00527086	-3.73508   	0.0645019  
  3.1938  	2.1584     	-0.0052682 	-3.73452   	0.0644959  
  3.1939  	2.1584     	-0.00526554	-3.73395   	0.0644898  
  3.194   	2.15839    	-0.00526289	-3.73338   	0.0644838  
  3.1941  	2.15839    	-0.00526023	-3.73282   	0.0644777  
  3.1942  	2.15838    	-0.00525758	-3.73225   	0.0644717  
  3.1943  	2.15837    	-0.00525493	-3.73169   	0.0644656  
  3.1944  	2.15837    	-0.00525228	-3.73112   	0.0644596  
  3.1945  	2.15836    	-0.00524964	-3.73056   	0.0644535  
  3.1946  	2.15835    	-0.00524699	-3.72999   	0.0644474  
  3.1947  	2.15835    	-0.00524435	-3.72943   	0.0644414  
  3.1948  	2.15834    	-0.00524171	-3.72886   	0.0644353  
  3.1949  	2.15833    	-0.00523908	-3.7283    	0.0644293  
  3.195   	2.15833    	-0.00523644	-3.72773   	0.0644232  
  3.1951  	2.15832    	-0.00523381	-3.72717   	0.0644172  
  3.1952  	2.15831    	-0.00523117	-3.7266    	0.0644112  
  3.1953  	2.15831    	-0.00522854	-3.72604   	0.0644051  
  3.1954  	2.1583     	-0.00522592	-3.72547   	0.0643991  
  3.1955  	2.15829    	-0.00522329	-3.72491   	0.064393   
  3.1956  	2.15829    	-0.00522067	-3.72434   	0.064387   
  3.1957  	2.15828    	-0.00521805	-3.72378   	0.0643809  
  3.1958  	2.15828    	-0.00521543	-3.72321   	0.0643749  
  3.1959  	2.15827    	-0.00521281	-3.72265   	0.0643688  
  3.196   	2.15826    	-0.00521019	-3.72208   	0.0643628  
  3.1961  	2.15826    	-0.00520758	-3.72152   	0.0643568  
  3.1962  	2.15825    	-0.00520496	-3.72095   	0.0643507  
  3.1963  	2.15824    	-0.00520235	-3.72039   	0.0643447  
  3.1964  	2.15824    	-0.00519975	-3.71983   	0.0643386  
  3.1965  	2.15823    	-0.00519714	-3.71926   	0.0643326  
  3.1966  	2.15822    	-0.00519453	-3.7187    	0.0643266  
  3.1967  	2.15822    	-0.00519193	-3.71813   	0.0643205  
  3.1968  	2.15821    	-0.00518933	-3.71757   	0.0643145  
  3.1969  	2.1582     	-0.00518673	-3.717     	0.0643085  
  3.197   	2.1582     	-0.00518414	-3.71644   	0.0643024  
  3.1971  	2.15819    	-0.00518154	-3.71588   	0.0642964  
  3.1972  	2.15819    	-0.00517895	-3.71531   	0.0642904  
  3.1973  	2.15818    	-0.00517636	-3.71475   	0.0642843  
  3.1974  	2.15817    	-0.00517377	-3.71418   	0.0642783  
  3.1975  	2.15817    	-0.00517118	-3.71362   	0.0642723  
  3.1976  	2.15816    	-0.0051686 	-3.71306   	0.0642662  
  3.1977  	2.15815    	-0.00516601	-3.71249   	0.0642602  
  3.1978  	2.15815    	-0.00516343	-3.71193   	0.0642542  
  3.1979  	2.15814    	-0.00516085	-3.71137   	0.0642481  
  3.198   	2.15813    	-0.00515827	-3.7108    	0.0642421  
  3.1981  	2.15813    	-0.0051557 	-3.71024   	0.0642361  
  3.1982  	2.15812    	-0.00515312	-3.70968   	0.0642301  
  3.1983  	2.15812    	-0.00515055	-3.70911   	0.064224   
  3.1984  	2.15811    	-0.00514798	-3.70855   	0.064218   
  3.1985  	2.1581     	-0.00514541	-3.70799   	0.064212   
  3.1986  	2.1581     	-0.00514285	-3.70742   	0.064206   
  3.1987  	2.15809    	-0.00514028	-3.70686   	0.0642     
  3.1988  	2.15808    	-0.00513772	-3.7063    	0.0641939  
  3.1989  	2.15808    	-0.00513516	-3.70573   	0.0641879  
  3.199   	2.15807    	-0.0051326 	-3.70517   	0.0641819  
  3.1991  	2.15806    	-0.00513005	-3.70461   	0.0641759  
  3.1992  	2.15806    	-0.00512749	-3.70404   	0.0641699  
  3.1993  	2.15805    	-0.00512494	-3.70348   	0.0641638  
  3.1994  	2.15805    	-0.00512239	-3.70292   	0.0641578  
  3.1995  	2.15804    	-0.00511984	-3.70236   	0.0641518  
  3.1996  	2.15803    	-0.00511729	-3.70179   	0.0641458  
  3.1997  	2.15803    	-0.00511474	-3.70123   	0.0641398  
  3.1998  	2.15802    	-0.0051122 	-3.70067   	0.0641338  
  3.1999  	2.15801    	-0.00510966	-3.70011   	0.0641278  
  3.2     	2.15801    	-0.00510712	-3.69954   	0.0641217  
  3.2001  	2.158      	-0.00510458	-3.69898   	0.0641157  
  3.2002  	2.15799    	-0.00510205	-3.69842   	0.0641097  
  3.2003  	2.15799    	-0.00509951	-3.69786   	0.0641037  
  3.2004  	2.15798    	-0.00509698	-3.69729   	0.0640977  
  3.2005  	2.15798    	-0.00509445	-3.69673   	0.0640917  
  3.2006  	2.15797    	-0.00509192	-3.69617   	0.0640857  
  3.2007  	2.15796    	-0.00508939	-3.69561   	0.0640797  
  3.2008  	2.15796    	-0.00508687	-3.69505   	0.0640737  
  3.2009  	2.15795    	-0.00508434	-3.69448   	0.0640677  
  3.201   	2.15794    	-0.00508182	-3.69392   	0.0640617  
  3.2011  	2.15794    	-0.0050793 	-3.69336   	0.0640557  
  3.2012  	2.15793    	-0.00507679	-3.6928    	0.0640497  
  3.2013  	2.15793    	-0.00507427	-3.69224   	0.0640437  
  3.2014  	2.15792    	-0.00507176	-3.69167   	0.0640377  
  3.2015  	2.15791    	-0.00506924	-3.69111   	0.0640317  
  3.2016  	2.15791    	-0.00506673	-3.69055   	0.0640257  
  3.2017  	2.1579     	-0.00506423	-3.68999   	0.0640197  
  3.2018  	2.15789    	-0.00506172	-3.68943   	0.0640137  
  3.2019  	2.15789    	-0.00505922	-3.68887   	0.0640077  
  3.202   	2.15788    	-0.00505671	-3.6883    	0.0640017  
  3.2021  	2.15788    	-0.00505421	-3.68774   	0.0639957  
  3.2022  	2.15787    	-0.00505171	-3.68718   	0.0639897  
  3.2023  	2.15786    	-0.00504922	-3.68662   	0.0639837  
  3.2024  	2.15786    	-0.00504672	-3.68606   	0.0639777  
  3.2025  	2.15785    	-0.00504423	-3.6855    	0.0639717  
  3.2026  	2.15784    	-0.00504173	-3.68494   	0.0639657  
  3.2027  	2.15784    	-0.00503924	-3.68438   	0.0639597  
  3.2028  	2.15783    	-0.00503676	-3.68382   	0.0639537  
  3.2029  	2.15783    	-0.00503427	-3.68325   	0.0639477  
  3.203   	2.15782    	-0.00503179	-3.68269   	0.0639417  
  3.2031  	2.15781    	-0.0050293 	-3.68213   	0.0639358  
  3.2032  	2.15781    	-0.00502682	-3.68157   	0.0639298  
  3.2033  	2.1578     	-0.00502434	-3.68101   	0.0639238  
  3.2034  	2.15779    	-0.00502187	-3.68045   	0.0639178  
  3.2035  	2.15779    	-0.00501939	-3.67989   	0.0639118  
  3.2036  	2.15778    	-0.00501692	-3.67933   	0.0639058  
  3.2037  	2.15778    	-0.00501444	-3.67877   	0.0638998  
  3.2038  	2.15777    	-0.00501197	-3.67821   	0.0638939  
  3.2039  	2.15776    	-0.00500951	-3.67765   	0.0638879  
  3.204   	2.15776    	-0.00500704	-3.67709   	0.0638819  
  3.2041  	2.15775    	-0.00500457	-3.67653   	0.0638759  
  3.2042  	2.15774    	-0.00500211	-3.67597   	0.0638699  
  3.2043  	2.15774    	-0.00499965	-3.67541   	0.063864   
  3.2044  	2.15773    	-0.00499719	-3.67485   	0.063858   
  3.2045  	2.15773    	-0.00499473	-3.67429   	0.063852   
  3.2046  	2.15772    	-0.00499228	-3.67373   	0.063846   
  3.2047  	2.15771    	-0.00498982	-3.67317   	0.06384    
  3.2048  	2.15771    	-0.00498737	-3.67261   	0.0638341  
  3.2049  	2.1577     	-0.00498492	-3.67205   	0.0638281  
  3.205   	2.1577     	-0.00498247	-3.67149   	0.0638221  
  3.2051  	2.15769    	-0.00498003	-3.67093   	0.0638161  
  3.2052  	2.15768    	-0.00497758	-3.67037   	0.0638102  
  3.2053  	2.15768    	-0.00497514	-3.66981   	0.0638042  
  3.2054  	2.15767    	-0.0049727 	-3.66925   	0.0637982  
  3.2055  	2.15766    	-0.00497026	-3.66869   	0.0637923  
  3.2056  	2.15766    	-0.00496782	-3.66813   	0.0637863  
  3.2057  	2.15765    	-0.00496538	-3.66757   	0.0637803  
  3.2058  	2.15765    	-0.00496295	-3.66701   	0.0637744  
  3.2059  	2.15764    	-0.00496052	-3.66645   	0.0637684  
  3.206   	2.15763    	-0.00495809	-3.66589   	0.0637624  
  3.2061  	2.15763    	-0.00495566	-3.66533   	0.0637565  
  3.2062  	2.15762    	-0.00495323	-3.66477   	0.0637505  
  3.2063  	2.15762    	-0.0049508 	-3.66421   	0.0637445  
  3.2064  	2.15761    	-0.00494838	-3.66365   	0.0637386  
  3.2065  	2.1576     	-0.00494596	-3.6631    	0.0637326  
  3.2066  	2.1576     	-0.00494354	-3.66254   	0.0637266  
  3.2067  	2.15759    	-0.00494112	-3.66198   	0.0637207  
  3.2068  	2.15758    	-0.0049387 	-3.66142   	0.0637147  
  3.2069  	2.15758    	-0.00493629	-3.66086   	0.0637088  
  3.207   	2.15757    	-0.00493387	-3.6603    	0.0637028  
  3.2071  	2.15757    	-0.00493146	-3.65974   	0.0636968  
  3.2072  	2.15756    	-0.00492905	-3.65918   	0.0636909  
  3.2073  	2.15755    	-0.00492665	-3.65862   	0.0636849  
  3.2074  	2.15755    	-0.00492424	-3.65807   	0.063679   
  3.2075  	2.15754    	-0.00492183	-3.65751   	0.063673   
  3.2076  	2.15754    	-0.00491943	-3.65695   	0.0636671  
  3.2077  	2.15753    	-0.00491703	-3.65639   	0.0636611  
  3.2078  	2.15752    	-0.00491463	-3.65583   	0.0636551  
  3.2079  	2.15752    	-0.00491223	-3.65527   	0.0636492  
  3.208   	2.15751    	-0.00490984	-3.65472   	0.0636432  
  3.2081  	2.1575     	-0.00490744	-3.65416   	0.0636373  
  3.2082  	2.1575     	-0.00490505	-3.6536    	0.0636313  
  3.2083  	2.15749    	-0.00490266	-3.65304   	0.0636254  
  3.2084  	2.15749    	-0.00490027	-3.65248   	0.0636194  
  3.2085  	2.15748    	-0.00489788	-3.65193   	0.0636135  
  3.2086  	2.15747    	-0.0048955 	-3.65137   	0.0636075  
  3.2087  	2.15747    	-0.00489312	-3.65081   	0.0636016  
  3.2088  	2.15746    	-0.00489073	-3.65025   	0.0635957  
  3.2089  	2.15746    	-0.00488835	-3.64969   	0.0635897  
  3.209   	2.15745    	-0.00488597	-3.64914   	0.0635838  
  3.2091  	2.15744    	-0.0048836 	-3.64858   	0.0635778  
  3.2092  	2.15744    	-0.00488122	-3.64802   	0.0635719  
  3.2093  	2.15743    	-0.00487885	-3.64746   	0.0635659  
  3.2094  	2.15743    	-0.00487648	-3.64691   	0.06356    
  3.2095  	2.15742    	-0.00487411	-3.64635   	0.0635541  
  3.2096  	2.15741    	-0.00487174	-3.64579   	0.0635481  
  3.2097  	2.15741    	-0.00486937	-3.64523   	0.0635422  
  3.2098  	2.1574     	-0.00486701	-3.64468   	0.0635362  
  3.2099  	2.1574     	-0.00486464	-3.64412   	0.0635303  
  3.21    	2.15739    	-0.00486228	-3.64356   	0.0635244  
  3.2101  	2.15738    	-0.00485992	-3.643     	0.0635184  
  3.2102  	2.15738    	-0.00485757	-3.64245   	0.0635125  
  3.2103  	2.15737    	-0.00485521	-3.64189   	0.0635066  
  3.2104  	2.15737    	-0.00485285	-3.64133   	0.0635006  
  3.2105  	2.15736    	-0.0048505 	-3.64078   	0.0634947  
  3.2106  	2.15735    	-0.00484815	-3.64022   	0.0634888  
  3.2107  	2.15735    	-0.0048458 	-3.63966   	0.0634828  
  3.2108  	2.15734    	-0.00484345	-3.63911   	0.0634769  
  3.2109  	2.15734    	-0.00484111	-3.63855   	0.063471   
  3.211   	2.15733    	-0.00483876	-3.63799   	0.063465   
  3.2111  	2.15732    	-0.00483642	-3.63744   	0.0634591  
  3.2112  	2.15732    	-0.00483408	-3.63688   	0.0634532  
  3.2113  	2.15731    	-0.00483174	-3.63632   	0.0634472  
  3.2114  	2.15731    	-0.0048294 	-3.63577   	0.0634413  
  3.2115  	2.1573     	-0.00482706	-3.63521   	0.0634354  
  3.2116  	2.15729    	-0.00482473	-3.63465   	0.0634295  
  3.2117  	2.15729    	-0.0048224 	-3.6341    	0.0634235  
  3.2118  	2.15728    	-0.00482006	-3.63354   	0.0634176  
  3.2119  	2.15728    	-0.00481774	-3.63298   	0.0634117  
  3.212   	2.15727    	-0.00481541	-3.63243   	0.0634058  
  3.2121  	2.15726    	-0.00481308	-3.63187   	0.0633999  
  3.2122  	2.15726    	-0.00481076	-3.63132   	0.0633939  
  3.2123  	2.15725    	-0.00480843	-3.63076   	0.063388   
  3.2124  	2.15725    	-0.00480611	-3.6302    	0.0633821  
  3.2125  	2.15724    	-0.00480379	-3.62965   	0.0633762  
  3.2126  	2.15723    	-0.00480148	-3.62909   	0.0633703  
  3.2127  	2.15723    	-0.00479916	-3.62854   	0.0633643  
  3.2128  	2.15722    	-0.00479684	-3.62798   	0.0633584  
  3.2129  	2.15722    	-0.00479453	-3.62742   	0.0633525  
  3.213   	2.15721    	-0.00479222	-3.62687   	0.0633466  
  3.2131  	2.1572     	-0.00478991	-3.62631   	0.0633407  
  3.2132  	2.1572     	-0.0047876 	-3.62576   	0.0633348  
  3.2133  	2.15719    	-0.0047853 	-3.6252    	0.0633289  
  3.2134  	2.15719    	-0.00478299	-3.62465   	0.0633229  
  3.2135  	2.15718    	-0.00478069	-3.62409   	0.063317   
  3.2136  	2.15717    	-0.00477839	-3.62354   	0.0633111  
  3.2137  	2.15717    	-0.00477609	-3.62298   	0.0633052  
  3.2138  	2.15716    	-0.00477379	-3.62243   	0.0632993  
  3.2139  	2.15716    	-0.00477149	-3.62187   	0.0632934  
  3.214   	2.15715    	-0.0047692 	-3.62131   	0.0632875  
  3.2141  	2.15714    	-0.00476691	-3.62076   	0.0632816  
  3.2142  	2.15714    	-0.00476461	-3.6202    	0.0632757  
  3.2143  	2.15713    	-0.00476232	-3.61965   	0.0632698  
  3.2144  	2.15713    	-0.00476004	-3.61909   	0.0632639  
  3.2145  	2.15712    	-0.00475775	-3.61854   	0.063258   
  3.2146  	2.15711    	-0.00475546	-3.61799   	0.0632521  
  3.2147  	2.15711    	-0.00475318	-3.61743   	0.0632462  
  3.2148  	2.1571     	-0.0047509 	-3.61688   	0.0632403  
  3.2149  	2.1571     	-0.00474862	-3.61632   	0.0632344  
  3.215   	2.15709    	-0.00474634	-3.61577   	0.0632285  
  3.2151  	2.15709    	-0.00474406	-3.61521   	0.0632226  
  3.2152  	2.15708    	-0.00474179	-3.61466   	0.0632167  
  3.2153  	2.15707    	-0.00473951	-3.6141    	0.0632108  
  3.2154  	2.15707    	-0.00473724	-3.61355   	0.0632049  
  3.2155  	2.15706    	-0.00473497	-3.61299   	0.063199   
  3.2156  	2.15706    	-0.0047327 	-3.61244   	0.0631931  
  3.2157  	2.15705    	-0.00473044	-3.61189   	0.0631872  
  3.2158  	2.15704    	-0.00472817	-3.61133   	0.0631813  
  3.2159  	2.15704    	-0.00472591	-3.61078   	0.0631754  
  3.216   	2.15703    	-0.00472364	-3.61022   	0.0631695  
  3.2161  	2.15703    	-0.00472138	-3.60967   	0.0631636  
  3.2162  	2.15702    	-0.00471912	-3.60911   	0.0631577  
  3.2163  	2.15701    	-0.00471687	-3.60856   	0.0631518  
  3.2164  	2.15701    	-0.00471461	-3.60801   	0.0631459  
  3.2165  	2.157      	-0.00471236	-3.60745   	0.06314    
  3.2166  	2.157      	-0.0047101 	-3.6069    	0.0631341  
  3.2167  	2.15699    	-0.00470785	-3.60635   	0.0631283  
  3.2168  	2.15699    	-0.0047056 	-3.60579   	0.0631224  
  3.2169  	2.15698    	-0.00470336	-3.60524   	0.0631165  
  3.217   	2.15697    	-0.00470111	-3.60468   	0.0631106  
  3.2171  	2.15697    	-0.00469886	-3.60413   	0.0631047  
  3.2172  	2.15696    	-0.00469662	-3.60358   	0.0630988  
  3.2173  	2.15696    	-0.00469438	-3.60302   	0.0630929  
  3.2174  	2.15695    	-0.00469214	-3.60247   	0.0630871  
  3.2175  	2.15694    	-0.0046899 	-3.60192   	0.0630812  
  3.2176  	2.15694    	-0.00468766	-3.60136   	0.0630753  
  3.2177  	2.15693    	-0.00468543	-3.60081   	0.0630694  
  3.2178  	2.15693    	-0.00468319	-3.60026   	0.0630635  
  3.2179  	2.15692    	-0.00468096	-3.5997    	0.0630577  
  3.218   	2.15692    	-0.00467873	-3.59915   	0.0630518  
  3.2181  	2.15691    	-0.0046765 	-3.5986    	0.0630459  
  3.2182  	2.1569     	-0.00467428	-3.59805   	0.06304    
  3.2183  	2.1569     	-0.00467205	-3.59749   	0.0630342  
  3.2184  	2.15689    	-0.00466983	-3.59694   	0.0630283  
  3.2185  	2.15689    	-0.0046676 	-3.59639   	0.0630224  
  3.2186  	2.15688    	-0.00466538	-3.59583   	0.0630165  
  3.2187  	2.15687    	-0.00466316	-3.59528   	0.0630107  
  3.2188  	2.15687    	-0.00466094	-3.59473   	0.0630048  
  3.2189  	2.15686    	-0.00465873	-3.59418   	0.0629989  
  3.219   	2.15686    	-0.00465651	-3.59362   	0.062993   
  3.2191  	2.15685    	-0.0046543 	-3.59307   	0.0629872  
  3.2192  	2.15685    	-0.00465209	-3.59252   	0.0629813  
  3.2193  	2.15684    	-0.00464988	-3.59197   	0.0629754  
  3.2194  	2.15683    	-0.00464767	-3.59141   	0.0629696  
  3.2195  	2.15683    	-0.00464546	-3.59086   	0.0629637  
  3.2196  	2.15682    	-0.00464326	-3.59031   	0.0629578  
  3.2197  	2.15682    	-0.00464105	-3.58976   	0.062952   
  3.2198  	2.15681    	-0.00463885	-3.5892    	0.0629461  
  3.2199  	2.15681    	-0.00463665	-3.58865   	0.0629402  
  3.22    	2.1568     	-0.00463445	-3.5881    	0.0629344  
  3.2201  	2.15679    	-0.00463225	-3.58755   	0.0629285  
  3.2202  	2.15679    	-0.00463006	-3.587     	0.0629227  
  3.2203  	2.15678    	-0.00462786	-3.58644   	0.0629168  
  3.2204  	2.15678    	-0.00462567	-3.58589   	0.0629109  
  3.2205  	2.15677    	-0.00462348	-3.58534   	0.0629051  
  3.2206  	2.15676    	-0.00462129	-3.58479   	0.0628992  
  3.2207  	2.15676    	-0.0046191 	-3.58424   	0.0628934  
  3.2208  	2.15675    	-0.00461691	-3.58369   	0.0628875  
  3.2209  	2.15675    	-0.00461473	-3.58313   	0.0628816  
  3.221   	2.15674    	-0.00461254	-3.58258   	0.0628758  
  3.2211  	2.15674    	-0.00461036	-3.58203   	0.0628699  
  3.2212  	2.15673    	-0.00460818	-3.58148   	0.0628641  
  3.2213  	2.15672    	-0.004606  	-3.58093   	0.0628582  
  3.2214  	2.15672    	-0.00460382	-3.58038   	0.0628524  
  3.2215  	2.15671    	-0.00460165	-3.57983   	0.0628465  
  3.2216  	2.15671    	-0.00459947	-3.57927   	0.0628407  
  3.2217  	2.1567     	-0.0045973 	-3.57872   	0.0628348  
  3.2218  	2.1567     	-0.00459513	-3.57817   	0.062829   
  3.2219  	2.15669    	-0.00459296	-3.57762   	0.0628231  
  3.222   	2.15668    	-0.00459079	-3.57707   	0.0628173  
  3.2221  	2.15668    	-0.00458862	-3.57652   	0.0628114  
  3.2222  	2.15667    	-0.00458645	-3.57597   	0.0628056  
  3.2223  	2.15667    	-0.00458429	-3.57542   	0.0627997  
  3.2224  	2.15666    	-0.00458213	-3.57487   	0.0627939  
  3.2225  	2.15666    	-0.00457997	-3.57432   	0.062788   
  3.2226  	2.15665    	-0.00457781	-3.57376   	0.0627822  
  3.2227  	2.15664    	-0.00457565	-3.57321   	0.0627763  
  3.2228  	2.15664    	-0.00457349	-3.57266   	0.0627705  
  3.2229  	2.15663    	-0.00457134	-3.57211   	0.0627646  
  3.223   	2.15663    	-0.00456918	-3.57156   	0.0627588  
  3.2231  	2.15662    	-0.00456703	-3.57101   	0.062753   
  3.2232  	2.15662    	-0.00456488	-3.57046   	0.0627471  
  3.2233  	2.15661    	-0.00456273	-3.56991   	0.0627413  
  3.2234  	2.1566     	-0.00456059	-3.56936   	0.0627354  
  3.2235  	2.1566     	-0.00455844	-3.56881   	0.0627296  
  3.2236  	2.15659    	-0.00455629	-3.56826   	0.0627238  
  3.2237  	2.15659    	-0.00455415	-3.56771   	0.0627179  
  3.2238  	2.15658    	-0.00455201	-3.56716   	0.0627121  
  3.2239  	2.15658    	-0.00454987	-3.56661   	0.0627063  
  3.224   	2.15657    	-0.00454773	-3.56606   	0.0627004  
  3.2241  	2.15656    	-0.00454559	-3.56551   	0.0626946  
  3.2242  	2.15656    	-0.00454346	-3.56496   	0.0626888  
  3.2243  	2.15655    	-0.00454133	-3.56441   	0.0626829  
  3.2244  	2.15655    	-0.00453919	-3.56386   	0.0626771  
  3.2245  	2.15654    	-0.00453706	-3.56331   	0.0626713  
  3.2246  	2.15654    	-0.00453493	-3.56276   	0.0626654  
  3.2247  	2.15653    	-0.0045328 	-3.56221   	0.0626596  
  3.2248  	2.15652    	-0.00453068	-3.56166   	0.0626538  
  3.2249  	2.15652    	-0.00452855	-3.56111   	0.0626479  
  3.225   	2.15651    	-0.00452643	-3.56056   	0.0626421  
  3.2251  	2.15651    	-0.00452431	-3.56001   	0.0626363  
  3.2252  	2.1565     	-0.00452219	-3.55946   	0.0626305  
  3.2253  	2.1565     	-0.00452007	-3.55891   	0.0626246  
  3.2254  	2.15649    	-0.00451795	-3.55837   	0.0626188  
  3.2255  	2.15649    	-0.00451583	-3.55782   	0.062613   
  3.2256  	2.15648    	-0.00451372	-3.55727   	0.0626072  
  3.2257  	2.15647    	-0.0045116 	-3.55672   	0.0626013  
  3.2258  	2.15647    	-0.00450949	-3.55617   	0.0625955  
  3.2259  	2.15646    	-0.00450738	-3.55562   	0.0625897  
  3.226   	2.15646    	-0.00450527	-3.55507   	0.0625839  
  3.2261  	2.15645    	-0.00450316	-3.55452   	0.0625781  
  3.2262  	2.15645    	-0.00450106	-3.55397   	0.0625722  
  3.2263  	2.15644    	-0.00449895	-3.55342   	0.0625664  
  3.2264  	2.15643    	-0.00449685	-3.55288   	0.0625606  
  3.2265  	2.15643    	-0.00449475	-3.55233   	0.0625548  
  3.2266  	2.15642    	-0.00449265	-3.55178   	0.062549   
  3.2267  	2.15642    	-0.00449055	-3.55123   	0.0625432  
  3.2268  	2.15641    	-0.00448845	-3.55068   	0.0625374  
  3.2269  	2.15641    	-0.00448636	-3.55013   	0.0625315  
  3.227   	2.1564     	-0.00448426	-3.54958   	0.0625257  
  3.2271  	2.1564     	-0.00448217	-3.54904   	0.0625199  
  3.2272  	2.15639    	-0.00448008	-3.54849   	0.0625141  
  3.2273  	2.15638    	-0.00447799	-3.54794   	0.0625083  
  3.2274  	2.15638    	-0.0044759 	-3.54739   	0.0625025  
  3.2275  	2.15637    	-0.00447381	-3.54684   	0.0624967  
  3.2276  	2.15637    	-0.00447173	-3.54629   	0.0624909  
  3.2277  	2.15636    	-0.00446964	-3.54575   	0.0624851  
  3.2278  	2.15636    	-0.00446756	-3.5452    	0.0624792  
  3.2279  	2.15635    	-0.00446548	-3.54465   	0.0624734  
  3.228   	2.15635    	-0.0044634 	-3.5441    	0.0624676  
  3.2281  	2.15634    	-0.00446132	-3.54355   	0.0624618  
  3.2282  	2.15633    	-0.00445924	-3.54301   	0.062456   
  3.2283  	2.15633    	-0.00445717	-3.54246   	0.0624502  
  3.2284  	2.15632    	-0.00445509	-3.54191   	0.0624444  
  3.2285  	2.15632    	-0.00445302	-3.54136   	0.0624386  
  3.2286  	2.15631    	-0.00445095	-3.54082   	0.0624328  
  3.2287  	2.15631    	-0.00444888	-3.54027   	0.062427   
  3.2288  	2.1563     	-0.00444681	-3.53972   	0.0624212  
  3.2289  	2.1563     	-0.00444474	-3.53917   	0.0624154  
  3.229   	2.15629    	-0.00444268	-3.53863   	0.0624096  
  3.2291  	2.15628    	-0.00444061	-3.53808   	0.0624038  
  3.2292  	2.15628    	-0.00443855	-3.53753   	0.062398   
  3.2293  	2.15627    	-0.00443649	-3.53698   	0.0623922  
  3.2294  	2.15627    	-0.00443443	-3.53644   	0.0623864  
  3.2295  	2.15626    	-0.00443237	-3.53589   	0.0623806  
  3.2296  	2.15626    	-0.00443031	-3.53534   	0.0623748  
  3.2297  	2.15625    	-0.00442826	-3.53479   	0.062369   
  3.2298  	2.15625    	-0.0044262 	-3.53425   	0.0623633  
  3.2299  	2.15624    	-0.00442415	-3.5337    	0.0623575  
  3.23    	2.15623    	-0.0044221 	-3.53315   	0.0623517  
  3.2301  	2.15623    	-0.00442005	-3.53261   	0.0623459  
  3.2302  	2.15622    	-0.004418  	-3.53206   	0.0623401  
  3.2303  	2.15622    	-0.00441595	-3.53151   	0.0623343  
  3.2304  	2.15621    	-0.00441391	-3.53097   	0.0623285  
  3.2305  	2.15621    	-0.00441186	-3.53042   	0.0623227  
  3.2306  	2.1562     	-0.00440982	-3.52987   	0.0623169  
  3.2307  	2.1562     	-0.00440778	-3.52933   	0.0623112  
  3.2308  	2.15619    	-0.00440574	-3.52878   	0.0623054  
  3.2309  	2.15618    	-0.0044037 	-3.52823   	0.0622996  
  3.231   	2.15618    	-0.00440166	-3.52769   	0.0622938  
  3.2311  	2.15617    	-0.00439963	-3.52714   	0.062288   
  3.2312  	2.15617    	-0.00439759	-3.52659   	0.0622822  
  3.2313  	2.15616    	-0.00439556	-3.52605   	0.0622765  
  3.2314  	2.15616    	-0.00439353	-3.5255    	0.0622707  
  3.2315  	2.15615    	-0.0043915 	-3.52496   	0.0622649  
  3.2316  	2.15615    	-0.00438947	-3.52441   	0.0622591  
  3.2317  	2.15614    	-0.00438744	-3.52386   	0.0622533  
  3.2318  	2.15614    	-0.00438541	-3.52332   	0.0622476  
  3.2319  	2.15613    	-0.00438339	-3.52277   	0.0622418  
  3.232   	2.15612    	-0.00438137	-3.52223   	0.062236   
  3.2321  	2.15612    	-0.00437934	-3.52168   	0.0622302  
  3.2322  	2.15611    	-0.00437732	-3.52113   	0.0622244  
  3.2323  	2.15611    	-0.0043753 	-3.52059   	0.0622187  
  3.2324  	2.1561     	-0.00437328	-3.52004   	0.0622129  
  3.2325  	2.1561     	-0.00437127	-3.5195    	0.0622071  
  3.2326  	2.15609    	-0.00436925	-3.51895   	0.0622013  
  3.2327  	2.15609    	-0.00436724	-3.51841   	0.0621956  
  3.2328  	2.15608    	-0.00436523	-3.51786   	0.0621898  
  3.2329  	2.15607    	-0.00436322	-3.51731   	0.062184   
  3.233   	2.15607    	-0.00436121	-3.51677   	0.0621783  
  3.2331  	2.15606    	-0.0043592 	-3.51622   	0.0621725  
  3.2332  	2.15606    	-0.00435719	-3.51568   	0.0621667  
  3.2333  	2.15605    	-0.00435519	-3.51513   	0.062161   
  3.2334  	2.15605    	-0.00435318	-3.51459   	0.0621552  
  3.2335  	2.15604    	-0.00435118	-3.51404   	0.0621494  
  3.2336  	2.15604    	-0.00434918	-3.5135    	0.0621437  
  3.2337  	2.15603    	-0.00434718	-3.51295   	0.0621379  
  3.2338  	2.15603    	-0.00434518	-3.51241   	0.0621321  
  3.2339  	2.15602    	-0.00434318	-3.51186   	0.0621264  
  3.234   	2.15601    	-0.00434118	-3.51132   	0.0621206  
  3.2341  	2.15601    	-0.00433919	-3.51077   	0.0621148  
  3.2342  	2.156      	-0.0043372 	-3.51023   	0.0621091  
  3.2343  	2.156      	-0.00433521	-3.50968   	0.0621033  
  3.2344  	2.15599    	-0.00433321	-3.50914   	0.0620976  
  3.2345  	2.15599    	-0.00433123	-3.50859   	0.0620918  
  3.2346  	2.15598    	-0.00432924	-3.50805   	0.062086   
  3.2347  	2.15598    	-0.00432725	-3.5075    	0.0620803  
  3.2348  	2.15597    	-0.00432527	-3.50696   	0.0620745  
  3.2349  	2.15597    	-0.00432328	-3.50642   	0.0620688  
  3.235   	2.15596    	-0.0043213 	-3.50587   	0.062063   
  3.2351  	2.15596    	-0.00431932	-3.50533   	0.0620573  
  3.2352  	2.15595    	-0.00431734	-3.50478   	0.0620515  
  3.2353  	2.15594    	-0.00431536	-3.50424   	0.0620458  
  3.2354  	2.15594    	-0.00431338	-3.50369   	0.06204    
  3.2355  	2.15593    	-0.00431141	-3.50315   	0.0620342  
  3.2356  	2.15593    	-0.00430943	-3.50261   	0.0620285  
  3.2357  	2.15592    	-0.00430746	-3.50206   	0.0620227  
  3.2358  	2.15592    	-0.00430549	-3.50152   	0.062017   
  3.2359  	2.15591    	-0.00430352	-3.50097   	0.0620112  
  3.236   	2.15591    	-0.00430155	-3.50043   	0.0620055  
  3.2361  	2.1559     	-0.00429958	-3.49989   	0.0619998  
  3.2362  	2.1559     	-0.00429762	-3.49934   	0.061994   
  3.2363  	2.15589    	-0.00429565	-3.4988    	0.0619883  
  3.2364  	2.15589    	-0.00429369	-3.49825   	0.0619825  
  3.2365  	2.15588    	-0.00429172	-3.49771   	0.0619768  
  3.2366  	2.15587    	-0.00428976	-3.49717   	0.061971   
  3.2367  	2.15587    	-0.0042878 	-3.49662   	0.0619653  
  3.2368  	2.15586    	-0.00428585	-3.49608   	0.0619595  
  3.2369  	2.15586    	-0.00428389	-3.49554   	0.0619538  
  3.237   	2.15585    	-0.00428193	-3.49499   	0.0619481  
  3.2371  	2.15585    	-0.00427998	-3.49445   	0.0619423  
  3.2372  	2.15584    	-0.00427803	-3.49391   	0.0619366  
  3.2373  	2.15584    	-0.00427607	-3.49336   	0.0619308  
  3.2374  	2.15583    	-0.00427412	-3.49282   	0.0619251  
  3.2375  	2.15583    	-0.00427217	-3.49228   	0.0619194  
  3.2376  	2.15582    	-0.00427023	-3.49173   	0.0619136  
  3.2377  	2.15582    	-0.00426828	-3.49119   	0.0619079  
  3.2378  	2.15581    	-0.00426633	-3.49065   	0.0619021  
  3.2379  	2.1558     	-0.00426439	-3.49011   	0.0618964  
  3.238   	2.1558     	-0.00426245	-3.48956   	0.0618907  
  3.2381  	2.15579    	-0.00426051	-3.48902   	0.0618849  
  3.2382  	2.15579    	-0.00425857	-3.48848   	0.0618792  
  3.2383  	2.15578    	-0.00425663	-3.48793   	0.0618735  
  3.2384  	2.15578    	-0.00425469	-3.48739   	0.0618677  
  3.2385  	2.15577    	-0.00425276	-3.48685   	0.061862   
  3.2386  	2.15577    	-0.00425082	-3.48631   	0.0618563  
  3.2387  	2.15576    	-0.00424889	-3.48576   	0.0618506  
  3.2388  	2.15576    	-0.00424696	-3.48522   	0.0618448  
  3.2389  	2.15575    	-0.00424503	-3.48468   	0.0618391  
  3.239   	2.15575    	-0.0042431 	-3.48414   	0.0618334  
  3.2391  	2.15574    	-0.00424117	-3.48359   	0.0618276  
  3.2392  	2.15574    	-0.00423924	-3.48305   	0.0618219  
  3.2393  	2.15573    	-0.00423732	-3.48251   	0.0618162  
  3.2394  	2.15572    	-0.00423539	-3.48197   	0.0618105  
  3.2395  	2.15572    	-0.00423347	-3.48142   	0.0618047  
  3.2396  	2.15571    	-0.00423155	-3.48088   	0.061799   
  3.2397  	2.15571    	-0.00422963	-3.48034   	0.0617933  
  3.2398  	2.1557     	-0.00422771	-3.4798    	0.0617876  
  3.2399  	2.1557     	-0.00422579	-3.47926   	0.0617819  
  3.24    	2.15569    	-0.00422387	-3.47871   	0.0617761  
  3.2401  	2.15569    	-0.00422196	-3.47817   	0.0617704  
  3.2402  	2.15568    	-0.00422004	-3.47763   	0.0617647  
  3.2403  	2.15568    	-0.00421813	-3.47709   	0.061759   
  3.2404  	2.15567    	-0.00421622	-3.47655   	0.0617533  
  3.2405  	2.15567    	-0.00421431	-3.47601   	0.0617476  
  3.2406  	2.15566    	-0.0042124 	-3.47546   	0.0617418  
  3.2407  	2.15566    	-0.00421049	-3.47492   	0.0617361  
  3.2408  	2.15565    	-0.00420859	-3.47438   	0.0617304  
  3.2409  	2.15565    	-0.00420668	-3.47384   	0.0617247  
  3.241   	2.15564    	-0.00420478	-3.4733    	0.061719   
  3.2411  	2.15564    	-0.00420288	-3.47276   	0.0617133  
  3.2412  	2.15563    	-0.00420098	-3.47222   	0.0617076  
  3.2413  	2.15562    	-0.00419908	-3.47167   	0.0617018  
  3.2414  	2.15562    	-0.00419718	-3.47113   	0.0616961  
  3.2415  	2.15561    	-0.00419528	-3.47059   	0.0616904  
  3.2416  	2.15561    	-0.00419338	-3.47005   	0.0616847  
  3.2417  	2.1556     	-0.00419149	-3.46951   	0.061679   
  3.2418  	2.1556     	-0.0041896 	-3.46897   	0.0616733  
  3.2419  	2.15559    	-0.0041877 	-3.46843   	0.0616676  
  3.242   	2.15559    	-0.00418581	-3.46789   	0.0616619  
  3.2421  	2.15558    	-0.00418392	-3.46735   	0.0616562  
  3.2422  	2.15558    	-0.00418204	-3.46681   	0.0616505  
  3.2423  	2.15557    	-0.00418015	-3.46627   	0.0616448  
  3.2424  	2.15557    	-0.00417826	-3.46572   	0.0616391  
  3.2425  	2.15556    	-0.00417638	-3.46518   	0.0616334  
  3.2426  	2.15556    	-0.00417449	-3.46464   	0.0616277  
  3.2427  	2.15555    	-0.00417261	-3.4641    	0.061622   
  3.2428  	2.15555    	-0.00417073	-3.46356   	0.0616163  
  3.2429  	2.15554    	-0.00416885	-3.46302   	0.0616106  
  3.243   	2.15554    	-0.00416697	-3.46248   	0.0616049  
  3.2431  	2.15553    	-0.0041651 	-3.46194   	0.0615992  
  3.2432  	2.15552    	-0.00416322	-3.4614    	0.0615935  
  3.2433  	2.15552    	-0.00416135	-3.46086   	0.0615878  
  3.2434  	2.15551    	-0.00415947	-3.46032   	0.0615821  
  3.2435  	2.15551    	-0.0041576 	-3.45978   	0.0615764  
  3.2436  	2.1555     	-0.00415573	-3.45924   	0.0615707  
  3.2437  	2.1555     	-0.00415386	-3.4587    	0.061565   
  3.2438  	2.15549    	-0.00415199	-3.45816   	0.0615593  
  3.2439  	2.15549    	-0.00415013	-3.45762   	0.0615536  
  3.244   	2.15548    	-0.00414826	-3.45708   	0.0615479  
  3.2441  	2.15548    	-0.0041464 	-3.45654   	0.0615422  
  3.2442  	2.15547    	-0.00414453	-3.456     	0.0615365  
  3.2443  	2.15547    	-0.00414267	-3.45546   	0.0615308  
  3.2444  	2.15546    	-0.00414081	-3.45492   	0.0615252  
  3.2445  	2.15546    	-0.00413895	-3.45438   	0.0615195  
  3.2446  	2.15545    	-0.00413709	-3.45384   	0.0615138  
  3.2447  	2.15545    	-0.00413524	-3.4533    	0.0615081  
  3.2448  	2.15544    	-0.00413338	-3.45276   	0.0615024  
  3.2449  	2.15544    	-0.00413153	-3.45222   	0.0614967  
  3.245   	2.15543    	-0.00412967	-3.45168   	0.061491   
  3.2451  	2.15543    	-0.00412782	-3.45114   	0.0614853  
  3.2452  	2.15542    	-0.00412597	-3.45061   	0.0614797  
  3.2453  	2.15542    	-0.00412412	-3.45007   	0.061474   
  3.2454  	2.15541    	-0.00412227	-3.44953   	0.0614683  
  3.2455  	2.15541    	-0.00412042	-3.44899   	0.0614626  
  3.2456  	2.1554     	-0.00411858	-3.44845   	0.0614569  
  3.2457  	2.15539    	-0.00411673	-3.44791   	0.0614513  
  3.2458  	2.15539    	-0.00411489	-3.44737   	0.0614456  
  3.2459  	2.15538    	-0.00411305	-3.44683   	0.0614399  
  3.246   	2.15538    	-0.00411121	-3.44629   	0.0614342  
  3.2461  	2.15537    	-0.00410937	-3.44575   	0.0614285  
  3.2462  	2.15537    	-0.00410753	-3.44522   	0.0614229  
  3.2463  	2.15536    	-0.00410569	-3.44468   	0.0614172  
  3.2464  	2.15536    	-0.00410385	-3.44414   	0.0614115  
  3.2465  	2.15535    	-0.00410202	-3.4436    	0.0614058  
  3.2466  	2.15535    	-0.00410019	-3.44306   	0.0614002  
  3.2467  	2.15534    	-0.00409835	-3.44252   	0.0613945  
  3.2468  	2.15534    	-0.00409652	-3.44198   	0.0613888  
  3.2469  	2.15533    	-0.00409469	-3.44144   	0.0613831  
  3.247   	2.15533    	-0.00409286	-3.44091   	0.0613775  
  3.2471  	2.15532    	-0.00409104	-3.44037   	0.0613718  
  3.2472  	2.15532    	-0.00408921	-3.43983   	0.0613661  
  3.2473  	2.15531    	-0.00408738	-3.43929   	0.0613605  
  3.2474  	2.15531    	-0.00408556	-3.43875   	0.0613548  
  3.2475  	2.1553     	-0.00408374	-3.43822   	0.0613491  
  3.2476  	2.1553     	-0.00408192	-3.43768   	0.0613435  
  3.2477  	2.15529    	-0.0040801 	-3.43714   	0.0613378  
  3.2478  	2.15529    	-0.00407828	-3.4366    	0.0613321  
  3.2479  	2.15528    	-0.00407646	-3.43606   	0.0613265  
  3.248   	2.15528    	-0.00407464	-3.43553   	0.0613208  
  3.2481  	2.15527    	-0.00407283	-3.43499   	0.0613151  
  3.2482  	2.15527    	-0.00407101	-3.43445   	0.0613095  
  3.2483  	2.15526    	-0.0040692 	-3.43391   	0.0613038  
  3.2484  	2.15526    	-0.00406739	-3.43337   	0.0612982  
  3.2485  	2.15525    	-0.00406558	-3.43284   	0.0612925  
  3.2486  	2.15525    	-0.00406377	-3.4323    	0.0612868  
  3.2487  	2.15524    	-0.00406196	-3.43176   	0.0612812  
  3.2488  	2.15524    	-0.00406015	-3.43122   	0.0612755  
  3.2489  	2.15523    	-0.00405834	-3.43069   	0.0612699  
  3.249   	2.15523    	-0.00405654	-3.43015   	0.0612642  
  3.2491  	2.15522    	-0.00405474	-3.42961   	0.0612585  
  3.2492  	2.15522    	-0.00405293	-3.42907   	0.0612529  
  3.2493  	2.15521    	-0.00405113	-3.42854   	0.0612472  
  3.2494  	2.15521    	-0.00404933	-3.428     	0.0612416  
  3.2495  	2.1552     	-0.00404753	-3.42746   	0.0612359  
  3.2496  	2.15519    	-0.00404574	-3.42693   	0.0612303  
  3.2497  	2.15519    	-0.00404394	-3.42639   	0.0612246  
  3.2498  	2.15518    	-0.00404214	-3.42585   	0.061219   
  3.2499  	2.15518    	-0.00404035	-3.42531   	0.0612133  
  3.25    	2.15517    	-0.00403856	-3.42478   	0.0612077  
  3.2501  	2.15517    	-0.00403677	-3.42424   	0.061202   
  3.2502  	2.15516    	-0.00403498	-3.4237    	0.0611964  
  3.2503  	2.15516    	-0.00403319	-3.42317   	0.0611907  
  3.2504  	2.15515    	-0.0040314 	-3.42263   	0.0611851  
  3.2505  	2.15515    	-0.00402961	-3.42209   	0.0611794  
  3.2506  	2.15514    	-0.00402782	-3.42156   	0.0611738  
  3.2507  	2.15514    	-0.00402604	-3.42102   	0.0611681  
  3.2508  	2.15513    	-0.00402426	-3.42048   	0.0611625  
  3.2509  	2.15513    	-0.00402247	-3.41995   	0.0611569  
  3.251   	2.15512    	-0.00402069	-3.41941   	0.0611512  
  3.2511  	2.15512    	-0.00401891	-3.41887   	0.0611456  
  3.2512  	2.15511    	-0.00401713	-3.41834   	0.0611399  
  3.2513  	2.15511    	-0.00401536	-3.4178    	0.0611343  
  3.2514  	2.1551     	-0.00401358	-3.41727   	0.0611286  
  3.2515  	2.1551     	-0.0040118 	-3.41673   	0.061123   
  3.2516  	2.15509    	-0.00401003	-3.41619   	0.0611174  
  3.2517  	2.15509    	-0.00400826	-3.41566   	0.0611117  
  3.2518  	2.15508    	-0.00400649	-3.41512   	0.0611061  
  3.2519  	2.15508    	-0.00400472	-3.41459   	0.0611005  
  3.252   	2.15507    	-0.00400295	-3.41405   	0.0610948  
  3.2521  	2.15507    	-0.00400118	-3.41351   	0.0610892  
  3.2522  	2.15506    	-0.00399941	-3.41298   	0.0610835  
  3.2523  	2.15506    	-0.00399764	-3.41244   	0.0610779  
  3.2524  	2.15505    	-0.00399588	-3.41191   	0.0610723  
  3.2525  	2.15505    	-0.00399412	-3.41137   	0.0610666  
  3.2526  	2.15504    	-0.00399235	-3.41084   	0.061061   
  3.2527  	2.15504    	-0.00399059	-3.4103    	0.0610554  
  3.2528  	2.15503    	-0.00398883	-3.40976   	0.0610498  
  3.2529  	2.15503    	-0.00398707	-3.40923   	0.0610441  
  3.253   	2.15502    	-0.00398531	-3.40869   	0.0610385  
  3.2531  	2.15502    	-0.00398356	-3.40816   	0.0610329  
  3.2532  	2.15501    	-0.0039818 	-3.40762   	0.0610272  
  3.2533  	2.15501    	-0.00398005	-3.40709   	0.0610216  
  3.2534  	2.155      	-0.00397829	-3.40655   	0.061016   
  3.2535  	2.155      	-0.00397654	-3.40602   	0.0610104  
  3.2536  	2.15499    	-0.00397479	-3.40548   	0.0610047  
  3.2537  	2.15499    	-0.00397304	-3.40495   	0.0609991  
  3.2538  	2.15498    	-0.00397129	-3.40441   	0.0609935  
  3.2539  	2.15498    	-0.00396955	-3.40388   	0.0609879  
  3.254   	2.15497    	-0.0039678 	-3.40334   	0.0609822  
  3.2541  	2.15497    	-0.00396605	-3.40281   	0.0609766  
  3.2542  	2.15496    	-0.00396431	-3.40227   	0.060971   
  3.2543  	2.15496    	-0.00396257	-3.40174   	0.0609654  
  3.2544  	2.15495    	-0.00396082	-3.4012    	0.0609598  
  3.2545  	2.15495    	-0.00395908	-3.40067   	0.0609541  
  3.2546  	2.15494    	-0.00395734	-3.40013   	0.0609485  
  3.2547  	2.15494    	-0.00395561	-3.3996    	0.0609429  
  3.2548  	2.15493    	-0.00395387	-3.39906   	0.0609373  
  3.2549  	2.15493    	-0.00395213	-3.39853   	0.0609317  
  3.255   	2.15492    	-0.0039504 	-3.398     	0.0609261  
  3.2551  	2.15492    	-0.00394866	-3.39746   	0.0609204  
  3.2552  	2.15491    	-0.00394693	-3.39693   	0.0609148  
  3.2553  	2.15491    	-0.0039452 	-3.39639   	0.0609092  
  3.2554  	2.1549     	-0.00394347	-3.39586   	0.0609036  
  3.2555  	2.1549     	-0.00394174	-3.39532   	0.060898   
  3.2556  	2.15489    	-0.00394001	-3.39479   	0.0608924  
  3.2557  	2.15489    	-0.00393828	-3.39426   	0.0608868  
  3.2558  	2.15488    	-0.00393656	-3.39372   	0.0608812  
  3.2559  	2.15488    	-0.00393483	-3.39319   	0.0608755  
  3.256   	2.15487    	-0.00393311	-3.39265   	0.0608699  
  3.2561  	2.15487    	-0.00393139	-3.39212   	0.0608643  
  3.2562  	2.15486    	-0.00392966	-3.39159   	0.0608587  
  3.2563  	2.15486    	-0.00392794	-3.39105   	0.0608531  
  3.2564  	2.15485    	-0.00392622	-3.39052   	0.0608475  
  3.2565  	2.15485    	-0.00392451	-3.38998   	0.0608419  
  3.2566  	2.15484    	-0.00392279	-3.38945   	0.0608363  
  3.2567  	2.15484    	-0.00392107	-3.38892   	0.0608307  
  3.2568  	2.15483    	-0.00391936	-3.38838   	0.0608251  
  3.2569  	2.15483    	-0.00391764	-3.38785   	0.0608195  
  3.257   	2.15482    	-0.00391593	-3.38732   	0.0608139  
  3.2571  	2.15482    	-0.00391422	-3.38678   	0.0608083  
  3.2572  	2.15481    	-0.00391251	-3.38625   	0.0608027  
  3.2573  	2.15481    	-0.0039108 	-3.38572   	0.0607971  
  3.2574  	2.1548     	-0.00390909	-3.38518   	0.0607915  
  3.2575  	2.1548     	-0.00390739	-3.38465   	0.0607859  
  3.2576  	2.15479    	-0.00390568	-3.38412   	0.0607803  
  3.2577  	2.15479    	-0.00390397	-3.38358   	0.0607747  
  3.2578  	2.15478    	-0.00390227	-3.38305   	0.0607691  
  3.2579  	2.15478    	-0.00390057	-3.38252   	0.0607635  
  3.258   	2.15478    	-0.00389887	-3.38199   	0.0607579  
  3.2581  	2.15477    	-0.00389717	-3.38145   	0.0607523  
  3.2582  	2.15477    	-0.00389547	-3.38092   	0.0607467  
  3.2583  	2.15476    	-0.00389377	-3.38039   	0.0607411  
  3.2584  	2.15476    	-0.00389207	-3.37985   	0.0607355  
  3.2585  	2.15475    	-0.00389038	-3.37932   	0.0607299  
  3.2586  	2.15475    	-0.00388868	-3.37879   	0.0607244  
  3.2587  	2.15474    	-0.00388699	-3.37826   	0.0607188  
  3.2588  	2.15474    	-0.00388529	-3.37772   	0.0607132  
  3.2589  	2.15473    	-0.0038836 	-3.37719   	0.0607076  
  3.259   	2.15473    	-0.00388191	-3.37666   	0.060702   
  3.2591  	2.15472    	-0.00388022	-3.37613   	0.0606964  
  3.2592  	2.15472    	-0.00387853	-3.37559   	0.0606908  
  3.2593  	2.15471    	-0.00387685	-3.37506   	0.0606852  
  3.2594  	2.15471    	-0.00387516	-3.37453   	0.0606797  
  3.2595  	2.1547     	-0.00387348	-3.374     	0.0606741  
  3.2596  	2.1547     	-0.00387179	-3.37346   	0.0606685  
  3.2597  	2.15469    	-0.00387011	-3.37293   	0.0606629  
  3.2598  	2.15469    	-0.00386843	-3.3724    	0.0606573  
  3.2599  	2.15468    	-0.00386675	-3.37187   	0.0606517  
  3.26    	2.15468    	-0.00386507	-3.37134   	0.0606462  
  3.2601  	2.15467    	-0.00386339	-3.3708    	0.0606406  
  3.2602  	2.15467    	-0.00386171	-3.37027   	0.060635   
  3.2603  	2.15466    	-0.00386003	-3.36974   	0.0606294  
  3.2604  	2.15466    	-0.00385836	-3.36921   	0.0606238  
  3.2605  	2.15465    	-0.00385668	-3.36868   	0.0606183  
  3.2606  	2.15465    	-0.00385501	-3.36815   	0.0606127  
  3.2607  	2.15464    	-0.00385334	-3.36761   	0.0606071  
  3.2608  	2.15464    	-0.00385167	-3.36708   	0.0606015  
  3.2609  	2.15463    	-0.00385   	-3.36655   	0.060596   
  3.261   	2.15463    	-0.00384833	-3.36602   	0.0605904  
  3.2611  	2.15462    	-0.00384666	-3.36549   	0.0605848  
  3.2612  	2.15462    	-0.00384499	-3.36496   	0.0605792  
  3.2613  	2.15461    	-0.00384333	-3.36442   	0.0605737  
  3.2614  	2.15461    	-0.00384166	-3.36389   	0.0605681  
  3.2615  	2.1546     	-0.00384   	-3.36336   	0.0605625  
  3.2616  	2.1546     	-0.00383834	-3.36283   	0.060557   
  3.2617  	2.15459    	-0.00383668	-3.3623    	0.0605514  
  3.2618  	2.15459    	-0.00383502	-3.36177   	0.0605458  
  3.2619  	2.15458    	-0.00383336	-3.36124   	0.0605402  
  3.262   	2.15458    	-0.0038317 	-3.36071   	0.0605347  
  3.2621  	2.15458    	-0.00383004	-3.36018   	0.0605291  
  3.2622  	2.15457    	-0.00382839	-3.35964   	0.0605235  
  3.2623  	2.15457    	-0.00382673	-3.35911   	0.060518   
  3.2624  	2.15456    	-0.00382508	-3.35858   	0.0605124  
  3.2625  	2.15456    	-0.00382342	-3.35805   	0.0605068  
  3.2626  	2.15455    	-0.00382177	-3.35752   	0.0605013  
  3.2627  	2.15455    	-0.00382012	-3.35699   	0.0604957  
  3.2628  	2.15454    	-0.00381847	-3.35646   	0.0604902  
  3.2629  	2.15454    	-0.00381682	-3.35593   	0.0604846  
  3.263   	2.15453    	-0.00381518	-3.3554    	0.060479   
  3.2631  	2.15453    	-0.00381353	-3.35487   	0.0604735  
  3.2632  	2.15452    	-0.00381188	-3.35434   	0.0604679  
  3.2633  	2.15452    	-0.00381024	-3.35381   	0.0604624  
  3.2634  	2.15451    	-0.0038086 	-3.35328   	0.0604568  
  3.2635  	2.15451    	-0.00380695	-3.35275   	0.0604512  
  3.2636  	2.1545     	-0.00380531	-3.35222   	0.0604457  
  3.2637  	2.1545     	-0.00380367	-3.35169   	0.0604401  
  3.2638  	2.15449    	-0.00380203	-3.35116   	0.0604346  
  3.2639  	2.15449    	-0.00380039	-3.35063   	0.060429   
  3.264   	2.15448    	-0.00379876	-3.3501    	0.0604235  
  3.2641  	2.15448    	-0.00379712	-3.34957   	0.0604179  
  3.2642  	2.15447    	-0.00379549	-3.34904   	0.0604124  
  3.2643  	2.15447    	-0.00379385	-3.34851   	0.0604068  
  3.2644  	2.15446    	-0.00379222	-3.34798   	0.0604013  
  3.2645  	2.15446    	-0.00379059	-3.34745   	0.0603957  
  3.2646  	2.15446    	-0.00378896	-3.34692   	0.0603902  
  3.2647  	2.15445    	-0.00378733	-3.34639   	0.0603846  
  3.2648  	2.15445    	-0.0037857 	-3.34586   	0.0603791  
  3.2649  	2.15444    	-0.00378407	-3.34533   	0.0603735  
  3.265   	2.15444    	-0.00378245	-3.3448    	0.060368   
  3.2651  	2.15443    	-0.00378082	-3.34427   	0.0603624  
  3.2652  	2.15443    	-0.00377919	-3.34374   	0.0603569  
  3.2653  	2.15442    	-0.00377757	-3.34321   	0.0603513  
  3.2654  	2.15442    	-0.00377595	-3.34268   	0.0603458  
  3.2655  	2.15441    	-0.00377433	-3.34215   	0.0603402  
  3.2656  	2.15441    	-0.00377271	-3.34162   	0.0603347  
  3.2657  	2.1544     	-0.00377109	-3.34109   	0.0603292  
  3.2658  	2.1544     	-0.00376947	-3.34056   	0.0603236  
  3.2659  	2.15439    	-0.00376785	-3.34004   	0.0603181  
  3.266   	2.15439    	-0.00376624	-3.33951   	0.0603125  
  3.2661  	2.15438    	-0.00376462	-3.33898   	0.060307   
  3.2662  	2.15438    	-0.00376301	-3.33845   	0.0603015  
  3.2663  	2.15437    	-0.00376139	-3.33792   	0.0602959  
  3.2664  	2.15437    	-0.00375978	-3.33739   	0.0602904  
  3.2665  	2.15436    	-0.00375817	-3.33686   	0.0602848  
  3.2666  	2.15436    	-0.00375656	-3.33633   	0.0602793  
  3.2667  	2.15436    	-0.00375495	-3.3358    	0.0602738  
  3.2668  	2.15435    	-0.00375334	-3.33528   	0.0602682  
  3.2669  	2.15435    	-0.00375174	-3.33475   	0.0602627  
  3.267   	2.15434    	-0.00375013	-3.33422   	0.0602572  
  3.2671  	2.15434    	-0.00374853	-3.33369   	0.0602516  
  3.2672  	2.15433    	-0.00374692	-3.33316   	0.0602461  
  3.2673  	2.15433    	-0.00374532	-3.33263   	0.0602406  
  3.2674  	2.15432    	-0.00374372	-3.3321    	0.060235   
  3.2675  	2.15432    	-0.00374212	-3.33158   	0.0602295  
  3.2676  	2.15431    	-0.00374052	-3.33105   	0.060224   
  3.2677  	2.15431    	-0.00373892	-3.33052   	0.0602185  
  3.2678  	2.1543     	-0.00373732	-3.32999   	0.0602129  
  3.2679  	2.1543     	-0.00373572	-3.32946   	0.0602074  
  3.268   	2.15429    	-0.00373413	-3.32894   	0.0602019  
  3.2681  	2.15429    	-0.00373253	-3.32841   	0.0601964  
  3.2682  	2.15428    	-0.00373094	-3.32788   	0.0601908  
  3.2683  	2.15428    	-0.00372935	-3.32735   	0.0601853  
  3.2684  	2.15427    	-0.00372775	-3.32682   	0.0601798  
  3.2685  	2.15427    	-0.00372616	-3.3263    	0.0601743  
  3.2686  	2.15427    	-0.00372457	-3.32577   	0.0601687  
  3.2687  	2.15426    	-0.00372298	-3.32524   	0.0601632  
  3.2688  	2.15426    	-0.0037214 	-3.32471   	0.0601577  
  3.2689  	2.15425    	-0.00371981	-3.32419   	0.0601522  
  3.269   	2.15425    	-0.00371822	-3.32366   	0.0601466  
  3.2691  	2.15424    	-0.00371664	-3.32313   	0.0601411  
  3.2692  	2.15424    	-0.00371506	-3.3226    	0.0601356  
  3.2693  	2.15423    	-0.00371347	-3.32207   	0.0601301  
  3.2694  	2.15423    	-0.00371189	-3.32155   	0.0601246  
  3.2695  	2.15422    	-0.00371031	-3.32102   	0.0601191  
  3.2696  	2.15422    	-0.00370873	-3.32049   	0.0601135  
  3.2697  	2.15421    	-0.00370715	-3.31997   	0.060108   
  3.2698  	2.15421    	-0.00370557	-3.31944   	0.0601025  
  3.2699  	2.1542     	-0.003704  	-3.31891   	0.060097   
  3.27    	2.1542     	-0.00370242	-3.31838   	0.0600915  
  3.2701  	2.1542     	-0.00370085	-3.31786   	0.060086   
  3.2702  	2.15419    	-0.00369927	-3.31733   	0.0600805  
  3.2703  	2.15419    	-0.0036977 	-3.3168    	0.060075   
  3.2704  	2.15418    	-0.00369613	-3.31628   	0.0600694  
  3.2705  	2.15418    	-0.00369456	-3.31575   	0.0600639  
  3.2706  	2.15417    	-0.00369299	-3.31522   	0.0600584  
  3.2707  	2.15417    	-0.00369142	-3.3147    	0.0600529  
  3.2708  	2.15416    	-0.00368985	-3.31417   	0.0600474  
  3.2709  	2.15416    	-0.00368829	-3.31364   	0.0600419  
  3.271   	2.15415    	-0.00368672	-3.31312   	0.0600364  
  3.2711  	2.15415    	-0.00368516	-3.31259   	0.0600309  
  3.2712  	2.15414    	-0.00368359	-3.31206   	0.0600254  
  3.2713  	2.15414    	-0.00368203	-3.31154   	0.0600199  
  3.2714  	2.15413    	-0.00368047	-3.31101   	0.0600144  
  3.2715  	2.15413    	-0.00367891	-3.31048   	0.0600089  
  3.2716  	2.15413    	-0.00367735	-3.30996   	0.0600034  
  3.2717  	2.15412    	-0.00367579	-3.30943   	0.0599979  
  3.2718  	2.15412    	-0.00367423	-3.3089    	0.0599924  
  3.2719  	2.15411    	-0.00367267	-3.30838   	0.0599869  
  3.272   	2.15411    	-0.00367112	-3.30785   	0.0599814  
  3.2721  	2.1541     	-0.00366956	-3.30733   	0.0599759  
  3.2722  	2.1541     	-0.00366801	-3.3068    	0.0599704  
  3.2723  	2.15409    	-0.00366645	-3.30627   	0.0599649  
  3.2724  	2.15409    	-0.0036649 	-3.30575   	0.0599594  
  3.2725  	2.15408    	-0.00366335	-3.30522   	0.0599539  
  3.2726  	2.15408    	-0.0036618 	-3.3047    	0.0599484  
  3.2727  	2.15407    	-0.00366025	-3.30417   	0.0599429  
  3.2728  	2.15407    	-0.0036587 	-3.30364   	0.0599374  
  3.2729  	2.15406    	-0.00365716	-3.30312   	0.0599319  
  3.273   	2.15406    	-0.00365561	-3.30259   	0.0599264  
  3.2731  	2.15406    	-0.00365407	-3.30207   	0.0599209  
  3.2732  	2.15405    	-0.00365252	-3.30154   	0.0599154  
  3.2733  	2.15405    	-0.00365098	-3.30102   	0.0599099  
  3.2734  	2.15404    	-0.00364944	-3.30049   	0.0599044  
  3.2735  	2.15404    	-0.00364789	-3.29997   	0.059899   
  3.2736  	2.15403    	-0.00364635	-3.29944   	0.0598935  
  3.2737  	2.15403    	-0.00364481	-3.29891   	0.059888   
  3.2738  	2.15402    	-0.00364328	-3.29839   	0.0598825  
  3.2739  	2.15402    	-0.00364174	-3.29786   	0.059877   
  3.274   	2.15401    	-0.0036402 	-3.29734   	0.0598715  
  3.2741  	2.15401    	-0.00363867	-3.29681   	0.059866   
  3.2742  	2.154      	-0.00363713	-3.29629   	0.0598605  
  3.2743  	2.154      	-0.0036356 	-3.29576   	0.0598551  
  3.2744  	2.154      	-0.00363407	-3.29524   	0.0598496  
  3.2745  	2.15399    	-0.00363253	-3.29471   	0.0598441  
  3.2746  	2.15399    	-0.003631  	-3.29419   	0.0598386  
  3.2747  	2.15398    	-0.00362947	-3.29366   	0.0598331  
  3.2748  	2.15398    	-0.00362795	-3.29314   	0.0598276  
  3.2749  	2.15397    	-0.00362642	-3.29261   	0.0598222  
  3.275   	2.15397    	-0.00362489	-3.29209   	0.0598167  
  3.2751  	2.15396    	-0.00362336	-3.29157   	0.0598112  
  3.2752  	2.15396    	-0.00362184	-3.29104   	0.0598057  
  3.2753  	2.15395    	-0.00362032	-3.29052   	0.0598003  
  3.2754  	2.15395    	-0.00361879	-3.28999   	0.0597948  
  3.2755  	2.15395    	-0.00361727	-3.28947   	0.0597893  
  3.2756  	2.15394    	-0.00361575	-3.28894   	0.0597838  
  3.2757  	2.15394    	-0.00361423	-3.28842   	0.0597783  
  3.2758  	2.15393    	-0.00361271	-3.28789   	0.0597729  
  3.2759  	2.15393    	-0.00361119	-3.28737   	0.0597674  
  3.276   	2.15392    	-0.00360967	-3.28685   	0.0597619  
  3.2761  	2.15392    	-0.00360816	-3.28632   	0.0597565  
  3.2762  	2.15391    	-0.00360664	-3.2858    	0.059751   
  3.2763  	2.15391    	-0.00360513	-3.28527   	0.0597455  
  3.2764  	2.1539     	-0.00360361	-3.28475   	0.05974    
  3.2765  	2.1539     	-0.0036021 	-3.28422   	0.0597346  
  3.2766  	2.15389    	-0.00360059	-3.2837    	0.0597291  
  3.2767  	2.15389    	-0.00359908	-3.28318   	0.0597236  
  3.2768  	2.15389    	-0.00359757	-3.28265   	0.0597182  
  3.2769  	2.15388    	-0.00359606	-3.28213   	0.0597127  
  3.277   	2.15388    	-0.00359455	-3.28161   	0.0597072  
  3.2771  	2.15387    	-0.00359305	-3.28108   	0.0597018  
  3.2772  	2.15387    	-0.00359154	-3.28056   	0.0596963  
  3.2773  	2.15386    	-0.00359003	-3.28003   	0.0596908  
  3.2774  	2.15386    	-0.00358853	-3.27951   	0.0596854  
  3.2775  	2.15385    	-0.00358703	-3.27899   	0.0596799  
  3.2776  	2.15385    	-0.00358552	-3.27846   	0.0596745  
  3.2777  	2.15384    	-0.00358402	-3.27794   	0.059669   
  3.2778  	2.15384    	-0.00358252	-3.27742   	0.0596635  
  3.2779  	2.15384    	-0.00358102	-3.27689   	0.0596581  
  3.278   	2.15383    	-0.00357952	-3.27637   	0.0596526  
  3.2781  	2.15383    	-0.00357803	-3.27585   	0.0596472  
  3.2782  	2.15382    	-0.00357653	-3.27532   	0.0596417  
  3.2783  	2.15382    	-0.00357503	-3.2748    	0.0596362  
  3.2784  	2.15381    	-0.00357354	-3.27428   	0.0596308  
  3.2785  	2.15381    	-0.00357205	-3.27376   	0.0596253  
  3.2786  	2.1538     	-0.00357055	-3.27323   	0.0596199  
  3.2787  	2.1538     	-0.00356906	-3.27271   	0.0596144  
  3.2788  	2.1538     	-0.00356757	-3.27219   	0.059609   
  3.2789  	2.15379    	-0.00356608	-3.27166   	0.0596035  
  3.279   	2.15379    	-0.00356459	-3.27114   	0.0595981  
  3.2791  	2.15378    	-0.0035631 	-3.27062   	0.0595926  
  3.2792  	2.15378    	-0.00356161	-3.2701    	0.0595871  
  3.2793  	2.15377    	-0.00356013	-3.26957   	0.0595817  
  3.2794  	2.15377    	-0.00355864	-3.26905   	0.0595762  
  3.2795  	2.15376    	-0.00355716	-3.26853   	0.0595708  
  3.2796  	2.15376    	-0.00355567	-3.26801   	0.0595653  
  3.2797  	2.15375    	-0.00355419	-3.26748   	0.0595599  
  3.2798  	2.15375    	-0.00355271	-3.26696   	0.0595545  
  3.2799  	2.15375    	-0.00355123	-3.26644   	0.059549   
  3.28    	2.15374    	-0.00354975	-3.26592   	0.0595436  
  3.2801  	2.15374    	-0.00354827	-3.26539   	0.0595381  
  3.2802  	2.15373    	-0.00354679	-3.26487   	0.0595327  
  3.2803  	2.15373    	-0.00354531	-3.26435   	0.0595272  
  3.2804  	2.15372    	-0.00354384	-3.26383   	0.0595218  
  3.2805  	2.15372    	-0.00354236	-3.2633    	0.0595163  
  3.2806  	2.15371    	-0.00354089	-3.26278   	0.0595109  
  3.2807  	2.15371    	-0.00353941	-3.26226   	0.0595055  
  3.2808  	2.15371    	-0.00353794	-3.26174   	0.0595     
  3.2809  	2.1537     	-0.00353647	-3.26122   	0.0594946  
  3.281   	2.1537     	-0.003535  	-3.2607    	0.0594891  
  3.2811  	2.15369    	-0.00353353	-3.26017   	0.0594837  
  3.2812  	2.15369    	-0.00353206	-3.25965   	0.0594783  
  3.2813  	2.15368    	-0.00353059	-3.25913   	0.0594728  
  3.2814  	2.15368    	-0.00352912	-3.25861   	0.0594674  
  3.2815  	2.15367    	-0.00352766	-3.25809   	0.0594619  
  3.2816  	2.15367    	-0.00352619	-3.25757   	0.0594565  
  3.2817  	2.15366    	-0.00352473	-3.25704   	0.0594511  
  3.2818  	2.15366    	-0.00352326	-3.25652   	0.0594456  
  3.2819  	2.15366    	-0.0035218 	-3.256     	0.0594402  
  3.282   	2.15365    	-0.00352034	-3.25548   	0.0594348  
  3.2821  	2.15365    	-0.00351888	-3.25496   	0.0594293  
  3.2822  	2.15364    	-0.00351742	-3.25444   	0.0594239  
  3.2823  	2.15364    	-0.00351596	-3.25392   	0.0594185  
  3.2824  	2.15363    	-0.0035145 	-3.25339   	0.059413   
  3.2825  	2.15363    	-0.00351304	-3.25287   	0.0594076  
  3.2826  	2.15362    	-0.00351159	-3.25235   	0.0594022  
  3.2827  	2.15362    	-0.00351013	-3.25183   	0.0593968  
  3.2828  	2.15362    	-0.00350868	-3.25131   	0.0593913  
  3.2829  	2.15361    	-0.00350722	-3.25079   	0.0593859  
  3.283   	2.15361    	-0.00350577	-3.25027   	0.0593805  
  3.2831  	2.1536     	-0.00350432	-3.24975   	0.0593751  
  3.2832  	2.1536     	-0.00350287	-3.24923   	0.0593696  
  3.2833  	2.15359    	-0.00350142	-3.24871   	0.0593642  
  3.2834  	2.15359    	-0.00349997	-3.24819   	0.0593588  
  3.2835  	2.15358    	-0.00349852	-3.24766   	0.0593534  
  3.2836  	2.15358    	-0.00349707	-3.24714   	0.0593479  
  3.2837  	2.15358    	-0.00349563	-3.24662   	0.0593425  
  3.2838  	2.15357    	-0.00349418	-3.2461    	0.0593371  
  3.2839  	2.15357    	-0.00349273	-3.24558   	0.0593317  
  3.284   	2.15356    	-0.00349129	-3.24506   	0.0593263  
  3.2841  	2.15356    	-0.00348985	-3.24454   	0.0593208  
  3.2842  	2.15355    	-0.00348841	-3.24402   	0.0593154  
  3.2843  	2.15355    	-0.00348696	-3.2435    	0.05931    
  3.2844  	2.15354    	-0.00348552	-3.24298   	0.0593046  
  3.2845  	2.15354    	-0.00348408	-3.24246   	0.0592992  
  3.2846  	2.15354    	-0.00348265	-3.24194   	0.0592938  
  3.2847  	2.15353    	-0.00348121	-3.24142   	0.0592883  
  3.2848  	2.15353    	-0.00347977	-3.2409    	0.0592829  
  3.2849  	2.15352    	-0.00347833	-3.24038   	0.0592775  
  3.285   	2.15352    	-0.0034769 	-3.23986   	0.0592721  
  3.2851  	2.15351    	-0.00347547	-3.23934   	0.0592667  
  3.2852  	2.15351    	-0.00347403	-3.23882   	0.0592613  
  3.2853  	2.15351    	-0.0034726 	-3.2383    	0.0592559  
  3.2854  	2.1535     	-0.00347117	-3.23778   	0.0592504  
  3.2855  	2.1535     	-0.00346974	-3.23726   	0.059245   
  3.2856  	2.15349    	-0.00346831	-3.23674   	0.0592396  
  3.2857  	2.15349    	-0.00346688	-3.23622   	0.0592342  
  3.2858  	2.15348    	-0.00346545	-3.2357    	0.0592288  
  3.2859  	2.15348    	-0.00346402	-3.23518   	0.0592234  
  3.286   	2.15347    	-0.0034626 	-3.23466   	0.059218   
  3.2861  	2.15347    	-0.00346117	-3.23414   	0.0592126  
  3.2862  	2.15347    	-0.00345975	-3.23363   	0.0592072  
  3.2863  	2.15346    	-0.00345832	-3.23311   	0.0592018  
  3.2864  	2.15346    	-0.0034569 	-3.23259   	0.0591964  
  3.2865  	2.15345    	-0.00345548	-3.23207   	0.059191   
  3.2866  	2.15345    	-0.00345406	-3.23155   	0.0591856  
  3.2867  	2.15344    	-0.00345264	-3.23103   	0.0591802  
  3.2868  	2.15344    	-0.00345122	-3.23051   	0.0591748  
  3.2869  	2.15344    	-0.0034498 	-3.22999   	0.0591694  
  3.287   	2.15343    	-0.00344838	-3.22947   	0.059164   
  3.2871  	2.15343    	-0.00344696	-3.22895   	0.0591586  
  3.2872  	2.15342    	-0.00344555	-3.22843   	0.0591532  
  3.2873  	2.15342    	-0.00344413	-3.22792   	0.0591478  
  3.2874  	2.15341    	-0.00344272	-3.2274    	0.0591424  
  3.2875  	2.15341    	-0.00344131	-3.22688   	0.059137   
  3.2876  	2.1534     	-0.00343989	-3.22636   	0.0591316  
  3.2877  	2.1534     	-0.00343848	-3.22584   	0.0591262  
  3.2878  	2.1534     	-0.00343707	-3.22532   	0.0591208  
  3.2879  	2.15339    	-0.00343566	-3.2248    	0.0591154  
  3.288   	2.15339    	-0.00343425	-3.22429   	0.05911    
  3.2881  	2.15338    	-0.00343284	-3.22377   	0.0591046  
  3.2882  	2.15338    	-0.00343144	-3.22325   	0.0590992  
  3.2883  	2.15337    	-0.00343003	-3.22273   	0.0590938  
  3.2884  	2.15337    	-0.00342863	-3.22221   	0.0590884  
  3.2885  	2.15337    	-0.00342722	-3.22169   	0.059083   
  3.2886  	2.15336    	-0.00342582	-3.22118   	0.0590777  
  3.2887  	2.15336    	-0.00342441	-3.22066   	0.0590723  
  3.2888  	2.15335    	-0.00342301	-3.22014   	0.0590669  
  3.2889  	2.15335    	-0.00342161	-3.21962   	0.0590615  
  3.289   	2.15334    	-0.00342021	-3.2191    	0.0590561  
  3.2891  	2.15334    	-0.00341881	-3.21858   	0.0590507  
  3.2892  	2.15333    	-0.00341741	-3.21807   	0.0590453  
  3.2893  	2.15333    	-0.00341601	-3.21755   	0.05904    
  3.2894  	2.15333    	-0.00341462	-3.21703   	0.0590346  
  3.2895  	2.15332    	-0.00341322	-3.21651   	0.0590292  
  3.2896  	2.15332    	-0.00341183	-3.216     	0.0590238  
  3.2897  	2.15331    	-0.00341043	-3.21548   	0.0590184  
  3.2898  	2.15331    	-0.00340904	-3.21496   	0.059013   
  3.2899  	2.1533     	-0.00340764	-3.21444   	0.0590077  
  3.29    	2.1533     	-0.00340625	-3.21392   	0.0590023  
  3.2901  	2.1533     	-0.00340486	-3.21341   	0.0589969  
  3.2902  	2.15329    	-0.00340347	-3.21289   	0.0589915  
  3.2903  	2.15329    	-0.00340208	-3.21237   	0.0589861  
  3.2904  	2.15328    	-0.00340069	-3.21186   	0.0589808  
  3.2905  	2.15328    	-0.00339931	-3.21134   	0.0589754  
  3.2906  	2.15327    	-0.00339792	-3.21082   	0.05897    
  3.2907  	2.15327    	-0.00339653	-3.2103    	0.0589646  
  3.2908  	2.15327    	-0.00339515	-3.20979   	0.0589593  
  3.2909  	2.15326    	-0.00339376	-3.20927   	0.0589539  
  3.291   	2.15326    	-0.00339238	-3.20875   	0.0589485  
  3.2911  	2.15325    	-0.003391  	-3.20823   	0.0589431  
  3.2912  	2.15325    	-0.00338962	-3.20772   	0.0589378  
  3.2913  	2.15324    	-0.00338823	-3.2072    	0.0589324  
  3.2914  	2.15324    	-0.00338685	-3.20668   	0.058927   
  3.2915  	2.15324    	-0.00338547	-3.20617   	0.0589216  
  3.2916  	2.15323    	-0.0033841 	-3.20565   	0.0589163  
  3.2917  	2.15323    	-0.00338272	-3.20513   	0.0589109  
  3.2918  	2.15322    	-0.00338134	-3.20462   	0.0589055  
  3.2919  	2.15322    	-0.00337997	-3.2041    	0.0589002  
  3.292   	2.15321    	-0.00337859	-3.20358   	0.0588948  
  3.2921  	2.15321    	-0.00337722	-3.20307   	0.0588894  
  3.2922  	2.15321    	-0.00337584	-3.20255   	0.0588841  
  3.2923  	2.1532     	-0.00337447	-3.20203   	0.0588787  
  3.2924  	2.1532     	-0.0033731 	-3.20152   	0.0588733  
  3.2925  	2.15319    	-0.00337173	-3.201     	0.058868   
  3.2926  	2.15319    	-0.00337036	-3.20048   	0.0588626  
  3.2927  	2.15318    	-0.00336899	-3.19997   	0.0588573  
  3.2928  	2.15318    	-0.00336762	-3.19945   	0.0588519  
  3.2929  	2.15318    	-0.00336625	-3.19894   	0.0588465  
  3.293   	2.15317    	-0.00336488	-3.19842   	0.0588412  
  3.2931  	2.15317    	-0.00336352	-3.1979    	0.0588358  
  3.2932  	2.15316    	-0.00336215	-3.19739   	0.0588305  
  3.2933  	2.15316    	-0.00336079	-3.19687   	0.0588251  
  3.2934  	2.15315    	-0.00335943	-3.19636   	0.0588197  
  3.2935  	2.15315    	-0.00335806	-3.19584   	0.0588144  
  3.2936  	2.15315    	-0.0033567 	-3.19532   	0.058809   
  3.2937  	2.15314    	-0.00335534	-3.19481   	0.0588037  
  3.2938  	2.15314    	-0.00335398	-3.19429   	0.0587983  
  3.2939  	2.15313    	-0.00335262	-3.19378   	0.058793   
  3.294   	2.15313    	-0.00335126	-3.19326   	0.0587876  
  3.2941  	2.15312    	-0.0033499 	-3.19275   	0.0587822  
  3.2942  	2.15312    	-0.00334855	-3.19223   	0.0587769  
  3.2943  	2.15312    	-0.00334719	-3.19171   	0.0587715  
  3.2944  	2.15311    	-0.00334584	-3.1912    	0.0587662  
  3.2945  	2.15311    	-0.00334448	-3.19068   	0.0587608  
  3.2946  	2.1531     	-0.00334313	-3.19017   	0.0587555  
  3.2947  	2.1531     	-0.00334177	-3.18965   	0.0587501  
  3.2948  	2.15309    	-0.00334042	-3.18914   	0.0587448  
  3.2949  	2.15309    	-0.00333907	-3.18862   	0.0587394  
  3.295   	2.15309    	-0.00333772	-3.18811   	0.0587341  
  3.2951  	2.15308    	-0.00333637	-3.18759   	0.0587287  
  3.2952  	2.15308    	-0.00333502	-3.18708   	0.0587234  
  3.2953  	2.15307    	-0.00333367	-3.18656   	0.0587181  
  3.2954  	2.15307    	-0.00333233	-3.18605   	0.0587127  
  3.2955  	2.15306    	-0.00333098	-3.18553   	0.0587074  
  3.2956  	2.15306    	-0.00332963	-3.18502   	0.058702   
  3.2957  	2.15306    	-0.00332829	-3.1845    	0.0586967  
  3.2958  	2.15305    	-0.00332695	-3.18399   	0.0586913  
  3.2959  	2.15305    	-0.0033256 	-3.18347   	0.058686   
  3.296   	2.15304    	-0.00332426	-3.18296   	0.0586807  
  3.2961  	2.15304    	-0.00332292	-3.18244   	0.0586753  
  3.2962  	2.15304    	-0.00332158	-3.18193   	0.05867    
  3.2963  	2.15303    	-0.00332024	-3.18141   	0.0586646  
  3.2964  	2.15303    	-0.0033189 	-3.1809    	0.0586593  
  3.2965  	2.15302    	-0.00331756	-3.18038   	0.058654   
  3.2966  	2.15302    	-0.00331622	-3.17987   	0.0586486  
  3.2967  	2.15301    	-0.00331489	-3.17936   	0.0586433  
  3.2968  	2.15301    	-0.00331355	-3.17884   	0.0586379  
  3.2969  	2.15301    	-0.00331221	-3.17833   	0.0586326  
  3.297   	2.153      	-0.00331088	-3.17781   	0.0586273  
  3.2971  	2.153      	-0.00330955	-3.1773    	0.0586219  
  3.2972  	2.15299    	-0.00330821	-3.17678   	0.0586166  
  3.2973  	2.15299    	-0.00330688	-3.17627   	0.0586113  
  3.2974  	2.15298    	-0.00330555	-3.17576   	0.0586059  
  3.2975  	2.15298    	-0.00330422	-3.17524   	0.0586006  
  3.2976  	2.15298    	-0.00330289	-3.17473   	0.0585953  
  3.2977  	2.15297    	-0.00330156	-3.17421   	0.0585899  
  3.2978  	2.15297    	-0.00330023	-3.1737    	0.0585846  
  3.2979  	2.15296    	-0.00329891	-3.17319   	0.0585793  
  3.298   	2.15296    	-0.00329758	-3.17267   	0.058574   
  3.2981  	2.15296    	-0.00329626	-3.17216   	0.0585686  
  3.2982  	2.15295    	-0.00329493	-3.17164   	0.0585633  
  3.2983  	2.15295    	-0.00329361	-3.17113   	0.058558   
  3.2984  	2.15294    	-0.00329228	-3.17062   	0.0585527  
  3.2985  	2.15294    	-0.00329096	-3.1701    	0.0585473  
  3.2986  	2.15293    	-0.00328964	-3.16959   	0.058542   
  3.2987  	2.15293    	-0.00328832	-3.16908   	0.0585367  
  3.2988  	2.15293    	-0.003287  	-3.16856   	0.0585314  
  3.2989  	2.15292    	-0.00328568	-3.16805   	0.058526   
  3.299   	2.15292    	-0.00328436	-3.16754   	0.0585207  
  3.2991  	2.15291    	-0.00328304	-3.16702   	0.0585154  
  3.2992  	2.15291    	-0.00328173	-3.16651   	0.0585101  
  3.2993  	2.15291    	-0.00328041	-3.166     	0.0585048  
  3.2994  	2.1529     	-0.00327909	-3.16548   	0.0584994  
  3.2995  	2.1529     	-0.00327778	-3.16497   	0.0584941  
  3.2996  	2.15289    	-0.00327647	-3.16446   	0.0584888  
  3.2997  	2.15289    	-0.00327515	-3.16394   	0.0584835  
  3.2998  	2.15288    	-0.00327384	-3.16343   	0.0584782  
  3.2999  	2.15288    	-0.00327253	-3.16292   	0.0584728  
  3.3     	2.15288    	-0.00327122	-3.16241   	0.0584675  
