# * STATIC * 
#
# file generated by ** cup.H ** 
#
# PARAMETERS: 
# G = 0.141652
# a drude model was used for silver
# ------------- 
# ome (eV)	real(alph)	imag(alph)
#
  2.3     	2.27846    	0.037511   
  2.3001  	2.27879    	0.0375254  
  2.3002  	2.27912    	0.0375399  
  2.3003  	2.27946    	0.0375543  
  2.3004  	2.27979    	0.0375688  
  2.3005  	2.28012    	0.0375833  
  2.3006  	2.28045    	0.0375978  
  2.3007  	2.28079    	0.0376122  
  2.3008  	2.28112    	0.0376267  
  2.3009  	2.28145    	0.0376412  
  2.301   	2.28179    	0.0376558  
  2.3011  	2.28212    	0.0376703  
  2.3012  	2.28245    	0.0376848  
  2.3013  	2.28279    	0.0376994  
  2.3014  	2.28312    	0.0377139  
  2.3015  	2.28345    	0.0377285  
  2.3016  	2.28379    	0.037743   
  2.3017  	2.28412    	0.0377576  
  2.3018  	2.28445    	0.0377722  
  2.3019  	2.28479    	0.0377868  
  2.302   	2.28512    	0.0378014  
  2.3021  	2.28546    	0.037816   
  2.3022  	2.28579    	0.0378306  
  2.3023  	2.28613    	0.0378452  
  2.3024  	2.28646    	0.0378598  
  2.3025  	2.2868     	0.0378745  
  2.3026  	2.28713    	0.0378891  
  2.3027  	2.28747    	0.0379038  
  2.3028  	2.2878     	0.0379185  
  2.3029  	2.28814    	0.0379331  
  2.303   	2.28847    	0.0379478  
  2.3031  	2.28881    	0.0379625  
  2.3032  	2.28915    	0.0379772  
  2.3033  	2.28948    	0.0379919  
  2.3034  	2.28982    	0.0380066  
  2.3035  	2.29015    	0.0380213  
  2.3036  	2.29049    	0.0380361  
  2.3037  	2.29083    	0.0380508  
  2.3038  	2.29116    	0.0380656  
  2.3039  	2.2915     	0.0380803  
  2.304   	2.29184    	0.0380951  
  2.3041  	2.29218    	0.0381098  
  2.3042  	2.29251    	0.0381246  
  2.3043  	2.29285    	0.0381394  
  2.3044  	2.29319    	0.0381542  
  2.3045  	2.29353    	0.038169   
  2.3046  	2.29386    	0.0381838  
  2.3047  	2.2942     	0.0381987  
  2.3048  	2.29454    	0.0382135  
  2.3049  	2.29488    	0.0382283  
  2.305   	2.29522    	0.0382432  
  2.3051  	2.29555    	0.038258   
  2.3052  	2.29589    	0.0382729  
  2.3053  	2.29623    	0.0382878  
  2.3054  	2.29657    	0.0383027  
  2.3055  	2.29691    	0.0383176  
  2.3056  	2.29725    	0.0383325  
  2.3057  	2.29759    	0.0383474  
  2.3058  	2.29793    	0.0383623  
  2.3059  	2.29827    	0.0383772  
  2.306   	2.29861    	0.0383922  
  2.3061  	2.29895    	0.0384071  
  2.3062  	2.29929    	0.038422   
  2.3063  	2.29963    	0.038437   
  2.3064  	2.29997    	0.038452   
  2.3065  	2.30031    	0.038467   
  2.3066  	2.30065    	0.0384819  
  2.3067  	2.30099    	0.0384969  
  2.3068  	2.30133    	0.0385119  
  2.3069  	2.30167    	0.038527   
  2.307   	2.30201    	0.038542   
  2.3071  	2.30235    	0.038557   
  2.3072  	2.30269    	0.038572   
  2.3073  	2.30303    	0.0385871  
  2.3074  	2.30337    	0.0386021  
  2.3075  	2.30372    	0.0386172  
  2.3076  	2.30406    	0.0386323  
  2.3077  	2.3044     	0.0386474  
  2.3078  	2.30474    	0.0386624  
  2.3079  	2.30508    	0.0386775  
  2.308   	2.30543    	0.0386927  
  2.3081  	2.30577    	0.0387078  
  2.3082  	2.30611    	0.0387229  
  2.3083  	2.30645    	0.038738   
  2.3084  	2.3068     	0.0387532  
  2.3085  	2.30714    	0.0387683  
  2.3086  	2.30748    	0.0387835  
  2.3087  	2.30783    	0.0387986  
  2.3088  	2.30817    	0.0388138  
  2.3089  	2.30851    	0.038829   
  2.309   	2.30886    	0.0388442  
  2.3091  	2.3092     	0.0388594  
  2.3092  	2.30955    	0.0388746  
  2.3093  	2.30989    	0.0388898  
  2.3094  	2.31023    	0.0389051  
  2.3095  	2.31058    	0.0389203  
  2.3096  	2.31092    	0.0389356  
  2.3097  	2.31127    	0.0389508  
  2.3098  	2.31161    	0.0389661  
  2.3099  	2.31196    	0.0389813  
  2.31    	2.3123     	0.0389966  
  2.3101  	2.31265    	0.0390119  
  2.3102  	2.31299    	0.0390272  
  2.3103  	2.31334    	0.0390425  
  2.3104  	2.31368    	0.0390578  
  2.3105  	2.31403    	0.0390732  
  2.3106  	2.31438    	0.0390885  
  2.3107  	2.31472    	0.0391039  
  2.3108  	2.31507    	0.0391192  
  2.3109  	2.31541    	0.0391346  
  2.311   	2.31576    	0.0391499  
  2.3111  	2.31611    	0.0391653  
  2.3112  	2.31645    	0.0391807  
  2.3113  	2.3168     	0.0391961  
  2.3114  	2.31715    	0.0392115  
  2.3115  	2.31749    	0.0392269  
  2.3116  	2.31784    	0.0392423  
  2.3117  	2.31819    	0.0392578  
  2.3118  	2.31854    	0.0392732  
  2.3119  	2.31888    	0.0392887  
  2.312   	2.31923    	0.0393041  
  2.3121  	2.31958    	0.0393196  
  2.3122  	2.31993    	0.0393351  
  2.3123  	2.32028    	0.0393506  
  2.3124  	2.32063    	0.0393661  
  2.3125  	2.32097    	0.0393816  
  2.3126  	2.32132    	0.0393971  
  2.3127  	2.32167    	0.0394126  
  2.3128  	2.32202    	0.0394281  
  2.3129  	2.32237    	0.0394437  
  2.313   	2.32272    	0.0394592  
  2.3131  	2.32307    	0.0394748  
  2.3132  	2.32342    	0.0394904  
  2.3133  	2.32377    	0.0395059  
  2.3134  	2.32412    	0.0395215  
  2.3135  	2.32447    	0.0395371  
  2.3136  	2.32482    	0.0395527  
  2.3137  	2.32517    	0.0395683  
  2.3138  	2.32552    	0.0395839  
  2.3139  	2.32587    	0.0395996  
  2.314   	2.32622    	0.0396152  
  2.3141  	2.32657    	0.0396309  
  2.3142  	2.32692    	0.0396465  
  2.3143  	2.32727    	0.0396622  
  2.3144  	2.32762    	0.0396779  
  2.3145  	2.32797    	0.0396936  
  2.3146  	2.32832    	0.0397093  
  2.3147  	2.32868    	0.039725   
  2.3148  	2.32903    	0.0397407  
  2.3149  	2.32938    	0.0397564  
  2.315   	2.32973    	0.0397721  
  2.3151  	2.33008    	0.0397879  
  2.3152  	2.33044    	0.0398036  
  2.3153  	2.33079    	0.0398194  
  2.3154  	2.33114    	0.0398351  
  2.3155  	2.33149    	0.0398509  
  2.3156  	2.33185    	0.0398667  
  2.3157  	2.3322     	0.0398825  
  2.3158  	2.33255    	0.0398983  
  2.3159  	2.33291    	0.0399141  
  2.316   	2.33326    	0.0399299  
  2.3161  	2.33361    	0.0399458  
  2.3162  	2.33397    	0.0399616  
  2.3163  	2.33432    	0.0399775  
  2.3164  	2.33467    	0.0399933  
  2.3165  	2.33503    	0.0400092  
  2.3166  	2.33538    	0.0400251  
  2.3167  	2.33574    	0.040041   
  2.3168  	2.33609    	0.0400569  
  2.3169  	2.33645    	0.0400728  
  2.317   	2.3368     	0.0400887  
  2.3171  	2.33716    	0.0401046  
  2.3172  	2.33751    	0.0401206  
  2.3173  	2.33787    	0.0401365  
  2.3174  	2.33822    	0.0401524  
  2.3175  	2.33858    	0.0401684  
  2.3176  	2.33893    	0.0401844  
  2.3177  	2.33929    	0.0402004  
  2.3178  	2.33965    	0.0402164  
  2.3179  	2.34       	0.0402324  
  2.318   	2.34036    	0.0402484  
  2.3181  	2.34071    	0.0402644  
  2.3182  	2.34107    	0.0402804  
  2.3183  	2.34143    	0.0402965  
  2.3184  	2.34178    	0.0403125  
  2.3185  	2.34214    	0.0403286  
  2.3186  	2.3425     	0.0403446  
  2.3187  	2.34286    	0.0403607  
  2.3188  	2.34321    	0.0403768  
  2.3189  	2.34357    	0.0403929  
  2.319   	2.34393    	0.040409   
  2.3191  	2.34429    	0.0404251  
  2.3192  	2.34464    	0.0404412  
  2.3193  	2.345      	0.0404573  
  2.3194  	2.34536    	0.0404735  
  2.3195  	2.34572    	0.0404896  
  2.3196  	2.34608    	0.0405058  
  2.3197  	2.34644    	0.040522   
  2.3198  	2.3468     	0.0405381  
  2.3199  	2.34716    	0.0405543  
  2.32    	2.34751    	0.0405705  
  2.3201  	2.34787    	0.0405867  
  2.3202  	2.34823    	0.040603   
  2.3203  	2.34859    	0.0406192  
  2.3204  	2.34895    	0.0406354  
  2.3205  	2.34931    	0.0406517  
  2.3206  	2.34967    	0.0406679  
  2.3207  	2.35003    	0.0406842  
  2.3208  	2.35039    	0.0407005  
  2.3209  	2.35075    	0.0407168  
  2.321   	2.35111    	0.040733   
  2.3211  	2.35147    	0.0407494  
  2.3212  	2.35184    	0.0407657  
  2.3213  	2.3522     	0.040782   
  2.3214  	2.35256    	0.0407983  
  2.3215  	2.35292    	0.0408147  
  2.3216  	2.35328    	0.040831   
  2.3217  	2.35364    	0.0408474  
  2.3218  	2.354      	0.0408637  
  2.3219  	2.35437    	0.0408801  
  2.322   	2.35473    	0.0408965  
  2.3221  	2.35509    	0.0409129  
  2.3222  	2.35545    	0.0409293  
  2.3223  	2.35582    	0.0409457  
  2.3224  	2.35618    	0.0409622  
  2.3225  	2.35654    	0.0409786  
  2.3226  	2.3569     	0.0409951  
  2.3227  	2.35727    	0.0410115  
  2.3228  	2.35763    	0.041028   
  2.3229  	2.35799    	0.0410445  
  2.323   	2.35836    	0.041061   
  2.3231  	2.35872    	0.0410775  
  2.3232  	2.35909    	0.041094   
  2.3233  	2.35945    	0.0411105  
  2.3234  	2.35981    	0.041127   
  2.3235  	2.36018    	0.0411435  
  2.3236  	2.36054    	0.0411601  
  2.3237  	2.36091    	0.0411766  
  2.3238  	2.36127    	0.0411932  
  2.3239  	2.36164    	0.0412098  
  2.324   	2.362      	0.0412264  
  2.3241  	2.36237    	0.041243   
  2.3242  	2.36273    	0.0412596  
  2.3243  	2.3631     	0.0412762  
  2.3244  	2.36346    	0.0412928  
  2.3245  	2.36383    	0.0413094  
  2.3246  	2.36419    	0.0413261  
  2.3247  	2.36456    	0.0413427  
  2.3248  	2.36493    	0.0413594  
  2.3249  	2.36529    	0.0413761  
  2.325   	2.36566    	0.0413928  
  2.3251  	2.36603    	0.0414095  
  2.3252  	2.36639    	0.0414262  
  2.3253  	2.36676    	0.0414429  
  2.3254  	2.36713    	0.0414596  
  2.3255  	2.3675     	0.0414763  
  2.3256  	2.36786    	0.0414931  
  2.3257  	2.36823    	0.0415098  
  2.3258  	2.3686     	0.0415266  
  2.3259  	2.36897    	0.0415434  
  2.326   	2.36933    	0.0415602  
  2.3261  	2.3697     	0.041577   
  2.3262  	2.37007    	0.0415938  
  2.3263  	2.37044    	0.0416106  
  2.3264  	2.37081    	0.0416274  
  2.3265  	2.37118    	0.0416442  
  2.3266  	2.37155    	0.0416611  
  2.3267  	2.37191    	0.0416779  
  2.3268  	2.37228    	0.0416948  
  2.3269  	2.37265    	0.0417117  
  2.327   	2.37302    	0.0417285  
  2.3271  	2.37339    	0.0417454  
  2.3272  	2.37376    	0.0417623  
  2.3273  	2.37413    	0.0417793  
  2.3274  	2.3745     	0.0417962  
  2.3275  	2.37487    	0.0418131  
  2.3276  	2.37524    	0.0418301  
  2.3277  	2.37561    	0.041847   
  2.3278  	2.37598    	0.041864   
  2.3279  	2.37636    	0.041881   
  2.328   	2.37673    	0.0418979  
  2.3281  	2.3771     	0.0419149  
  2.3282  	2.37747    	0.0419319  
  2.3283  	2.37784    	0.041949   
  2.3284  	2.37821    	0.041966   
  2.3285  	2.37858    	0.041983   
  2.3286  	2.37896    	0.0420001  
  2.3287  	2.37933    	0.0420171  
  2.3288  	2.3797     	0.0420342  
  2.3289  	2.38007    	0.0420513  
  2.329   	2.38045    	0.0420683  
  2.3291  	2.38082    	0.0420854  
  2.3292  	2.38119    	0.0421025  
  2.3293  	2.38156    	0.0421197  
  2.3294  	2.38194    	0.0421368  
  2.3295  	2.38231    	0.0421539  
  2.3296  	2.38269    	0.0421711  
  2.3297  	2.38306    	0.0421882  
  2.3298  	2.38343    	0.0422054  
  2.3299  	2.38381    	0.0422226  
  2.33    	2.38418    	0.0422398  
  2.3301  	2.38456    	0.042257   
  2.3302  	2.38493    	0.0422742  
  2.3303  	2.3853     	0.0422914  
  2.3304  	2.38568    	0.0423086  
  2.3305  	2.38605    	0.0423259  
  2.3306  	2.38643    	0.0423431  
  2.3307  	2.3868     	0.0423604  
  2.3308  	2.38718    	0.0423777  
  2.3309  	2.38756    	0.0423949  
  2.331   	2.38793    	0.0424122  
  2.3311  	2.38831    	0.0424295  
  2.3312  	2.38868    	0.0424469  
  2.3313  	2.38906    	0.0424642  
  2.3314  	2.38944    	0.0424815  
  2.3315  	2.38981    	0.0424989  
  2.3316  	2.39019    	0.0425162  
  2.3317  	2.39057    	0.0425336  
  2.3318  	2.39094    	0.042551   
  2.3319  	2.39132    	0.0425683  
  2.332   	2.3917     	0.0425857  
  2.3321  	2.39207    	0.0426031  
  2.3322  	2.39245    	0.0426206  
  2.3323  	2.39283    	0.042638   
  2.3324  	2.39321    	0.0426554  
  2.3325  	2.39359    	0.0426729  
  2.3326  	2.39396    	0.0426903  
  2.3327  	2.39434    	0.0427078  
  2.3328  	2.39472    	0.0427253  
  2.3329  	2.3951     	0.0427428  
  2.333   	2.39548    	0.0427603  
  2.3331  	2.39586    	0.0427778  
  2.3332  	2.39624    	0.0427953  
  2.3333  	2.39662    	0.0428128  
  2.3334  	2.39699    	0.0428304  
  2.3335  	2.39737    	0.0428479  
  2.3336  	2.39775    	0.0428655  
  2.3337  	2.39813    	0.0428831  
  2.3338  	2.39851    	0.0429007  
  2.3339  	2.39889    	0.0429183  
  2.334   	2.39927    	0.0429359  
  2.3341  	2.39966    	0.0429535  
  2.3342  	2.40004    	0.0429711  
  2.3343  	2.40042    	0.0429888  
  2.3344  	2.4008     	0.0430064  
  2.3345  	2.40118    	0.0430241  
  2.3346  	2.40156    	0.0430418  
  2.3347  	2.40194    	0.0430594  
  2.3348  	2.40232    	0.0430771  
  2.3349  	2.40271    	0.0430948  
  2.335   	2.40309    	0.0431125  
  2.3351  	2.40347    	0.0431303  
  2.3352  	2.40385    	0.043148   
  2.3353  	2.40423    	0.0431658  
  2.3354  	2.40462    	0.0431835  
  2.3355  	2.405      	0.0432013  
  2.3356  	2.40538    	0.0432191  
  2.3357  	2.40577    	0.0432368  
  2.3358  	2.40615    	0.0432546  
  2.3359  	2.40653    	0.0432725  
  2.336   	2.40692    	0.0432903  
  2.3361  	2.4073     	0.0433081  
  2.3362  	2.40768    	0.043326   
  2.3363  	2.40807    	0.0433438  
  2.3364  	2.40845    	0.0433617  
  2.3365  	2.40884    	0.0433796  
  2.3366  	2.40922    	0.0433974  
  2.3367  	2.40961    	0.0434153  
  2.3368  	2.40999    	0.0434332  
  2.3369  	2.41038    	0.0434512  
  2.337   	2.41076    	0.0434691  
  2.3371  	2.41115    	0.043487   
  2.3372  	2.41153    	0.043505   
  2.3373  	2.41192    	0.043523   
  2.3374  	2.4123     	0.0435409  
  2.3375  	2.41269    	0.0435589  
  2.3376  	2.41308    	0.0435769  
  2.3377  	2.41346    	0.0435949  
  2.3378  	2.41385    	0.0436129  
  2.3379  	2.41424    	0.043631   
  2.338   	2.41462    	0.043649   
  2.3381  	2.41501    	0.0436671  
  2.3382  	2.4154     	0.0436851  
  2.3383  	2.41578    	0.0437032  
  2.3384  	2.41617    	0.0437213  
  2.3385  	2.41656    	0.0437394  
  2.3386  	2.41695    	0.0437575  
  2.3387  	2.41733    	0.0437756  
  2.3388  	2.41772    	0.0437937  
  2.3389  	2.41811    	0.0438119  
  2.339   	2.4185     	0.04383    
  2.3391  	2.41889    	0.0438482  
  2.3392  	2.41928    	0.0438663  
  2.3393  	2.41967    	0.0438845  
  2.3394  	2.42005    	0.0439027  
  2.3395  	2.42044    	0.0439209  
  2.3396  	2.42083    	0.0439391  
  2.3397  	2.42122    	0.0439574  
  2.3398  	2.42161    	0.0439756  
  2.3399  	2.422      	0.0439939  
  2.34    	2.42239    	0.0440121  
  2.3401  	2.42278    	0.0440304  
  2.3402  	2.42317    	0.0440487  
  2.3403  	2.42356    	0.044067   
  2.3404  	2.42395    	0.0440853  
  2.3405  	2.42435    	0.0441036  
  2.3406  	2.42474    	0.0441219  
  2.3407  	2.42513    	0.0441403  
  2.3408  	2.42552    	0.0441586  
  2.3409  	2.42591    	0.044177   
  2.341   	2.4263     	0.0441954  
  2.3411  	2.42669    	0.0442137  
  2.3412  	2.42709    	0.0442321  
  2.3413  	2.42748    	0.0442505  
  2.3414  	2.42787    	0.044269   
  2.3415  	2.42826    	0.0442874  
  2.3416  	2.42866    	0.0443058  
  2.3417  	2.42905    	0.0443243  
  2.3418  	2.42944    	0.0443427  
  2.3419  	2.42984    	0.0443612  
  2.342   	2.43023    	0.0443797  
  2.3421  	2.43062    	0.0443982  
  2.3422  	2.43102    	0.0444167  
  2.3423  	2.43141    	0.0444352  
  2.3424  	2.4318     	0.0444538  
  2.3425  	2.4322     	0.0444723  
  2.3426  	2.43259    	0.0444909  
  2.3427  	2.43299    	0.0445094  
  2.3428  	2.43338    	0.044528   
  2.3429  	2.43378    	0.0445466  
  2.343   	2.43417    	0.0445652  
  2.3431  	2.43457    	0.0445838  
  2.3432  	2.43496    	0.0446024  
  2.3433  	2.43536    	0.0446211  
  2.3434  	2.43575    	0.0446397  
  2.3435  	2.43615    	0.0446584  
  2.3436  	2.43655    	0.044677   
  2.3437  	2.43694    	0.0446957  
  2.3438  	2.43734    	0.0447144  
  2.3439  	2.43774    	0.0447331  
  2.344   	2.43813    	0.0447518  
  2.3441  	2.43853    	0.0447706  
  2.3442  	2.43893    	0.0447893  
  2.3443  	2.43932    	0.044808   
  2.3444  	2.43972    	0.0448268  
  2.3445  	2.44012    	0.0448456  
  2.3446  	2.44052    	0.0448644  
  2.3447  	2.44091    	0.0448832  
  2.3448  	2.44131    	0.044902   
  2.3449  	2.44171    	0.0449208  
  2.345   	2.44211    	0.0449396  
  2.3451  	2.44251    	0.0449585  
  2.3452  	2.44291    	0.0449773  
  2.3453  	2.44331    	0.0449962  
  2.3454  	2.4437     	0.0450151  
  2.3455  	2.4441     	0.0450339  
  2.3456  	2.4445     	0.0450528  
  2.3457  	2.4449     	0.0450718  
  2.3458  	2.4453     	0.0450907  
  2.3459  	2.4457     	0.0451096  
  2.346   	2.4461     	0.0451286  
  2.3461  	2.4465     	0.0451475  
  2.3462  	2.4469     	0.0451665  
  2.3463  	2.4473     	0.0451855  
  2.3464  	2.4477     	0.0452045  
  2.3465  	2.44811    	0.0452235  
  2.3466  	2.44851    	0.0452425  
  2.3467  	2.44891    	0.0452615  
  2.3468  	2.44931    	0.0452806  
  2.3469  	2.44971    	0.0452996  
  2.347   	2.45011    	0.0453187  
  2.3471  	2.45052    	0.0453378  
  2.3472  	2.45092    	0.0453569  
  2.3473  	2.45132    	0.045376   
  2.3474  	2.45172    	0.0453951  
  2.3475  	2.45213    	0.0454142  
  2.3476  	2.45253    	0.0454333  
  2.3477  	2.45293    	0.0454525  
  2.3478  	2.45333    	0.0454716  
  2.3479  	2.45374    	0.0454908  
  2.348   	2.45414    	0.04551    
  2.3481  	2.45454    	0.0455292  
  2.3482  	2.45495    	0.0455484  
  2.3483  	2.45535    	0.0455676  
  2.3484  	2.45576    	0.0455868  
  2.3485  	2.45616    	0.0456061  
  2.3486  	2.45657    	0.0456253  
  2.3487  	2.45697    	0.0456446  
  2.3488  	2.45738    	0.0456639  
  2.3489  	2.45778    	0.0456832  
  2.349   	2.45819    	0.0457025  
  2.3491  	2.45859    	0.0457218  
  2.3492  	2.459      	0.0457411  
  2.3493  	2.4594     	0.0457605  
  2.3494  	2.45981    	0.0457798  
  2.3495  	2.46022    	0.0457992  
  2.3496  	2.46062    	0.0458186  
  2.3497  	2.46103    	0.0458379  
  2.3498  	2.46143    	0.0458573  
  2.3499  	2.46184    	0.0458768  
  2.35    	2.46225    	0.0458962  
  2.3501  	2.46266    	0.0459156  
  2.3502  	2.46306    	0.0459351  
  2.3503  	2.46347    	0.0459545  
  2.3504  	2.46388    	0.045974   
  2.3505  	2.46429    	0.0459935  
  2.3506  	2.46469    	0.046013   
  2.3507  	2.4651     	0.0460325  
  2.3508  	2.46551    	0.046052   
  2.3509  	2.46592    	0.0460715  
  2.351   	2.46633    	0.0460911  
  2.3511  	2.46674    	0.0461106  
  2.3512  	2.46715    	0.0461302  
  2.3513  	2.46756    	0.0461498  
  2.3514  	2.46797    	0.0461694  
  2.3515  	2.46838    	0.046189   
  2.3516  	2.46879    	0.0462086  
  2.3517  	2.4692     	0.0462282  
  2.3518  	2.46961    	0.0462479  
  2.3519  	2.47002    	0.0462675  
  2.352   	2.47043    	0.0462872  
  2.3521  	2.47084    	0.0463069  
  2.3522  	2.47125    	0.0463266  
  2.3523  	2.47166    	0.0463463  
  2.3524  	2.47207    	0.046366   
  2.3525  	2.47248    	0.0463857  
  2.3526  	2.47289    	0.0464055  
  2.3527  	2.47331    	0.0464252  
  2.3528  	2.47372    	0.046445   
  2.3529  	2.47413    	0.0464648  
  2.353   	2.47454    	0.0464846  
  2.3531  	2.47495    	0.0465044  
  2.3532  	2.47537    	0.0465242  
  2.3533  	2.47578    	0.046544   
  2.3534  	2.47619    	0.0465639  
  2.3535  	2.47661    	0.0465837  
  2.3536  	2.47702    	0.0466036  
  2.3537  	2.47743    	0.0466235  
  2.3538  	2.47785    	0.0466433  
  2.3539  	2.47826    	0.0466632  
  2.354   	2.47868    	0.0466832  
  2.3541  	2.47909    	0.0467031  
  2.3542  	2.4795     	0.046723   
  2.3543  	2.47992    	0.046743   
  2.3544  	2.48033    	0.046763   
  2.3545  	2.48075    	0.0467829  
  2.3546  	2.48116    	0.0468029  
  2.3547  	2.48158    	0.0468229  
  2.3548  	2.48199    	0.0468429  
  2.3549  	2.48241    	0.046863   
  2.355   	2.48283    	0.046883   
  2.3551  	2.48324    	0.0469031  
  2.3552  	2.48366    	0.0469231  
  2.3553  	2.48408    	0.0469432  
  2.3554  	2.48449    	0.0469633  
  2.3555  	2.48491    	0.0469834  
  2.3556  	2.48533    	0.0470035  
  2.3557  	2.48574    	0.0470237  
  2.3558  	2.48616    	0.0470438  
  2.3559  	2.48658    	0.047064   
  2.356   	2.487      	0.0470841  
  2.3561  	2.48741    	0.0471043  
  2.3562  	2.48783    	0.0471245  
  2.3563  	2.48825    	0.0471447  
  2.3564  	2.48867    	0.0471649  
  2.3565  	2.48909    	0.0471852  
  2.3566  	2.48951    	0.0472054  
  2.3567  	2.48993    	0.0472257  
  2.3568  	2.49034    	0.0472459  
  2.3569  	2.49076    	0.0472662  
  2.357   	2.49118    	0.0472865  
  2.3571  	2.4916     	0.0473068  
  2.3572  	2.49202    	0.0473271  
  2.3573  	2.49244    	0.0473475  
  2.3574  	2.49286    	0.0473678  
  2.3575  	2.49328    	0.0473882  
  2.3576  	2.4937     	0.0474086  
  2.3577  	2.49413    	0.0474289  
  2.3578  	2.49455    	0.0474493  
  2.3579  	2.49497    	0.0474698  
  2.358   	2.49539    	0.0474902  
  2.3581  	2.49581    	0.0475106  
  2.3582  	2.49623    	0.0475311  
  2.3583  	2.49665    	0.0475515  
  2.3584  	2.49708    	0.047572   
  2.3585  	2.4975     	0.0475925  
  2.3586  	2.49792    	0.047613   
  2.3587  	2.49834    	0.0476335  
  2.3588  	2.49877    	0.047654   
  2.3589  	2.49919    	0.0476746  
  2.359   	2.49961    	0.0476951  
  2.3591  	2.50004    	0.0477157  
  2.3592  	2.50046    	0.0477363  
  2.3593  	2.50088    	0.0477569  
  2.3594  	2.50131    	0.0477775  
  2.3595  	2.50173    	0.0477981  
  2.3596  	2.50216    	0.0478187  
  2.3597  	2.50258    	0.0478394  
  2.3598  	2.50301    	0.04786    
  2.3599  	2.50343    	0.0478807  
  2.36    	2.50386    	0.0479014  
  2.3601  	2.50428    	0.0479221  
  2.3602  	2.50471    	0.0479428  
  2.3603  	2.50513    	0.0479635  
  2.3604  	2.50556    	0.0479843  
  2.3605  	2.50598    	0.048005   
  2.3606  	2.50641    	0.0480258  
  2.3607  	2.50684    	0.0480466  
  2.3608  	2.50726    	0.0480674  
  2.3609  	2.50769    	0.0480882  
  2.361   	2.50812    	0.048109   
  2.3611  	2.50854    	0.0481298  
  2.3612  	2.50897    	0.0481507  
  2.3613  	2.5094     	0.0481715  
  2.3614  	2.50983    	0.0481924  
  2.3615  	2.51026    	0.0482133  
  2.3616  	2.51068    	0.0482342  
  2.3617  	2.51111    	0.0482551  
  2.3618  	2.51154    	0.048276   
  2.3619  	2.51197    	0.0482969  
  2.362   	2.5124     	0.0483179  
  2.3621  	2.51283    	0.0483389  
  2.3622  	2.51326    	0.0483598  
  2.3623  	2.51369    	0.0483808  
  2.3624  	2.51412    	0.0484018  
  2.3625  	2.51455    	0.0484229  
  2.3626  	2.51498    	0.0484439  
  2.3627  	2.51541    	0.0484649  
  2.3628  	2.51584    	0.048486   
  2.3629  	2.51627    	0.0485071  
  2.363   	2.5167     	0.0485281  
  2.3631  	2.51713    	0.0485492  
  2.3632  	2.51756    	0.0485704  
  2.3633  	2.51799    	0.0485915  
  2.3634  	2.51842    	0.0486126  
  2.3635  	2.51885    	0.0486338  
  2.3636  	2.51929    	0.0486549  
  2.3637  	2.51972    	0.0486761  
  2.3638  	2.52015    	0.0486973  
  2.3639  	2.52058    	0.0487185  
  2.364   	2.52102    	0.0487397  
  2.3641  	2.52145    	0.048761   
  2.3642  	2.52188    	0.0487822  
  2.3643  	2.52231    	0.0488035  
  2.3644  	2.52275    	0.0488248  
  2.3645  	2.52318    	0.048846   
  2.3646  	2.52362    	0.0488674  
  2.3647  	2.52405    	0.0488887  
  2.3648  	2.52448    	0.04891    
  2.3649  	2.52492    	0.0489313  
  2.365   	2.52535    	0.0489527  
  2.3651  	2.52579    	0.0489741  
  2.3652  	2.52622    	0.0489955  
  2.3653  	2.52666    	0.0490169  
  2.3654  	2.52709    	0.0490383  
  2.3655  	2.52753    	0.0490597  
  2.3656  	2.52796    	0.0490811  
  2.3657  	2.5284     	0.0491026  
  2.3658  	2.52884    	0.0491241  
  2.3659  	2.52927    	0.0491455  
  2.366   	2.52971    	0.049167   
  2.3661  	2.53015    	0.0491885  
  2.3662  	2.53058    	0.0492101  
  2.3663  	2.53102    	0.0492316  
  2.3664  	2.53146    	0.0492531  
  2.3665  	2.5319     	0.0492747  
  2.3666  	2.53233    	0.0492963  
  2.3667  	2.53277    	0.0493179  
  2.3668  	2.53321    	0.0493395  
  2.3669  	2.53365    	0.0493611  
  2.367   	2.53409    	0.0493827  
  2.3671  	2.53452    	0.0494044  
  2.3672  	2.53496    	0.0494261  
  2.3673  	2.5354     	0.0494477  
  2.3674  	2.53584    	0.0494694  
  2.3675  	2.53628    	0.0494911  
  2.3676  	2.53672    	0.0495128  
  2.3677  	2.53716    	0.0495346  
  2.3678  	2.5376     	0.0495563  
  2.3679  	2.53804    	0.0495781  
  2.368   	2.53848    	0.0495999  
  2.3681  	2.53892    	0.0496216  
  2.3682  	2.53936    	0.0496434  
  2.3683  	2.5398     	0.0496653  
  2.3684  	2.54025    	0.0496871  
  2.3685  	2.54069    	0.0497089  
  2.3686  	2.54113    	0.0497308  
  2.3687  	2.54157    	0.0497527  
  2.3688  	2.54201    	0.0497746  
  2.3689  	2.54245    	0.0497965  
  2.369   	2.5429     	0.0498184  
  2.3691  	2.54334    	0.0498403  
  2.3692  	2.54378    	0.0498622  
  2.3693  	2.54423    	0.0498842  
  2.3694  	2.54467    	0.0499062  
  2.3695  	2.54511    	0.0499282  
  2.3696  	2.54556    	0.0499502  
  2.3697  	2.546      	0.0499722  
  2.3698  	2.54644    	0.0499942  
  2.3699  	2.54689    	0.0500163  
  2.37    	2.54733    	0.0500383  
  2.3701  	2.54778    	0.0500604  
  2.3702  	2.54822    	0.0500825  
  2.3703  	2.54867    	0.0501046  
  2.3704  	2.54911    	0.0501267  
  2.3705  	2.54956    	0.0501488  
  2.3706  	2.55       	0.050171   
  2.3707  	2.55045    	0.0501931  
  2.3708  	2.55089    	0.0502153  
  2.3709  	2.55134    	0.0502375  
  2.371   	2.55179    	0.0502597  
  2.3711  	2.55223    	0.0502819  
  2.3712  	2.55268    	0.0503041  
  2.3713  	2.55313    	0.0503264  
  2.3714  	2.55357    	0.0503486  
  2.3715  	2.55402    	0.0503709  
  2.3716  	2.55447    	0.0503932  
  2.3717  	2.55492    	0.0504155  
  2.3718  	2.55537    	0.0504378  
  2.3719  	2.55581    	0.0504601  
  2.372   	2.55626    	0.0504825  
  2.3721  	2.55671    	0.0505049  
  2.3722  	2.55716    	0.0505272  
  2.3723  	2.55761    	0.0505496  
  2.3724  	2.55806    	0.050572   
  2.3725  	2.55851    	0.0505944  
  2.3726  	2.55896    	0.0506169  
  2.3727  	2.55941    	0.0506393  
  2.3728  	2.55986    	0.0506618  
  2.3729  	2.56031    	0.0506843  
  2.373   	2.56076    	0.0507068  
  2.3731  	2.56121    	0.0507293  
  2.3732  	2.56166    	0.0507518  
  2.3733  	2.56211    	0.0507743  
  2.3734  	2.56256    	0.0507969  
  2.3735  	2.56301    	0.0508195  
  2.3736  	2.56346    	0.050842   
  2.3737  	2.56392    	0.0508646  
  2.3738  	2.56437    	0.0508872  
  2.3739  	2.56482    	0.0509099  
  2.374   	2.56527    	0.0509325  
  2.3741  	2.56573    	0.0509552  
  2.3742  	2.56618    	0.0509778  
  2.3743  	2.56663    	0.0510005  
  2.3744  	2.56709    	0.0510232  
  2.3745  	2.56754    	0.0510459  
  2.3746  	2.56799    	0.0510687  
  2.3747  	2.56845    	0.0510914  
  2.3748  	2.5689     	0.0511142  
  2.3749  	2.56935    	0.0511369  
  2.375   	2.56981    	0.0511597  
  2.3751  	2.57026    	0.0511825  
  2.3752  	2.57072    	0.0512054  
  2.3753  	2.57117    	0.0512282  
  2.3754  	2.57163    	0.051251   
  2.3755  	2.57209    	0.0512739  
  2.3756  	2.57254    	0.0512968  
  2.3757  	2.573      	0.0513197  
  2.3758  	2.57345    	0.0513426  
  2.3759  	2.57391    	0.0513655  
  2.376   	2.57437    	0.0513885  
  2.3761  	2.57482    	0.0514114  
  2.3762  	2.57528    	0.0514344  
  2.3763  	2.57574    	0.0514574  
  2.3764  	2.57619    	0.0514804  
  2.3765  	2.57665    	0.0515034  
  2.3766  	2.57711    	0.0515264  
  2.3767  	2.57757    	0.0515495  
  2.3768  	2.57803    	0.0515725  
  2.3769  	2.57849    	0.0515956  
  2.377   	2.57894    	0.0516187  
  2.3771  	2.5794     	0.0516418  
  2.3772  	2.57986    	0.0516649  
  2.3773  	2.58032    	0.051688   
  2.3774  	2.58078    	0.0517112  
  2.3775  	2.58124    	0.0517344  
  2.3776  	2.5817     	0.0517575  
  2.3777  	2.58216    	0.0517807  
  2.3778  	2.58262    	0.051804   
  2.3779  	2.58308    	0.0518272  
  2.378   	2.58354    	0.0518504  
  2.3781  	2.584      	0.0518737  
  2.3782  	2.58446    	0.051897   
  2.3783  	2.58493    	0.0519202  
  2.3784  	2.58539    	0.0519436  
  2.3785  	2.58585    	0.0519669  
  2.3786  	2.58631    	0.0519902  
  2.3787  	2.58677    	0.0520136  
  2.3788  	2.58724    	0.0520369  
  2.3789  	2.5877     	0.0520603  
  2.379   	2.58816    	0.0520837  
  2.3791  	2.58862    	0.0521071  
  2.3792  	2.58909    	0.0521305  
  2.3793  	2.58955    	0.052154   
  2.3794  	2.59002    	0.0521775  
  2.3795  	2.59048    	0.0522009  
  2.3796  	2.59094    	0.0522244  
  2.3797  	2.59141    	0.0522479  
  2.3798  	2.59187    	0.0522714  
  2.3799  	2.59234    	0.052295   
  2.38    	2.5928     	0.0523185  
  2.3801  	2.59327    	0.0523421  
  2.3802  	2.59373    	0.0523657  
  2.3803  	2.5942     	0.0523893  
  2.3804  	2.59466    	0.0524129  
  2.3805  	2.59513    	0.0524365  
  2.3806  	2.5956     	0.0524602  
  2.3807  	2.59606    	0.0524838  
  2.3808  	2.59653    	0.0525075  
  2.3809  	2.597      	0.0525312  
  2.381   	2.59746    	0.0525549  
  2.3811  	2.59793    	0.0525787  
  2.3812  	2.5984     	0.0526024  
  2.3813  	2.59887    	0.0526262  
  2.3814  	2.59934    	0.0526499  
  2.3815  	2.5998     	0.0526737  
  2.3816  	2.60027    	0.0526975  
  2.3817  	2.60074    	0.0527213  
  2.3818  	2.60121    	0.0527452  
  2.3819  	2.60168    	0.052769   
  2.382   	2.60215    	0.0527929  
  2.3821  	2.60262    	0.0528168  
  2.3822  	2.60309    	0.0528407  
  2.3823  	2.60356    	0.0528646  
  2.3824  	2.60403    	0.0528885  
  2.3825  	2.6045     	0.0529125  
  2.3826  	2.60497    	0.0529364  
  2.3827  	2.60544    	0.0529604  
  2.3828  	2.60591    	0.0529844  
  2.3829  	2.60638    	0.0530084  
  2.383   	2.60685    	0.0530324  
  2.3831  	2.60733    	0.0530565  
  2.3832  	2.6078     	0.0530806  
  2.3833  	2.60827    	0.0531046  
  2.3834  	2.60874    	0.0531287  
  2.3835  	2.60921    	0.0531528  
  2.3836  	2.60969    	0.053177   
  2.3837  	2.61016    	0.0532011  
  2.3838  	2.61063    	0.0532252  
  2.3839  	2.61111    	0.0532494  
  2.384   	2.61158    	0.0532736  
  2.3841  	2.61205    	0.0532978  
  2.3842  	2.61253    	0.053322   
  2.3843  	2.613      	0.0533463  
  2.3844  	2.61348    	0.0533705  
  2.3845  	2.61395    	0.0533948  
  2.3846  	2.61443    	0.0534191  
  2.3847  	2.6149     	0.0534434  
  2.3848  	2.61538    	0.0534677  
  2.3849  	2.61585    	0.053492   
  2.385   	2.61633    	0.0535164  
  2.3851  	2.61681    	0.0535408  
  2.3852  	2.61728    	0.0535651  
  2.3853  	2.61776    	0.0535895  
  2.3854  	2.61823    	0.0536139  
  2.3855  	2.61871    	0.0536384  
  2.3856  	2.61919    	0.0536628  
  2.3857  	2.61967    	0.0536873  
  2.3858  	2.62014    	0.0537118  
  2.3859  	2.62062    	0.0537363  
  2.386   	2.6211     	0.0537608  
  2.3861  	2.62158    	0.0537853  
  2.3862  	2.62206    	0.0538099  
  2.3863  	2.62254    	0.0538344  
  2.3864  	2.62301    	0.053859   
  2.3865  	2.62349    	0.0538836  
  2.3866  	2.62397    	0.0539082  
  2.3867  	2.62445    	0.0539329  
  2.3868  	2.62493    	0.0539575  
  2.3869  	2.62541    	0.0539822  
  2.387   	2.62589    	0.0540068  
  2.3871  	2.62637    	0.0540315  
  2.3872  	2.62685    	0.0540563  
  2.3873  	2.62734    	0.054081   
  2.3874  	2.62782    	0.0541057  
  2.3875  	2.6283     	0.0541305  
  2.3876  	2.62878    	0.0541553  
  2.3877  	2.62926    	0.0541801  
  2.3878  	2.62974    	0.0542049  
  2.3879  	2.63023    	0.0542297  
  2.388   	2.63071    	0.0542546  
  2.3881  	2.63119    	0.0542794  
  2.3882  	2.63167    	0.0543043  
  2.3883  	2.63216    	0.0543292  
  2.3884  	2.63264    	0.0543541  
  2.3885  	2.63313    	0.054379   
  2.3886  	2.63361    	0.054404   
  2.3887  	2.63409    	0.0544289  
  2.3888  	2.63458    	0.0544539  
  2.3889  	2.63506    	0.0544789  
  2.389   	2.63555    	0.0545039  
  2.3891  	2.63603    	0.054529   
  2.3892  	2.63652    	0.054554   
  2.3893  	2.637      	0.0545791  
  2.3894  	2.63749    	0.0546042  
  2.3895  	2.63797    	0.0546293  
  2.3896  	2.63846    	0.0546544  
  2.3897  	2.63895    	0.0546795  
  2.3898  	2.63943    	0.0547047  
  2.3899  	2.63992    	0.0547298  
  2.39    	2.64041    	0.054755   
  2.3901  	2.6409     	0.0547802  
  2.3902  	2.64138    	0.0548054  
  2.3903  	2.64187    	0.0548307  
  2.3904  	2.64236    	0.0548559  
  2.3905  	2.64285    	0.0548812  
  2.3906  	2.64334    	0.0549065  
  2.3907  	2.64382    	0.0549318  
  2.3908  	2.64431    	0.0549571  
  2.3909  	2.6448     	0.0549824  
  2.391   	2.64529    	0.0550078  
  2.3911  	2.64578    	0.0550332  
  2.3912  	2.64627    	0.0550586  
  2.3913  	2.64676    	0.055084   
  2.3914  	2.64725    	0.0551094  
  2.3915  	2.64774    	0.0551348  
  2.3916  	2.64823    	0.0551603  
  2.3917  	2.64872    	0.0551858  
  2.3918  	2.64921    	0.0552113  
  2.3919  	2.64971    	0.0552368  
  2.392   	2.6502     	0.0552623  
  2.3921  	2.65069    	0.0552879  
  2.3922  	2.65118    	0.0553134  
  2.3923  	2.65167    	0.055339   
  2.3924  	2.65217    	0.0553646  
  2.3925  	2.65266    	0.0553902  
  2.3926  	2.65315    	0.0554158  
  2.3927  	2.65365    	0.0554415  
  2.3928  	2.65414    	0.0554672  
  2.3929  	2.65463    	0.0554928  
  2.393   	2.65513    	0.0555185  
  2.3931  	2.65562    	0.0555443  
  2.3932  	2.65612    	0.05557    
  2.3933  	2.65661    	0.0555958  
  2.3934  	2.65711    	0.0556215  
  2.3935  	2.6576     	0.0556473  
  2.3936  	2.6581     	0.0556731  
  2.3937  	2.65859    	0.055699   
  2.3938  	2.65909    	0.0557248  
  2.3939  	2.65958    	0.0557507  
  2.394   	2.66008    	0.0557765  
  2.3941  	2.66058    	0.0558024  
  2.3942  	2.66107    	0.0558284  
  2.3943  	2.66157    	0.0558543  
  2.3944  	2.66207    	0.0558802  
  2.3945  	2.66257    	0.0559062  
  2.3946  	2.66306    	0.0559322  
  2.3947  	2.66356    	0.0559582  
  2.3948  	2.66406    	0.0559842  
  2.3949  	2.66456    	0.0560102  
  2.395   	2.66506    	0.0560363  
  2.3951  	2.66556    	0.0560624  
  2.3952  	2.66606    	0.0560885  
  2.3953  	2.66656    	0.0561146  
  2.3954  	2.66706    	0.0561407  
  2.3955  	2.66756    	0.0561668  
  2.3956  	2.66806    	0.056193   
  2.3957  	2.66856    	0.0562192  
  2.3958  	2.66906    	0.0562454  
  2.3959  	2.66956    	0.0562716  
  2.396   	2.67006    	0.0562978  
  2.3961  	2.67056    	0.0563241  
  2.3962  	2.67106    	0.0563504  
  2.3963  	2.67156    	0.0563767  
  2.3964  	2.67207    	0.056403   
  2.3965  	2.67257    	0.0564293  
  2.3966  	2.67307    	0.0564556  
  2.3967  	2.67357    	0.056482   
  2.3968  	2.67408    	0.0565084  
  2.3969  	2.67458    	0.0565348  
  2.397   	2.67508    	0.0565612  
  2.3971  	2.67559    	0.0565876  
  2.3972  	2.67609    	0.0566141  
  2.3973  	2.67659    	0.0566405  
  2.3974  	2.6771     	0.056667   
  2.3975  	2.6776     	0.0566935  
  2.3976  	2.67811    	0.0567201  
  2.3977  	2.67861    	0.0567466  
  2.3978  	2.67912    	0.0567732  
  2.3979  	2.67962    	0.0567997  
  2.398   	2.68013    	0.0568263  
  2.3981  	2.68064    	0.056853   
  2.3982  	2.68114    	0.0568796  
  2.3983  	2.68165    	0.0569062  
  2.3984  	2.68216    	0.0569329  
  2.3985  	2.68266    	0.0569596  
  2.3986  	2.68317    	0.0569863  
  2.3987  	2.68368    	0.057013   
  2.3988  	2.68419    	0.0570398  
  2.3989  	2.68469    	0.0570666  
  2.399   	2.6852     	0.0570933  
  2.3991  	2.68571    	0.0571201  
  2.3992  	2.68622    	0.057147   
  2.3993  	2.68673    	0.0571738  
  2.3994  	2.68724    	0.0572006  
  2.3995  	2.68775    	0.0572275  
  2.3996  	2.68826    	0.0572544  
  2.3997  	2.68877    	0.0572813  
  2.3998  	2.68928    	0.0573083  
  2.3999  	2.68979    	0.0573352  
  2.4     	2.6903     	0.0573622  
  2.4001  	2.69081    	0.0573892  
  2.4002  	2.69132    	0.0574162  
  2.4003  	2.69183    	0.0574432  
  2.4004  	2.69235    	0.0574702  
  2.4005  	2.69286    	0.0574973  
  2.4006  	2.69337    	0.0575244  
  2.4007  	2.69388    	0.0575515  
  2.4008  	2.69439    	0.0575786  
  2.4009  	2.69491    	0.0576057  
  2.401   	2.69542    	0.0576329  
  2.4011  	2.69593    	0.0576601  
  2.4012  	2.69645    	0.0576872  
  2.4013  	2.69696    	0.0577145  
  2.4014  	2.69748    	0.0577417  
  2.4015  	2.69799    	0.0577689  
  2.4016  	2.69851    	0.0577962  
  2.4017  	2.69902    	0.0578235  
  2.4018  	2.69954    	0.0578508  
  2.4019  	2.70005    	0.0578781  
  2.402   	2.70057    	0.0579055  
  2.4021  	2.70108    	0.0579328  
  2.4022  	2.7016     	0.0579602  
  2.4023  	2.70212    	0.0579876  
  2.4024  	2.70263    	0.058015   
  2.4025  	2.70315    	0.0580425  
  2.4026  	2.70367    	0.0580699  
  2.4027  	2.70418    	0.0580974  
  2.4028  	2.7047     	0.0581249  
  2.4029  	2.70522    	0.0581524  
  2.403   	2.70574    	0.05818    
  2.4031  	2.70626    	0.0582075  
  2.4032  	2.70678    	0.0582351  
  2.4033  	2.70729    	0.0582627  
  2.4034  	2.70781    	0.0582903  
  2.4035  	2.70833    	0.0583179  
  2.4036  	2.70885    	0.0583456  
  2.4037  	2.70937    	0.0583732  
  2.4038  	2.70989    	0.0584009  
  2.4039  	2.71041    	0.0584286  
  2.404   	2.71093    	0.0584564  
  2.4041  	2.71145    	0.0584841  
  2.4042  	2.71198    	0.0585119  
  2.4043  	2.7125     	0.0585397  
  2.4044  	2.71302    	0.0585675  
  2.4045  	2.71354    	0.0585953  
  2.4046  	2.71406    	0.0586231  
  2.4047  	2.71459    	0.058651   
  2.4048  	2.71511    	0.0586789  
  2.4049  	2.71563    	0.0587068  
  2.405   	2.71615    	0.0587347  
  2.4051  	2.71668    	0.0587626  
  2.4052  	2.7172     	0.0587906  
  2.4053  	2.71773    	0.0588186  
  2.4054  	2.71825    	0.0588466  
  2.4055  	2.71878    	0.0588746  
  2.4056  	2.7193     	0.0589026  
  2.4057  	2.71982    	0.0589307  
  2.4058  	2.72035    	0.0589588  
  2.4059  	2.72088    	0.0589869  
  2.406   	2.7214     	0.059015   
  2.4061  	2.72193    	0.0590431  
  2.4062  	2.72245    	0.0590713  
  2.4063  	2.72298    	0.0590995  
  2.4064  	2.72351    	0.0591277  
  2.4065  	2.72403    	0.0591559  
  2.4066  	2.72456    	0.0591841  
  2.4067  	2.72509    	0.0592124  
  2.4068  	2.72562    	0.0592406  
  2.4069  	2.72615    	0.0592689  
  2.407   	2.72667    	0.0592973  
  2.4071  	2.7272     	0.0593256  
  2.4072  	2.72773    	0.0593539  
  2.4073  	2.72826    	0.0593823  
  2.4074  	2.72879    	0.0594107  
  2.4075  	2.72932    	0.0594391  
  2.4076  	2.72985    	0.0594676  
  2.4077  	2.73038    	0.059496   
  2.4078  	2.73091    	0.0595245  
  2.4079  	2.73144    	0.059553   
  2.408   	2.73197    	0.0595815  
  2.4081  	2.7325     	0.05961    
  2.4082  	2.73303    	0.0596386  
  2.4083  	2.73357    	0.0596672  
  2.4084  	2.7341     	0.0596958  
  2.4085  	2.73463    	0.0597244  
  2.4086  	2.73516    	0.059753   
  2.4087  	2.7357     	0.0597817  
  2.4088  	2.73623    	0.0598104  
  2.4089  	2.73676    	0.0598391  
  2.409   	2.7373     	0.0598678  
  2.4091  	2.73783    	0.0598965  
  2.4092  	2.73836    	0.0599253  
  2.4093  	2.7389     	0.059954   
  2.4094  	2.73943    	0.0599828  
  2.4095  	2.73997    	0.0600117  
  2.4096  	2.7405     	0.0600405  
  2.4097  	2.74104    	0.0600694  
  2.4098  	2.74157    	0.0600982  
  2.4099  	2.74211    	0.0601271  
  2.41    	2.74265    	0.0601561  
  2.4101  	2.74318    	0.060185   
  2.4102  	2.74372    	0.060214   
  2.4103  	2.74426    	0.0602429  
  2.4104  	2.74479    	0.060272   
  2.4105  	2.74533    	0.060301   
  2.4106  	2.74587    	0.06033    
  2.4107  	2.74641    	0.0603591  
  2.4108  	2.74694    	0.0603882  
  2.4109  	2.74748    	0.0604173  
  2.411   	2.74802    	0.0604464  
  2.4111  	2.74856    	0.0604755  
  2.4112  	2.7491     	0.0605047  
  2.4113  	2.74964    	0.0605339  
  2.4114  	2.75018    	0.0605631  
  2.4115  	2.75072    	0.0605923  
  2.4116  	2.75126    	0.0606216  
  2.4117  	2.7518     	0.0606509  
  2.4118  	2.75234    	0.0606802  
  2.4119  	2.75288    	0.0607095  
  2.412   	2.75343    	0.0607388  
  2.4121  	2.75397    	0.0607682  
  2.4122  	2.75451    	0.0607975  
  2.4123  	2.75505    	0.0608269  
  2.4124  	2.75559    	0.0608563  
  2.4125  	2.75614    	0.0608858  
  2.4126  	2.75668    	0.0609152  
  2.4127  	2.75722    	0.0609447  
  2.4128  	2.75777    	0.0609742  
  2.4129  	2.75831    	0.0610037  
  2.413   	2.75886    	0.0610333  
  2.4131  	2.7594     	0.0610628  
  2.4132  	2.75994    	0.0610924  
  2.4133  	2.76049    	0.061122   
  2.4134  	2.76103    	0.0611517  
  2.4135  	2.76158    	0.0611813  
  2.4136  	2.76213    	0.061211   
  2.4137  	2.76267    	0.0612407  
  2.4138  	2.76322    	0.0612704  
  2.4139  	2.76376    	0.0613001  
  2.414   	2.76431    	0.0613299  
  2.4141  	2.76486    	0.0613596  
  2.4142  	2.76541    	0.0613894  
  2.4143  	2.76595    	0.0614193  
  2.4144  	2.7665     	0.0614491  
  2.4145  	2.76705    	0.061479   
  2.4146  	2.7676     	0.0615088  
  2.4147  	2.76815    	0.0615387  
  2.4148  	2.7687     	0.0615687  
  2.4149  	2.76925    	0.0615986  
  2.415   	2.7698     	0.0616286  
  2.4151  	2.77035    	0.0616586  
  2.4152  	2.7709     	0.0616886  
  2.4153  	2.77145    	0.0617186  
  2.4154  	2.772      	0.0617487  
  2.4155  	2.77255    	0.0617787  
  2.4156  	2.7731     	0.0618088  
  2.4157  	2.77365    	0.0618389  
  2.4158  	2.7742     	0.0618691  
  2.4159  	2.77475    	0.0618992  
  2.416   	2.77531    	0.0619294  
  2.4161  	2.77586    	0.0619596  
  2.4162  	2.77641    	0.0619899  
  2.4163  	2.77697    	0.0620201  
  2.4164  	2.77752    	0.0620504  
  2.4165  	2.77807    	0.0620807  
  2.4166  	2.77863    	0.062111   
  2.4167  	2.77918    	0.0621413  
  2.4168  	2.77974    	0.0621717  
  2.4169  	2.78029    	0.062202   
  2.417   	2.78085    	0.0622324  
  2.4171  	2.7814     	0.0622629  
  2.4172  	2.78196    	0.0622933  
  2.4173  	2.78251    	0.0623238  
  2.4174  	2.78307    	0.0623543  
  2.4175  	2.78363    	0.0623848  
  2.4176  	2.78418    	0.0624153  
  2.4177  	2.78474    	0.0624459  
  2.4178  	2.7853     	0.0624764  
  2.4179  	2.78585    	0.062507   
  2.418   	2.78641    	0.0625376  
  2.4181  	2.78697    	0.0625683  
  2.4182  	2.78753    	0.062599   
  2.4183  	2.78809    	0.0626296  
  2.4184  	2.78865    	0.0626603  
  2.4185  	2.78921    	0.0626911  
  2.4186  	2.78977    	0.0627218  
  2.4187  	2.79033    	0.0627526  
  2.4188  	2.79089    	0.0627834  
  2.4189  	2.79145    	0.0628142  
  2.419   	2.79201    	0.0628451  
  2.4191  	2.79257    	0.0628759  
  2.4192  	2.79313    	0.0629068  
  2.4193  	2.79369    	0.0629377  
  2.4194  	2.79425    	0.0629686  
  2.4195  	2.79481    	0.0629996  
  2.4196  	2.79538    	0.0630306  
  2.4197  	2.79594    	0.0630616  
  2.4198  	2.7965     	0.0630926  
  2.4199  	2.79707    	0.0631236  
  2.42    	2.79763    	0.0631547  
  2.4201  	2.79819    	0.0631858  
  2.4202  	2.79876    	0.0632169  
  2.4203  	2.79932    	0.063248   
  2.4204  	2.79989    	0.0632792  
  2.4205  	2.80045    	0.0633103  
  2.4206  	2.80102    	0.0633415  
  2.4207  	2.80158    	0.0633728  
  2.4208  	2.80215    	0.063404   
  2.4209  	2.80271    	0.0634353  
  2.421   	2.80328    	0.0634666  
  2.4211  	2.80385    	0.0634979  
  2.4212  	2.80441    	0.0635292  
  2.4213  	2.80498    	0.0635606  
  2.4214  	2.80555    	0.0635919  
  2.4215  	2.80612    	0.0636233  
  2.4216  	2.80668    	0.0636548  
  2.4217  	2.80725    	0.0636862  
  2.4218  	2.80782    	0.0637177  
  2.4219  	2.80839    	0.0637492  
  2.422   	2.80896    	0.0637807  
  2.4221  	2.80953    	0.0638122  
  2.4222  	2.8101     	0.0638438  
  2.4223  	2.81067    	0.0638754  
  2.4224  	2.81124    	0.063907   
  2.4225  	2.81181    	0.0639386  
  2.4226  	2.81238    	0.0639703  
  2.4227  	2.81295    	0.064002   
  2.4228  	2.81352    	0.0640337  
  2.4229  	2.8141     	0.0640654  
  2.423   	2.81467    	0.0640971  
  2.4231  	2.81524    	0.0641289  
  2.4232  	2.81581    	0.0641607  
  2.4233  	2.81639    	0.0641925  
  2.4234  	2.81696    	0.0642244  
  2.4235  	2.81753    	0.0642562  
  2.4236  	2.81811    	0.0642881  
  2.4237  	2.81868    	0.06432    
  2.4238  	2.81926    	0.064352   
  2.4239  	2.81983    	0.0643839  
  2.424   	2.82041    	0.0644159  
  2.4241  	2.82098    	0.0644479  
  2.4242  	2.82156    	0.0644799  
  2.4243  	2.82213    	0.064512   
  2.4244  	2.82271    	0.064544   
  2.4245  	2.82329    	0.0645761  
  2.4246  	2.82386    	0.0646083  
  2.4247  	2.82444    	0.0646404  
  2.4248  	2.82502    	0.0646726  
  2.4249  	2.8256     	0.0647048  
  2.425   	2.82617    	0.064737   
  2.4251  	2.82675    	0.0647692  
  2.4252  	2.82733    	0.0648015  
  2.4253  	2.82791    	0.0648338  
  2.4254  	2.82849    	0.0648661  
  2.4255  	2.82907    	0.0648984  
  2.4256  	2.82965    	0.0649308  
  2.4257  	2.83023    	0.0649631  
  2.4258  	2.83081    	0.0649955  
  2.4259  	2.83139    	0.065028   
  2.426   	2.83197    	0.0650604  
  2.4261  	2.83255    	0.0650929  
  2.4262  	2.83313    	0.0651254  
  2.4263  	2.83371    	0.0651579  
  2.4264  	2.8343     	0.0651904  
  2.4265  	2.83488    	0.065223   
  2.4266  	2.83546    	0.0652556  
  2.4267  	2.83604    	0.0652882  
  2.4268  	2.83663    	0.0653209  
  2.4269  	2.83721    	0.0653535  
  2.427   	2.8378     	0.0653862  
  2.4271  	2.83838    	0.0654189  
  2.4272  	2.83896    	0.0654517  
  2.4273  	2.83955    	0.0654844  
  2.4274  	2.84013    	0.0655172  
  2.4275  	2.84072    	0.06555    
  2.4276  	2.84131    	0.0655829  
  2.4277  	2.84189    	0.0656157  
  2.4278  	2.84248    	0.0656486  
  2.4279  	2.84306    	0.0656815  
  2.428   	2.84365    	0.0657144  
  2.4281  	2.84424    	0.0657474  
  2.4282  	2.84483    	0.0657804  
  2.4283  	2.84541    	0.0658134  
  2.4284  	2.846      	0.0658464  
  2.4285  	2.84659    	0.0658795  
  2.4286  	2.84718    	0.0659125  
  2.4287  	2.84777    	0.0659456  
  2.4288  	2.84836    	0.0659788  
  2.4289  	2.84895    	0.0660119  
  2.429   	2.84954    	0.0660451  
  2.4291  	2.85013    	0.0660783  
  2.4292  	2.85072    	0.0661115  
  2.4293  	2.85131    	0.0661448  
  2.4294  	2.8519     	0.066178   
  2.4295  	2.85249    	0.0662113  
  2.4296  	2.85308    	0.0662447  
  2.4297  	2.85368    	0.066278   
  2.4298  	2.85427    	0.0663114  
  2.4299  	2.85486    	0.0663448  
  2.43    	2.85545    	0.0663782  
  2.4301  	2.85605    	0.0664116  
  2.4302  	2.85664    	0.0664451  
  2.4303  	2.85723    	0.0664786  
  2.4304  	2.85783    	0.0665121  
  2.4305  	2.85842    	0.0665457  
  2.4306  	2.85902    	0.0665792  
  2.4307  	2.85961    	0.0666128  
  2.4308  	2.86021    	0.0666464  
  2.4309  	2.8608     	0.0666801  
  2.431   	2.8614     	0.0667138  
  2.4311  	2.862      	0.0667474  
  2.4312  	2.86259    	0.0667812  
  2.4313  	2.86319    	0.0668149  
  2.4314  	2.86379    	0.0668487  
  2.4315  	2.86439    	0.0668825  
  2.4316  	2.86498    	0.0669163  
  2.4317  	2.86558    	0.0669501  
  2.4318  	2.86618    	0.066984   
  2.4319  	2.86678    	0.0670179  
  2.432   	2.86738    	0.0670518  
  2.4321  	2.86798    	0.0670858  
  2.4322  	2.86858    	0.0671197  
  2.4323  	2.86918    	0.0671537  
  2.4324  	2.86978    	0.0671877  
  2.4325  	2.87038    	0.0672218  
  2.4326  	2.87098    	0.0672559  
  2.4327  	2.87158    	0.06729    
  2.4328  	2.87218    	0.0673241  
  2.4329  	2.87279    	0.0673582  
  2.433   	2.87339    	0.0673924  
  2.4331  	2.87399    	0.0674266  
  2.4332  	2.87459    	0.0674608  
  2.4333  	2.8752     	0.0674951  
  2.4334  	2.8758     	0.0675293  
  2.4335  	2.8764     	0.0675636  
  2.4336  	2.87701    	0.067598   
  2.4337  	2.87761    	0.0676323  
  2.4338  	2.87822    	0.0676667  
  2.4339  	2.87882    	0.0677011  
  2.434   	2.87943    	0.0677355  
  2.4341  	2.88003    	0.06777    
  2.4342  	2.88064    	0.0678045  
  2.4343  	2.88125    	0.067839   
  2.4344  	2.88185    	0.0678735  
  2.4345  	2.88246    	0.0679081  
  2.4346  	2.88307    	0.0679426  
  2.4347  	2.88367    	0.0679773  
  2.4348  	2.88428    	0.0680119  
  2.4349  	2.88489    	0.0680466  
  2.435   	2.8855     	0.0680812  
  2.4351  	2.88611    	0.068116   
  2.4352  	2.88672    	0.0681507  
  2.4353  	2.88733    	0.0681855  
  2.4354  	2.88794    	0.0682202  
  2.4355  	2.88855    	0.0682551  
  2.4356  	2.88916    	0.0682899  
  2.4357  	2.88977    	0.0683248  
  2.4358  	2.89038    	0.0683597  
  2.4359  	2.89099    	0.0683946  
  2.436   	2.8916     	0.0684295  
  2.4361  	2.89222    	0.0684645  
  2.4362  	2.89283    	0.0684995  
  2.4363  	2.89344    	0.0685345  
  2.4364  	2.89405    	0.0685696  
  2.4365  	2.89467    	0.0686047  
  2.4366  	2.89528    	0.0686398  
  2.4367  	2.8959     	0.0686749  
  2.4368  	2.89651    	0.0687101  
  2.4369  	2.89712    	0.0687452  
  2.437   	2.89774    	0.0687805  
  2.4371  	2.89835    	0.0688157  
  2.4372  	2.89897    	0.068851   
  2.4373  	2.89959    	0.0688863  
  2.4374  	2.9002     	0.0689216  
  2.4375  	2.90082    	0.0689569  
  2.4376  	2.90144    	0.0689923  
  2.4377  	2.90205    	0.0690277  
  2.4378  	2.90267    	0.0690631  
  2.4379  	2.90329    	0.0690986  
  2.438   	2.90391    	0.069134   
  2.4381  	2.90453    	0.0691695  
  2.4382  	2.90514    	0.0692051  
  2.4383  	2.90576    	0.0692406  
  2.4384  	2.90638    	0.0692762  
  2.4385  	2.907      	0.0693118  
  2.4386  	2.90762    	0.0693475  
  2.4387  	2.90824    	0.0693831  
  2.4388  	2.90887    	0.0694188  
  2.4389  	2.90949    	0.0694545  
  2.439   	2.91011    	0.0694903  
  2.4391  	2.91073    	0.069526   
  2.4392  	2.91135    	0.0695618  
  2.4393  	2.91197    	0.0695977  
  2.4394  	2.9126     	0.0696335  
  2.4395  	2.91322    	0.0696694  
  2.4396  	2.91384    	0.0697053  
  2.4397  	2.91447    	0.0697413  
  2.4398  	2.91509    	0.0697772  
  2.4399  	2.91572    	0.0698132  
  2.44    	2.91634    	0.0698492  
  2.4401  	2.91697    	0.0698853  
  2.4402  	2.91759    	0.0699213  
  2.4403  	2.91822    	0.0699574  
  2.4404  	2.91884    	0.0699936  
  2.4405  	2.91947    	0.0700297  
  2.4406  	2.9201     	0.0700659  
  2.4407  	2.92072    	0.0701021  
  2.4408  	2.92135    	0.0701383  
  2.4409  	2.92198    	0.0701746  
  2.441   	2.92261    	0.0702109  
  2.4411  	2.92324    	0.0702472  
  2.4412  	2.92387    	0.0702836  
  2.4413  	2.92449    	0.0703199  
  2.4414  	2.92512    	0.0703563  
  2.4415  	2.92575    	0.0703928  
  2.4416  	2.92638    	0.0704292  
  2.4417  	2.92701    	0.0704657  
  2.4418  	2.92765    	0.0705022  
  2.4419  	2.92828    	0.0705388  
  2.442   	2.92891    	0.0705753  
  2.4421  	2.92954    	0.0706119  
  2.4422  	2.93017    	0.0706485  
  2.4423  	2.9308     	0.0706852  
  2.4424  	2.93144    	0.0707219  
  2.4425  	2.93207    	0.0707586  
  2.4426  	2.9327     	0.0707953  
  2.4427  	2.93334    	0.0708321  
  2.4428  	2.93397    	0.0708689  
  2.4429  	2.93461    	0.0709057  
  2.443   	2.93524    	0.0709425  
  2.4431  	2.93588    	0.0709794  
  2.4432  	2.93651    	0.0710163  
  2.4433  	2.93715    	0.0710532  
  2.4434  	2.93779    	0.0710902  
  2.4435  	2.93842    	0.0711272  
  2.4436  	2.93906    	0.0711642  
  2.4437  	2.9397     	0.0712012  
  2.4438  	2.94033    	0.0712383  
  2.4439  	2.94097    	0.0712754  
  2.444   	2.94161    	0.0713126  
  2.4441  	2.94225    	0.0713497  
  2.4442  	2.94289    	0.0713869  
  2.4443  	2.94353    	0.0714241  
  2.4444  	2.94417    	0.0714614  
  2.4445  	2.94481    	0.0714986  
  2.4446  	2.94545    	0.0715359  
  2.4447  	2.94609    	0.0715733  
  2.4448  	2.94673    	0.0716106  
  2.4449  	2.94737    	0.071648   
  2.445   	2.94801    	0.0716854  
  2.4451  	2.94865    	0.0717229  
  2.4452  	2.9493     	0.0717603  
  2.4453  	2.94994    	0.0717978  
  2.4454  	2.95058    	0.0718354  
  2.4455  	2.95123    	0.0718729  
  2.4456  	2.95187    	0.0719105  
  2.4457  	2.95251    	0.0719481  
  2.4458  	2.95316    	0.0719858  
  2.4459  	2.9538     	0.0720234  
  2.446   	2.95445    	0.0720611  
  2.4461  	2.95509    	0.0720989  
  2.4462  	2.95574    	0.0721366  
  2.4463  	2.95639    	0.0721744  
  2.4464  	2.95703    	0.0722122  
  2.4465  	2.95768    	0.0722501  
  2.4466  	2.95833    	0.072288   
  2.4467  	2.95897    	0.0723259  
  2.4468  	2.95962    	0.0723638  
  2.4469  	2.96027    	0.0724018  
  2.447   	2.96092    	0.0724398  
  2.4471  	2.96157    	0.0724778  
  2.4472  	2.96222    	0.0725158  
  2.4473  	2.96287    	0.0725539  
  2.4474  	2.96352    	0.072592   
  2.4475  	2.96417    	0.0726302  
  2.4476  	2.96482    	0.0726683  
  2.4477  	2.96547    	0.0727065  
  2.4478  	2.96612    	0.0727448  
  2.4479  	2.96677    	0.072783   
  2.448   	2.96742    	0.0728213  
  2.4481  	2.96808    	0.0728596  
  2.4482  	2.96873    	0.072898   
  2.4483  	2.96938    	0.0729363  
  2.4484  	2.97004    	0.0729748  
  2.4485  	2.97069    	0.0730132  
  2.4486  	2.97134    	0.0730517  
  2.4487  	2.972      	0.0730901  
  2.4488  	2.97265    	0.0731287  
  2.4489  	2.97331    	0.0731672  
  2.449   	2.97397    	0.0732058  
  2.4491  	2.97462    	0.0732444  
  2.4492  	2.97528    	0.0732831  
  2.4493  	2.97593    	0.0733217  
  2.4494  	2.97659    	0.0733604  
  2.4495  	2.97725    	0.0733992  
  2.4496  	2.97791    	0.0734379  
  2.4497  	2.97857    	0.0734767  
  2.4498  	2.97922    	0.0735156  
  2.4499  	2.97988    	0.0735544  
  2.45    	2.98054    	0.0735933  
  2.4501  	2.9812     	0.0736322  
  2.4502  	2.98186    	0.0736712  
  2.4503  	2.98252    	0.0737101  
  2.4504  	2.98318    	0.0737491  
  2.4505  	2.98384    	0.0737882  
  2.4506  	2.98451    	0.0738272  
  2.4507  	2.98517    	0.0738663  
  2.4508  	2.98583    	0.0739055  
  2.4509  	2.98649    	0.0739446  
  2.451   	2.98715    	0.0739838  
  2.4511  	2.98782    	0.074023   
  2.4512  	2.98848    	0.0740623  
  2.4513  	2.98915    	0.0741015  
  2.4514  	2.98981    	0.0741409  
  2.4515  	2.99047    	0.0741802  
  2.4516  	2.99114    	0.0742196  
  2.4517  	2.9918     	0.074259   
  2.4518  	2.99247    	0.0742984  
  2.4519  	2.99314    	0.0743379  
  2.452   	2.9938     	0.0743774  
  2.4521  	2.99447    	0.0744169  
  2.4522  	2.99514    	0.0744564  
  2.4523  	2.9958     	0.074496   
  2.4524  	2.99647    	0.0745356  
  2.4525  	2.99714    	0.0745753  
  2.4526  	2.99781    	0.074615   
  2.4527  	2.99848    	0.0746547  
  2.4528  	2.99915    	0.0746944  
  2.4529  	2.99982    	0.0747342  
  2.453   	3.00049    	0.074774   
  2.4531  	3.00116    	0.0748138  
  2.4532  	3.00183    	0.0748537  
  2.4533  	3.0025     	0.0748936  
  2.4534  	3.00317    	0.0749335  
  2.4535  	3.00384    	0.0749735  
  2.4536  	3.00452    	0.0750134  
  2.4537  	3.00519    	0.0750535  
  2.4538  	3.00586    	0.0750935  
  2.4539  	3.00654    	0.0751336  
  2.454   	3.00721    	0.0751737  
  2.4541  	3.00788    	0.0752139  
  2.4542  	3.00856    	0.075254   
  2.4543  	3.00923    	0.0752942  
  2.4544  	3.00991    	0.0753345  
  2.4545  	3.01058    	0.0753748  
  2.4546  	3.01126    	0.0754151  
  2.4547  	3.01194    	0.0754554  
  2.4548  	3.01261    	0.0754958  
  2.4549  	3.01329    	0.0755362  
  2.455   	3.01397    	0.0755766  
  2.4551  	3.01465    	0.075617   
  2.4552  	3.01533    	0.0756575  
  2.4553  	3.016      	0.0756981  
  2.4554  	3.01668    	0.0757386  
  2.4555  	3.01736    	0.0757792  
  2.4556  	3.01804    	0.0758198  
  2.4557  	3.01872    	0.0758605  
  2.4558  	3.0194     	0.0759012  
  2.4559  	3.02008    	0.0759419  
  2.456   	3.02077    	0.0759826  
  2.4561  	3.02145    	0.0760234  
  2.4562  	3.02213    	0.0760642  
  2.4563  	3.02281    	0.0761051  
  2.4564  	3.02349    	0.076146   
  2.4565  	3.02418    	0.0761869  
  2.4566  	3.02486    	0.0762278  
  2.4567  	3.02554    	0.0762688  
  2.4568  	3.02623    	0.0763098  
  2.4569  	3.02691    	0.0763508  
  2.457   	3.0276     	0.0763919  
  2.4571  	3.02828    	0.076433   
  2.4572  	3.02897    	0.0764741  
  2.4573  	3.02966    	0.0765153  
  2.4574  	3.03034    	0.0765565  
  2.4575  	3.03103    	0.0765977  
  2.4576  	3.03172    	0.076639   
  2.4577  	3.03241    	0.0766803  
  2.4578  	3.03309    	0.0767216  
  2.4579  	3.03378    	0.076763   
  2.458   	3.03447    	0.0768044  
  2.4581  	3.03516    	0.0768458  
  2.4582  	3.03585    	0.0768873  
  2.4583  	3.03654    	0.0769288  
  2.4584  	3.03723    	0.0769703  
  2.4585  	3.03792    	0.0770119  
  2.4586  	3.03861    	0.0770535  
  2.4587  	3.0393     	0.0770951  
  2.4588  	3.04       	0.0771367  
  2.4589  	3.04069    	0.0771784  
  2.459   	3.04138    	0.0772202  
  2.4591  	3.04207    	0.0772619  
  2.4592  	3.04277    	0.0773037  
  2.4593  	3.04346    	0.0773455  
  2.4594  	3.04416    	0.0773874  
  2.4595  	3.04485    	0.0774293  
  2.4596  	3.04555    	0.0774712  
  2.4597  	3.04624    	0.0775132  
  2.4598  	3.04694    	0.0775551  
  2.4599  	3.04763    	0.0775972  
  2.46    	3.04833    	0.0776392  
  2.4601  	3.04903    	0.0776813  
  2.4602  	3.04972    	0.0777234  
  2.4603  	3.05042    	0.0777656  
  2.4604  	3.05112    	0.0778078  
  2.4605  	3.05182    	0.07785    
  2.4606  	3.05252    	0.0778923  
  2.4607  	3.05322    	0.0779346  
  2.4608  	3.05392    	0.0779769  
  2.4609  	3.05462    	0.0780192  
  2.461   	3.05532    	0.0780616  
  2.4611  	3.05602    	0.0781041  
  2.4612  	3.05672    	0.0781465  
  2.4613  	3.05742    	0.078189   
  2.4614  	3.05812    	0.0782315  
  2.4615  	3.05883    	0.0782741  
  2.4616  	3.05953    	0.0783167  
  2.4617  	3.06023    	0.0783593  
  2.4618  	3.06094    	0.078402   
  2.4619  	3.06164    	0.0784447  
  2.462   	3.06234    	0.0784874  
  2.4621  	3.06305    	0.0785302  
  2.4622  	3.06375    	0.078573   
  2.4623  	3.06446    	0.0786158  
  2.4624  	3.06517    	0.0786587  
  2.4625  	3.06587    	0.0787016  
  2.4626  	3.06658    	0.0787445  
  2.4627  	3.06729    	0.0787875  
  2.4628  	3.06799    	0.0788305  
  2.4629  	3.0687     	0.0788736  
  2.463   	3.06941    	0.0789166  
  2.4631  	3.07012    	0.0789597  
  2.4632  	3.07083    	0.0790029  
  2.4633  	3.07154    	0.0790461  
  2.4634  	3.07225    	0.0790893  
  2.4635  	3.07296    	0.0791325  
  2.4636  	3.07367    	0.0791758  
  2.4637  	3.07438    	0.0792191  
  2.4638  	3.07509    	0.0792625  
  2.4639  	3.0758     	0.0793059  
  2.464   	3.07652    	0.0793493  
  2.4641  	3.07723    	0.0793927  
  2.4642  	3.07794    	0.0794362  
  2.4643  	3.07866    	0.0794798  
  2.4644  	3.07937    	0.0795233  
  2.4645  	3.08008    	0.0795669  
  2.4646  	3.0808     	0.0796105  
  2.4647  	3.08151    	0.0796542  
  2.4648  	3.08223    	0.0796979  
  2.4649  	3.08295    	0.0797416  
  2.465   	3.08366    	0.0797854  
  2.4651  	3.08438    	0.0798292  
  2.4652  	3.0851     	0.0798731  
  2.4653  	3.08581    	0.0799169  
  2.4654  	3.08653    	0.0799608  
  2.4655  	3.08725    	0.0800048  
  2.4656  	3.08797    	0.0800488  
  2.4657  	3.08869    	0.0800928  
  2.4658  	3.08941    	0.0801368  
  2.4659  	3.09013    	0.0801809  
  2.466   	3.09085    	0.0802251  
  2.4661  	3.09157    	0.0802692  
  2.4662  	3.09229    	0.0803134  
  2.4663  	3.09301    	0.0803577  
  2.4664  	3.09374    	0.0804019  
  2.4665  	3.09446    	0.0804462  
  2.4666  	3.09518    	0.0804906  
  2.4667  	3.09591    	0.0805349  
  2.4668  	3.09663    	0.0805793  
  2.4669  	3.09735    	0.0806238  
  2.467   	3.09808    	0.0806683  
  2.4671  	3.0988     	0.0807128  
  2.4672  	3.09953    	0.0807573  
  2.4673  	3.10025    	0.0808019  
  2.4674  	3.10098    	0.0808466  
  2.4675  	3.10171    	0.0808912  
  2.4676  	3.10243    	0.0809359  
  2.4677  	3.10316    	0.0809807  
  2.4678  	3.10389    	0.0810254  
  2.4679  	3.10462    	0.0810702  
  2.468   	3.10535    	0.0811151  
  2.4681  	3.10608    	0.08116    
  2.4682  	3.10681    	0.0812049  
  2.4683  	3.10754    	0.0812498  
  2.4684  	3.10827    	0.0812948  
  2.4685  	3.109      	0.0813398  
  2.4686  	3.10973    	0.0813849  
  2.4687  	3.11046    	0.08143    
  2.4688  	3.11119    	0.0814751  
  2.4689  	3.11192    	0.0815203  
  2.469   	3.11266    	0.0815655  
  2.4691  	3.11339    	0.0816108  
  2.4692  	3.11413    	0.081656   
  2.4693  	3.11486    	0.0817014  
  2.4694  	3.11559    	0.0817467  
  2.4695  	3.11633    	0.0817921  
  2.4696  	3.11706    	0.0818375  
  2.4697  	3.1178     	0.081883   
  2.4698  	3.11854    	0.0819285  
  2.4699  	3.11927    	0.081974   
  2.47    	3.12001    	0.0820196  
  2.4701  	3.12075    	0.0820652  
  2.4702  	3.12149    	0.0821109  
  2.4703  	3.12222    	0.0821566  
  2.4704  	3.12296    	0.0822023  
  2.4705  	3.1237     	0.0822481  
  2.4706  	3.12444    	0.0822939  
  2.4707  	3.12518    	0.0823397  
  2.4708  	3.12592    	0.0823856  
  2.4709  	3.12666    	0.0824315  
  2.471   	3.12741    	0.0824774  
  2.4711  	3.12815    	0.0825234  
  2.4712  	3.12889    	0.0825695  
  2.4713  	3.12963    	0.0826155  
  2.4714  	3.13038    	0.0826616  
  2.4715  	3.13112    	0.0827078  
  2.4716  	3.13186    	0.0827539  
  2.4717  	3.13261    	0.0828001  
  2.4718  	3.13335    	0.0828464  
  2.4719  	3.1341     	0.0828927  
  2.472   	3.13484    	0.082939   
  2.4721  	3.13559    	0.0829854  
  2.4722  	3.13634    	0.0830318  
  2.4723  	3.13708    	0.0830782  
  2.4724  	3.13783    	0.0831247  
  2.4725  	3.13858    	0.0831712  
  2.4726  	3.13933    	0.0832178  
  2.4727  	3.14008    	0.0832644  
  2.4728  	3.14082    	0.083311   
  2.4729  	3.14157    	0.0833577  
  2.473   	3.14232    	0.0834044  
  2.4731  	3.14308    	0.0834511  
  2.4732  	3.14383    	0.0834979  
  2.4733  	3.14458    	0.0835447  
  2.4734  	3.14533    	0.0835916  
  2.4735  	3.14608    	0.0836385  
  2.4736  	3.14683    	0.0836854  
  2.4737  	3.14759    	0.0837324  
  2.4738  	3.14834    	0.0837794  
  2.4739  	3.14909    	0.0838265  
  2.474   	3.14985    	0.0838736  
  2.4741  	3.1506     	0.0839207  
  2.4742  	3.15136    	0.0839679  
  2.4743  	3.15211    	0.0840151  
  2.4744  	3.15287    	0.0840623  
  2.4745  	3.15363    	0.0841096  
  2.4746  	3.15438    	0.0841569  
  2.4747  	3.15514    	0.0842043  
  2.4748  	3.1559     	0.0842517  
  2.4749  	3.15666    	0.0842991  
  2.475   	3.15742    	0.0843466  
  2.4751  	3.15818    	0.0843941  
  2.4752  	3.15894    	0.0844417  
  2.4753  	3.1597     	0.0844893  
  2.4754  	3.16046    	0.0845369  
  2.4755  	3.16122    	0.0845846  
  2.4756  	3.16198    	0.0846323  
  2.4757  	3.16274    	0.0846801  
  2.4758  	3.1635     	0.0847279  
  2.4759  	3.16427    	0.0847757  
  2.476   	3.16503    	0.0848236  
  2.4761  	3.16579    	0.0848715  
  2.4762  	3.16656    	0.0849195  
  2.4763  	3.16732    	0.0849675  
  2.4764  	3.16809    	0.0850155  
  2.4765  	3.16885    	0.0850636  
  2.4766  	3.16962    	0.0851117  
  2.4767  	3.17038    	0.0851598  
  2.4768  	3.17115    	0.085208   
  2.4769  	3.17192    	0.0852563  
  2.477   	3.17269    	0.0853045  
  2.4771  	3.17345    	0.0853528  
  2.4772  	3.17422    	0.0854012  
  2.4773  	3.17499    	0.0854496  
  2.4774  	3.17576    	0.085498   
  2.4775  	3.17653    	0.0855465  
  2.4776  	3.1773     	0.085595   
  2.4777  	3.17807    	0.0856436  
  2.4778  	3.17884    	0.0856922  
  2.4779  	3.17962    	0.0857408  
  2.478   	3.18039    	0.0857895  
  2.4781  	3.18116    	0.0858382  
  2.4782  	3.18193    	0.0858869  
  2.4783  	3.18271    	0.0859357  
  2.4784  	3.18348    	0.0859846  
  2.4785  	3.18426    	0.0860334  
  2.4786  	3.18503    	0.0860824  
  2.4787  	3.18581    	0.0861313  
  2.4788  	3.18658    	0.0861803  
  2.4789  	3.18736    	0.0862294  
  2.479   	3.18814    	0.0862784  
  2.4791  	3.18891    	0.0863276  
  2.4792  	3.18969    	0.0863767  
  2.4793  	3.19047    	0.0864259  
  2.4794  	3.19125    	0.0864752  
  2.4795  	3.19203    	0.0865245  
  2.4796  	3.19281    	0.0865738  
  2.4797  	3.19359    	0.0866231  
  2.4798  	3.19437    	0.0866726  
  2.4799  	3.19515    	0.086722   
  2.48    	3.19593    	0.0867715  
  2.4801  	3.19671    	0.086821   
  2.4802  	3.19749    	0.0868706  
  2.4803  	3.19828    	0.0869202  
  2.4804  	3.19906    	0.0869699  
  2.4805  	3.19984    	0.0870196  
  2.4806  	3.20063    	0.0870693  
  2.4807  	3.20141    	0.0871191  
  2.4808  	3.2022     	0.0871689  
  2.4809  	3.20298    	0.0872188  
  2.481   	3.20377    	0.0872687  
  2.4811  	3.20455    	0.0873186  
  2.4812  	3.20534    	0.0873686  
  2.4813  	3.20613    	0.0874187  
  2.4814  	3.20692    	0.0874687  
  2.4815  	3.2077     	0.0875189  
  2.4816  	3.20849    	0.087569   
  2.4817  	3.20928    	0.0876192  
  2.4818  	3.21007    	0.0876695  
  2.4819  	3.21086    	0.0877197  
  2.482   	3.21165    	0.0877701  
  2.4821  	3.21244    	0.0878204  
  2.4822  	3.21324    	0.0878708  
  2.4823  	3.21403    	0.0879213  
  2.4824  	3.21482    	0.0879718  
  2.4825  	3.21561    	0.0880223  
  2.4826  	3.21641    	0.0880729  
  2.4827  	3.2172     	0.0881235  
  2.4828  	3.218      	0.0881742  
  2.4829  	3.21879    	0.0882249  
  2.483   	3.21959    	0.0882757  
  2.4831  	3.22038    	0.0883264  
  2.4832  	3.22118    	0.0883773  
  2.4833  	3.22197    	0.0884282  
  2.4834  	3.22277    	0.0884791  
  2.4835  	3.22357    	0.0885301  
  2.4836  	3.22437    	0.0885811  
  2.4837  	3.22517    	0.0886321  
  2.4838  	3.22597    	0.0886832  
  2.4839  	3.22677    	0.0887343  
  2.484   	3.22757    	0.0887855  
  2.4841  	3.22837    	0.0888367  
  2.4842  	3.22917    	0.088888   
  2.4843  	3.22997    	0.0889393  
  2.4844  	3.23077    	0.0889907  
  2.4845  	3.23157    	0.0890421  
  2.4846  	3.23238    	0.0890935  
  2.4847  	3.23318    	0.089145   
  2.4848  	3.23398    	0.0891965  
  2.4849  	3.23479    	0.0892481  
  2.485   	3.23559    	0.0892997  
  2.4851  	3.2364     	0.0893514  
  2.4852  	3.2372     	0.0894031  
  2.4853  	3.23801    	0.0894548  
  2.4854  	3.23882    	0.0895066  
  2.4855  	3.23963    	0.0895584  
  2.4856  	3.24043    	0.0896103  
  2.4857  	3.24124    	0.0896622  
  2.4858  	3.24205    	0.0897142  
  2.4859  	3.24286    	0.0897662  
  2.486   	3.24367    	0.0898182  
  2.4861  	3.24448    	0.0898703  
  2.4862  	3.24529    	0.0899225  
  2.4863  	3.2461     	0.0899747  
  2.4864  	3.24691    	0.0900269  
  2.4865  	3.24773    	0.0900792  
  2.4866  	3.24854    	0.0901315  
  2.4867  	3.24935    	0.0901838  
  2.4868  	3.25017    	0.0902362  
  2.4869  	3.25098    	0.0902887  
  2.487   	3.25179    	0.0903412  
  2.4871  	3.25261    	0.0903937  
  2.4872  	3.25343    	0.0904463  
  2.4873  	3.25424    	0.0904989  
  2.4874  	3.25506    	0.0905516  
  2.4875  	3.25588    	0.0906043  
  2.4876  	3.25669    	0.0906571  
  2.4877  	3.25751    	0.0907099  
  2.4878  	3.25833    	0.0907628  
  2.4879  	3.25915    	0.0908157  
  2.488   	3.25997    	0.0908686  
  2.4881  	3.26079    	0.0909216  
  2.4882  	3.26161    	0.0909746  
  2.4883  	3.26243    	0.0910277  
  2.4884  	3.26325    	0.0910808  
  2.4885  	3.26407    	0.091134   
  2.4886  	3.2649     	0.0911872  
  2.4887  	3.26572    	0.0912405  
  2.4888  	3.26654    	0.0912938  
  2.4889  	3.26737    	0.0913471  
  2.489   	3.26819    	0.0914005  
  2.4891  	3.26902    	0.091454   
  2.4892  	3.26984    	0.0915075  
  2.4893  	3.27067    	0.091561   
  2.4894  	3.2715     	0.0916146  
  2.4895  	3.27232    	0.0916682  
  2.4896  	3.27315    	0.0917219  
  2.4897  	3.27398    	0.0917756  
  2.4898  	3.27481    	0.0918293  
  2.4899  	3.27564    	0.0918832  
  2.49    	3.27647    	0.091937   
  2.4901  	3.2773     	0.0919909  
  2.4902  	3.27813    	0.0920449  
  2.4903  	3.27896    	0.0920989  
  2.4904  	3.27979    	0.0921529  
  2.4905  	3.28062    	0.092207   
  2.4906  	3.28145    	0.0922611  
  2.4907  	3.28229    	0.0923153  
  2.4908  	3.28312    	0.0923695  
  2.4909  	3.28395    	0.0924238  
  2.491   	3.28479    	0.0924781  
  2.4911  	3.28562    	0.0925325  
  2.4912  	3.28646    	0.0925869  
  2.4913  	3.2873     	0.0926413  
  2.4914  	3.28813    	0.0926958  
  2.4915  	3.28897    	0.0927504  
  2.4916  	3.28981    	0.092805   
  2.4917  	3.29065    	0.0928596  
  2.4918  	3.29149    	0.0929143  
  2.4919  	3.29232    	0.0929691  
  2.492   	3.29316    	0.0930239  
  2.4921  	3.294      	0.0930787  
  2.4922  	3.29485    	0.0931336  
  2.4923  	3.29569    	0.0931885  
  2.4924  	3.29653    	0.0932435  
  2.4925  	3.29737    	0.0932985  
  2.4926  	3.29821    	0.0933536  
  2.4927  	3.29906    	0.0934087  
  2.4928  	3.2999     	0.0934639  
  2.4929  	3.30075    	0.0935191  
  2.493   	3.30159    	0.0935743  
  2.4931  	3.30244    	0.0936297  
  2.4932  	3.30328    	0.093685   
  2.4933  	3.30413    	0.0937404  
  2.4934  	3.30498    	0.0937959  
  2.4935  	3.30582    	0.0938514  
  2.4936  	3.30667    	0.0939069  
  2.4937  	3.30752    	0.0939625  
  2.4938  	3.30837    	0.0940182  
  2.4939  	3.30922    	0.0940738  
  2.494   	3.31007    	0.0941296  
  2.4941  	3.31092    	0.0941854  
  2.4942  	3.31177    	0.0942412  
  2.4943  	3.31262    	0.0942971  
  2.4944  	3.31347    	0.094353   
  2.4945  	3.31433    	0.094409   
  2.4946  	3.31518    	0.094465   
  2.4947  	3.31603    	0.0945211  
  2.4948  	3.31689    	0.0945773  
  2.4949  	3.31774    	0.0946334  
  2.495   	3.3186     	0.0946897  
  2.4951  	3.31946    	0.0947459  
  2.4952  	3.32031    	0.0948022  
  2.4953  	3.32117    	0.0948586  
  2.4954  	3.32203    	0.094915   
  2.4955  	3.32288    	0.0949715  
  2.4956  	3.32374    	0.095028   
  2.4957  	3.3246     	0.0950846  
  2.4958  	3.32546    	0.0951412  
  2.4959  	3.32632    	0.0951979  
  2.496   	3.32718    	0.0952546  
  2.4961  	3.32804    	0.0953114  
  2.4962  	3.32891    	0.0953682  
  2.4963  	3.32977    	0.095425   
  2.4964  	3.33063    	0.095482   
  2.4965  	3.33149    	0.0955389  
  2.4966  	3.33236    	0.0955959  
  2.4967  	3.33322    	0.095653   
  2.4968  	3.33409    	0.0957101  
  2.4969  	3.33495    	0.0957673  
  2.497   	3.33582    	0.0958245  
  2.4971  	3.33669    	0.0958817  
  2.4972  	3.33755    	0.095939   
  2.4973  	3.33842    	0.0959964  
  2.4974  	3.33929    	0.0960538  
  2.4975  	3.34016    	0.0961113  
  2.4976  	3.34103    	0.0961688  
  2.4977  	3.3419     	0.0962264  
  2.4978  	3.34277    	0.096284   
  2.4979  	3.34364    	0.0963416  
  2.498   	3.34451    	0.0963993  
  2.4981  	3.34538    	0.0964571  
  2.4982  	3.34625    	0.0965149  
  2.4983  	3.34713    	0.0965728  
  2.4984  	3.348      	0.0966307  
  2.4985  	3.34887    	0.0966887  
  2.4986  	3.34975    	0.0967467  
  2.4987  	3.35062    	0.0968047  
  2.4988  	3.3515     	0.0968629  
  2.4989  	3.35238    	0.096921   
  2.499   	3.35325    	0.0969792  
  2.4991  	3.35413    	0.0970375  
  2.4992  	3.35501    	0.0970958  
  2.4993  	3.35589    	0.0971542  
  2.4994  	3.35677    	0.0972126  
  2.4995  	3.35765    	0.0972711  
  2.4996  	3.35853    	0.0973296  
  2.4997  	3.35941    	0.0973882  
  2.4998  	3.36029    	0.0974468  
  2.4999  	3.36117    	0.0975055  
  2.5     	3.36205    	0.0975643  
  2.5001  	3.36294    	0.097623   
  2.5002  	3.36382    	0.0976819  
  2.5003  	3.3647     	0.0977408  
  2.5004  	3.36559    	0.0977997  
  2.5005  	3.36647    	0.0978587  
  2.5006  	3.36736    	0.0979177  
  2.5007  	3.36825    	0.0979768  
  2.5008  	3.36913    	0.098036   
  2.5009  	3.37002    	0.0980952  
  2.501   	3.37091    	0.0981544  
  2.5011  	3.3718     	0.0982137  
  2.5012  	3.37269    	0.0982731  
  2.5013  	3.37358    	0.0983325  
  2.5014  	3.37447    	0.098392   
  2.5015  	3.37536    	0.0984515  
  2.5016  	3.37625    	0.098511   
  2.5017  	3.37714    	0.0985707  
  2.5018  	3.37803    	0.0986303  
  2.5019  	3.37893    	0.0986901  
  2.502   	3.37982    	0.0987498  
  2.5021  	3.38071    	0.0988097  
  2.5022  	3.38161    	0.0988695  
  2.5023  	3.3825     	0.0989295  
  2.5024  	3.3834     	0.0989895  
  2.5025  	3.3843     	0.0990495  
  2.5026  	3.38519    	0.0991096  
  2.5027  	3.38609    	0.0991697  
  2.5028  	3.38699    	0.0992299  
  2.5029  	3.38789    	0.0992902  
  2.503   	3.38879    	0.0993505  
  2.5031  	3.38969    	0.0994109  
  2.5032  	3.39059    	0.0994713  
  2.5033  	3.39149    	0.0995317  
  2.5034  	3.39239    	0.0995923  
  2.5035  	3.39329    	0.0996528  
  2.5036  	3.39419    	0.0997135  
  2.5037  	3.3951     	0.0997742  
  2.5038  	3.396      	0.0998349  
  2.5039  	3.3969     	0.0998957  
  2.504   	3.39781    	0.0999565  
  2.5041  	3.39872    	0.100017   
  2.5042  	3.39962    	0.100078   
  2.5043  	3.40053    	0.100139   
  2.5044  	3.40144    	0.1002     
  2.5045  	3.40234    	0.100262   
  2.5046  	3.40325    	0.100323   
  2.5047  	3.40416    	0.100384   
  2.5048  	3.40507    	0.100445   
  2.5049  	3.40598    	0.100507   
  2.505   	3.40689    	0.100568   
  2.5051  	3.4078     	0.100629   
  2.5052  	3.40871    	0.100691   
  2.5053  	3.40963    	0.100752   
  2.5054  	3.41054    	0.100814   
  2.5055  	3.41145    	0.100876   
  2.5056  	3.41237    	0.100937   
  2.5057  	3.41328    	0.100999   
  2.5058  	3.4142     	0.101061   
  2.5059  	3.41511    	0.101123   
  2.506   	3.41603    	0.101185   
  2.5061  	3.41695    	0.101247   
  2.5062  	3.41787    	0.101309   
  2.5063  	3.41878    	0.101371   
  2.5064  	3.4197     	0.101433   
  2.5065  	3.42062    	0.101495   
  2.5066  	3.42154    	0.101558   
  2.5067  	3.42246    	0.10162    
  2.5068  	3.42338    	0.101682   
  2.5069  	3.42431    	0.101745   
  2.507   	3.42523    	0.101807   
  2.5071  	3.42615    	0.10187    
  2.5072  	3.42708    	0.101932   
  2.5073  	3.428      	0.101995   
  2.5074  	3.42892    	0.102058   
  2.5075  	3.42985    	0.102121   
  2.5076  	3.43078    	0.102183   
  2.5077  	3.4317     	0.102246   
  2.5078  	3.43263    	0.102309   
  2.5079  	3.43356    	0.102372   
  2.508   	3.43449    	0.102435   
  2.5081  	3.43541    	0.102498   
  2.5082  	3.43634    	0.102562   
  2.5083  	3.43727    	0.102625   
  2.5084  	3.4382     	0.102688   
  2.5085  	3.43914    	0.102751   
  2.5086  	3.44007    	0.102815   
  2.5087  	3.441      	0.102878   
  2.5088  	3.44193    	0.102942   
  2.5089  	3.44287    	0.103005   
  2.509   	3.4438     	0.103069   
  2.5091  	3.44474    	0.103133   
  2.5092  	3.44567    	0.103196   
  2.5093  	3.44661    	0.10326    
  2.5094  	3.44755    	0.103324   
  2.5095  	3.44848    	0.103388   
  2.5096  	3.44942    	0.103452   
  2.5097  	3.45036    	0.103516   
  2.5098  	3.4513     	0.10358    
  2.5099  	3.45224    	0.103644   
  2.51    	3.45318    	0.103708   
  2.5101  	3.45412    	0.103773   
  2.5102  	3.45506    	0.103837   
  2.5103  	3.456      	0.103901   
  2.5104  	3.45695    	0.103966   
  2.5105  	3.45789    	0.10403    
  2.5106  	3.45883    	0.104095   
  2.5107  	3.45978    	0.104159   
  2.5108  	3.46072    	0.104224   
  2.5109  	3.46167    	0.104289   
  2.511   	3.46262    	0.104354   
  2.5111  	3.46356    	0.104418   
  2.5112  	3.46451    	0.104483   
  2.5113  	3.46546    	0.104548   
  2.5114  	3.46641    	0.104613   
  2.5115  	3.46736    	0.104678   
  2.5116  	3.46831    	0.104743   
  2.5117  	3.46926    	0.104809   
  2.5118  	3.47021    	0.104874   
  2.5119  	3.47116    	0.104939   
  2.512   	3.47212    	0.105005   
  2.5121  	3.47307    	0.10507    
  2.5122  	3.47402    	0.105135   
  2.5123  	3.47498    	0.105201   
  2.5124  	3.47593    	0.105267   
  2.5125  	3.47689    	0.105332   
  2.5126  	3.47784    	0.105398   
  2.5127  	3.4788     	0.105464   
  2.5128  	3.47976    	0.10553    
  2.5129  	3.48072    	0.105596   
  2.513   	3.48168    	0.105662   
  2.5131  	3.48264    	0.105728   
  2.5132  	3.4836     	0.105794   
  2.5133  	3.48456    	0.10586    
  2.5134  	3.48552    	0.105926   
  2.5135  	3.48648    	0.105992   
  2.5136  	3.48744    	0.106059   
  2.5137  	3.48841    	0.106125   
  2.5138  	3.48937    	0.106191   
  2.5139  	3.49034    	0.106258   
  2.514   	3.4913     	0.106325   
  2.5141  	3.49227    	0.106391   
  2.5142  	3.49323    	0.106458   
  2.5143  	3.4942     	0.106525   
  2.5144  	3.49517    	0.106591   
  2.5145  	3.49614    	0.106658   
  2.5146  	3.4971     	0.106725   
  2.5147  	3.49807    	0.106792   
  2.5148  	3.49904    	0.106859   
  2.5149  	3.50002    	0.106926   
  2.515   	3.50099    	0.106994   
  2.5151  	3.50196    	0.107061   
  2.5152  	3.50293    	0.107128   
  2.5153  	3.50391    	0.107195   
  2.5154  	3.50488    	0.107263   
  2.5155  	3.50585    	0.10733    
  2.5156  	3.50683    	0.107398   
  2.5157  	3.50781    	0.107466   
  2.5158  	3.50878    	0.107533   
  2.5159  	3.50976    	0.107601   
  2.516   	3.51074    	0.107669   
  2.5161  	3.51172    	0.107737   
  2.5162  	3.5127     	0.107805   
  2.5163  	3.51368    	0.107873   
  2.5164  	3.51466    	0.107941   
  2.5165  	3.51564    	0.108009   
  2.5166  	3.51662    	0.108077   
  2.5167  	3.5176     	0.108145   
  2.5168  	3.51859    	0.108213   
  2.5169  	3.51957    	0.108282   
  2.517   	3.52055    	0.10835    
  2.5171  	3.52154    	0.108419   
  2.5172  	3.52252    	0.108487   
  2.5173  	3.52351    	0.108556   
  2.5174  	3.5245     	0.108625   
  2.5175  	3.52549    	0.108693   
  2.5176  	3.52647    	0.108762   
  2.5177  	3.52746    	0.108831   
  2.5178  	3.52845    	0.1089     
  2.5179  	3.52944    	0.108969   
  2.518   	3.53043    	0.109038   
  2.5181  	3.53143    	0.109107   
  2.5182  	3.53242    	0.109176   
  2.5183  	3.53341    	0.109245   
  2.5184  	3.5344     	0.109315   
  2.5185  	3.5354     	0.109384   
  2.5186  	3.53639    	0.109454   
  2.5187  	3.53739    	0.109523   
  2.5188  	3.53839    	0.109593   
  2.5189  	3.53938    	0.109662   
  2.519   	3.54038    	0.109732   
  2.5191  	3.54138    	0.109802   
  2.5192  	3.54238    	0.109872   
  2.5193  	3.54338    	0.109941   
  2.5194  	3.54438    	0.110011   
  2.5195  	3.54538    	0.110081   
  2.5196  	3.54638    	0.110151   
  2.5197  	3.54738    	0.110222   
  2.5198  	3.54838    	0.110292   
  2.5199  	3.54939    	0.110362   
  2.52    	3.55039    	0.110432   
  2.5201  	3.5514     	0.110503   
  2.5202  	3.5524     	0.110573   
  2.5203  	3.55341    	0.110644   
  2.5204  	3.55442    	0.110714   
  2.5205  	3.55542    	0.110785   
  2.5206  	3.55643    	0.110856   
  2.5207  	3.55744    	0.110927   
  2.5208  	3.55845    	0.110998   
  2.5209  	3.55946    	0.111068   
  2.521   	3.56047    	0.111139   
  2.5211  	3.56148    	0.111211   
  2.5212  	3.5625     	0.111282   
  2.5213  	3.56351    	0.111353   
  2.5214  	3.56452    	0.111424   
  2.5215  	3.56554    	0.111495   
  2.5216  	3.56655    	0.111567   
  2.5217  	3.56757    	0.111638   
  2.5218  	3.56858    	0.11171    
  2.5219  	3.5696     	0.111781   
  2.522   	3.57062    	0.111853   
  2.5221  	3.57164    	0.111925   
  2.5222  	3.57266    	0.111997   
  2.5223  	3.57368    	0.112069   
  2.5224  	3.5747     	0.11214    
  2.5225  	3.57572    	0.112212   
  2.5226  	3.57674    	0.112284   
  2.5227  	3.57776    	0.112357   
  2.5228  	3.57879    	0.112429   
  2.5229  	3.57981    	0.112501   
  2.523   	3.58083    	0.112573   
  2.5231  	3.58186    	0.112646   
  2.5232  	3.58289    	0.112718   
  2.5233  	3.58391    	0.112791   
  2.5234  	3.58494    	0.112863   
  2.5235  	3.58597    	0.112936   
  2.5236  	3.587      	0.113009   
  2.5237  	3.58803    	0.113082   
  2.5238  	3.58906    	0.113155   
  2.5239  	3.59009    	0.113227   
  2.524   	3.59112    	0.1133     
  2.5241  	3.59215    	0.113374   
  2.5242  	3.59318    	0.113447   
  2.5243  	3.59422    	0.11352    
  2.5244  	3.59525    	0.113593   
  2.5245  	3.59629    	0.113667   
  2.5246  	3.59732    	0.11374    
  2.5247  	3.59836    	0.113814   
  2.5248  	3.5994     	0.113887   
  2.5249  	3.60044    	0.113961   
  2.525   	3.60147    	0.114034   
  2.5251  	3.60251    	0.114108   
  2.5252  	3.60355    	0.114182   
  2.5253  	3.60459    	0.114256   
  2.5254  	3.60564    	0.11433    
  2.5255  	3.60668    	0.114404   
  2.5256  	3.60772    	0.114478   
  2.5257  	3.60876    	0.114552   
  2.5258  	3.60981    	0.114627   
  2.5259  	3.61085    	0.114701   
  2.526   	3.6119     	0.114775   
  2.5261  	3.61295    	0.11485    
  2.5262  	3.61399    	0.114924   
  2.5263  	3.61504    	0.114999   
  2.5264  	3.61609    	0.115074   
  2.5265  	3.61714    	0.115148   
  2.5266  	3.61819    	0.115223   
  2.5267  	3.61924    	0.115298   
  2.5268  	3.62029    	0.115373   
  2.5269  	3.62134    	0.115448   
  2.527   	3.6224     	0.115523   
  2.5271  	3.62345    	0.115598   
  2.5272  	3.6245     	0.115673   
  2.5273  	3.62556    	0.115749   
  2.5274  	3.62661    	0.115824   
  2.5275  	3.62767    	0.1159     
  2.5276  	3.62873    	0.115975   
  2.5277  	3.62979    	0.116051   
  2.5278  	3.63084    	0.116126   
  2.5279  	3.6319     	0.116202   
  2.528   	3.63296    	0.116278   
  2.5281  	3.63402    	0.116354   
  2.5282  	3.63509    	0.11643    
  2.5283  	3.63615    	0.116506   
  2.5284  	3.63721    	0.116582   
  2.5285  	3.63827    	0.116658   
  2.5286  	3.63934    	0.116734   
  2.5287  	3.6404     	0.116811   
  2.5288  	3.64147    	0.116887   
  2.5289  	3.64254    	0.116964   
  2.529   	3.6436     	0.11704    
  2.5291  	3.64467    	0.117117   
  2.5292  	3.64574    	0.117193   
  2.5293  	3.64681    	0.11727    
  2.5294  	3.64788    	0.117347   
  2.5295  	3.64895    	0.117424   
  2.5296  	3.65002    	0.117501   
  2.5297  	3.6511     	0.117578   
  2.5298  	3.65217    	0.117655   
  2.5299  	3.65324    	0.117732   
  2.53    	3.65432    	0.11781    
  2.5301  	3.65539    	0.117887   
  2.5302  	3.65647    	0.117964   
  2.5303  	3.65755    	0.118042   
  2.5304  	3.65863    	0.118119   
  2.5305  	3.6597     	0.118197   
  2.5306  	3.66078    	0.118275   
  2.5307  	3.66186    	0.118352   
  2.5308  	3.66294    	0.11843    
  2.5309  	3.66403    	0.118508   
  2.531   	3.66511    	0.118586   
  2.5311  	3.66619    	0.118664   
  2.5312  	3.66727    	0.118742   
  2.5313  	3.66836    	0.118821   
  2.5314  	3.66944    	0.118899   
  2.5315  	3.67053    	0.118977   
  2.5316  	3.67162    	0.119056   
  2.5317  	3.6727     	0.119134   
  2.5318  	3.67379    	0.119213   
  2.5319  	3.67488    	0.119292   
  2.532   	3.67597    	0.11937    
  2.5321  	3.67706    	0.119449   
  2.5322  	3.67815    	0.119528   
  2.5323  	3.67924    	0.119607   
  2.5324  	3.68034    	0.119686   
  2.5325  	3.68143    	0.119765   
  2.5326  	3.68253    	0.119845   
  2.5327  	3.68362    	0.119924   
  2.5328  	3.68472    	0.120003   
  2.5329  	3.68581    	0.120083   
  2.533   	3.68691    	0.120162   
  2.5331  	3.68801    	0.120242   
  2.5332  	3.68911    	0.120321   
  2.5333  	3.69021    	0.120401   
  2.5334  	3.69131    	0.120481   
  2.5335  	3.69241    	0.120561   
  2.5336  	3.69351    	0.120641   
  2.5337  	3.69461    	0.120721   
  2.5338  	3.69572    	0.120801   
  2.5339  	3.69682    	0.120881   
  2.534   	3.69793    	0.120962   
  2.5341  	3.69903    	0.121042   
  2.5342  	3.70014    	0.121122   
  2.5343  	3.70125    	0.121203   
  2.5344  	3.70235    	0.121283   
  2.5345  	3.70346    	0.121364   
  2.5346  	3.70457    	0.121445   
  2.5347  	3.70568    	0.121526   
  2.5348  	3.70679    	0.121607   
  2.5349  	3.70791    	0.121688   
  2.535   	3.70902    	0.121769   
  2.5351  	3.71013    	0.12185    
  2.5352  	3.71125    	0.121931   
  2.5353  	3.71236    	0.122012   
  2.5354  	3.71348    	0.122094   
  2.5355  	3.7146     	0.122175   
  2.5356  	3.71571    	0.122257   
  2.5357  	3.71683    	0.122338   
  2.5358  	3.71795    	0.12242    
  2.5359  	3.71907    	0.122502   
  2.536   	3.72019    	0.122584   
  2.5361  	3.72131    	0.122666   
  2.5362  	3.72243    	0.122748   
  2.5363  	3.72356    	0.12283    
  2.5364  	3.72468    	0.122912   
  2.5365  	3.72581    	0.122994   
  2.5366  	3.72693    	0.123076   
  2.5367  	3.72806    	0.123159   
  2.5368  	3.72918    	0.123241   
  2.5369  	3.73031    	0.123324   
  2.537   	3.73144    	0.123406   
  2.5371  	3.73257    	0.123489   
  2.5372  	3.7337     	0.123572   
  2.5373  	3.73483    	0.123655   
  2.5374  	3.73596    	0.123738   
  2.5375  	3.7371     	0.123821   
  2.5376  	3.73823    	0.123904   
  2.5377  	3.73936    	0.123987   
  2.5378  	3.7405     	0.124071   
  2.5379  	3.74163    	0.124154   
  2.538   	3.74277    	0.124237   
  2.5381  	3.74391    	0.124321   
  2.5382  	3.74505    	0.124405   
  2.5383  	3.74619    	0.124488   
  2.5384  	3.74733    	0.124572   
  2.5385  	3.74847    	0.124656   
  2.5386  	3.74961    	0.12474    
  2.5387  	3.75075    	0.124824   
  2.5388  	3.75189    	0.124908   
  2.5389  	3.75304    	0.124992   
  2.539   	3.75418    	0.125076   
  2.5391  	3.75533    	0.125161   
  2.5392  	3.75647    	0.125245   
  2.5393  	3.75762    	0.12533    
  2.5394  	3.75877    	0.125414   
  2.5395  	3.75992    	0.125499   
  2.5396  	3.76107    	0.125584   
  2.5397  	3.76222    	0.125669   
  2.5398  	3.76337    	0.125754   
  2.5399  	3.76452    	0.125839   
  2.54    	3.76567    	0.125924   
  2.5401  	3.76683    	0.126009   
  2.5402  	3.76798    	0.126094   
  2.5403  	3.76914    	0.126179   
  2.5404  	3.77029    	0.126265   
  2.5405  	3.77145    	0.12635    
  2.5406  	3.77261    	0.126436   
  2.5407  	3.77377    	0.126522   
  2.5408  	3.77493    	0.126607   
  2.5409  	3.77609    	0.126693   
  2.541   	3.77725    	0.126779   
  2.5411  	3.77841    	0.126865   
  2.5412  	3.77957    	0.126951   
  2.5413  	3.78074    	0.127038   
  2.5414  	3.7819     	0.127124   
  2.5415  	3.78307    	0.12721    
  2.5416  	3.78423    	0.127297   
  2.5417  	3.7854     	0.127383   
  2.5418  	3.78657    	0.12747    
  2.5419  	3.78774    	0.127556   
  2.542   	3.78891    	0.127643   
  2.5421  	3.79008    	0.12773    
  2.5422  	3.79125    	0.127817   
  2.5423  	3.79242    	0.127904   
  2.5424  	3.79359    	0.127991   
  2.5425  	3.79477    	0.128078   
  2.5426  	3.79594    	0.128166   
  2.5427  	3.79712    	0.128253   
  2.5428  	3.79829    	0.128341   
  2.5429  	3.79947    	0.128428   
  2.543   	3.80065    	0.128516   
  2.5431  	3.80183    	0.128604   
  2.5432  	3.80301    	0.128691   
  2.5433  	3.80419    	0.128779   
  2.5434  	3.80537    	0.128867   
  2.5435  	3.80655    	0.128955   
  2.5436  	3.80773    	0.129043   
  2.5437  	3.80892    	0.129132   
  2.5438  	3.8101     	0.12922    
  2.5439  	3.81129    	0.129308   
  2.544   	3.81248    	0.129397   
  2.5441  	3.81366    	0.129486   
  2.5442  	3.81485    	0.129574   
  2.5443  	3.81604    	0.129663   
  2.5444  	3.81723    	0.129752   
  2.5445  	3.81842    	0.129841   
  2.5446  	3.81961    	0.12993    
  2.5447  	3.82081    	0.130019   
  2.5448  	3.822      	0.130108   
  2.5449  	3.82319    	0.130198   
  2.545   	3.82439    	0.130287   
  2.5451  	3.82558    	0.130376   
  2.5452  	3.82678    	0.130466   
  2.5453  	3.82798    	0.130556   
  2.5454  	3.82918    	0.130645   
  2.5455  	3.83038    	0.130735   
  2.5456  	3.83158    	0.130825   
  2.5457  	3.83278    	0.130915   
  2.5458  	3.83398    	0.131005   
  2.5459  	3.83518    	0.131096   
  2.546   	3.83639    	0.131186   
  2.5461  	3.83759    	0.131276   
  2.5462  	3.8388     	0.131367   
  2.5463  	3.84001    	0.131457   
  2.5464  	3.84121    	0.131548   
  2.5465  	3.84242    	0.131639   
  2.5466  	3.84363    	0.131729   
  2.5467  	3.84484    	0.13182    
  2.5468  	3.84605    	0.131911   
  2.5469  	3.84726    	0.132003   
  2.547   	3.84848    	0.132094   
  2.5471  	3.84969    	0.132185   
  2.5472  	3.8509     	0.132276   
  2.5473  	3.85212    	0.132368   
  2.5474  	3.85334    	0.132459   
  2.5475  	3.85455    	0.132551   
  2.5476  	3.85577    	0.132643   
  2.5477  	3.85699    	0.132735   
  2.5478  	3.85821    	0.132827   
  2.5479  	3.85943    	0.132919   
  2.548   	3.86065    	0.133011   
  2.5481  	3.86188    	0.133103   
  2.5482  	3.8631     	0.133195   
  2.5483  	3.86432    	0.133288   
  2.5484  	3.86555    	0.13338    
  2.5485  	3.86677    	0.133473   
  2.5486  	3.868      	0.133565   
  2.5487  	3.86923    	0.133658   
  2.5488  	3.87046    	0.133751   
  2.5489  	3.87169    	0.133844   
  2.549   	3.87292    	0.133937   
  2.5491  	3.87415    	0.13403    
  2.5492  	3.87538    	0.134123   
  2.5493  	3.87662    	0.134217   
  2.5494  	3.87785    	0.13431    
  2.5495  	3.87909    	0.134403   
  2.5496  	3.88032    	0.134497   
  2.5497  	3.88156    	0.134591   
  2.5498  	3.8828     	0.134685   
  2.5499  	3.88404    	0.134778   
  2.55    	3.88528    	0.134872   
  2.5501  	3.88652    	0.134966   
  2.5502  	3.88776    	0.135061   
  2.5503  	3.889      	0.135155   
  2.5504  	3.89024    	0.135249   
  2.5505  	3.89149    	0.135344   
  2.5506  	3.89273    	0.135438   
  2.5507  	3.89398    	0.135533   
  2.5508  	3.89523    	0.135628   
  2.5509  	3.89648    	0.135722   
  2.551   	3.89772    	0.135817   
  2.5511  	3.89897    	0.135912   
  2.5512  	3.90023    	0.136008   
  2.5513  	3.90148    	0.136103   
  2.5514  	3.90273    	0.136198   
  2.5515  	3.90398    	0.136293   
  2.5516  	3.90524    	0.136389   
  2.5517  	3.90649    	0.136485   
  2.5518  	3.90775    	0.13658    
  2.5519  	3.90901    	0.136676   
  2.552   	3.91027    	0.136772   
  2.5521  	3.91153    	0.136868   
  2.5522  	3.91279    	0.136964   
  2.5523  	3.91405    	0.13706    
  2.5524  	3.91531    	0.137157   
  2.5525  	3.91657    	0.137253   
  2.5526  	3.91784    	0.137349   
  2.5527  	3.9191     	0.137446   
  2.5528  	3.92037    	0.137543   
  2.5529  	3.92163    	0.137639   
  2.553   	3.9229     	0.137736   
  2.5531  	3.92417    	0.137833   
  2.5532  	3.92544    	0.13793    
  2.5533  	3.92671    	0.138027   
  2.5534  	3.92798    	0.138125   
  2.5535  	3.92926    	0.138222   
  2.5536  	3.93053    	0.13832    
  2.5537  	3.9318     	0.138417   
  2.5538  	3.93308    	0.138515   
  2.5539  	3.93436    	0.138613   
  2.554   	3.93563    	0.13871    
  2.5541  	3.93691    	0.138808   
  2.5542  	3.93819    	0.138906   
  2.5543  	3.93947    	0.139005   
  2.5544  	3.94075    	0.139103   
  2.5545  	3.94203    	0.139201   
  2.5546  	3.94332    	0.1393     
  2.5547  	3.9446     	0.139398   
  2.5548  	3.94589    	0.139497   
  2.5549  	3.94717    	0.139596   
  2.555   	3.94846    	0.139694   
  2.5551  	3.94975    	0.139793   
  2.5552  	3.95104    	0.139893   
  2.5553  	3.95233    	0.139992   
  2.5554  	3.95362    	0.140091   
  2.5555  	3.95491    	0.14019    
  2.5556  	3.9562     	0.14029    
  2.5557  	3.9575     	0.140389   
  2.5558  	3.95879    	0.140489   
  2.5559  	3.96009    	0.140589   
  2.556   	3.96138    	0.140689   
  2.5561  	3.96268    	0.140789   
  2.5562  	3.96398    	0.140889   
  2.5563  	3.96528    	0.140989   
  2.5564  	3.96658    	0.141089   
  2.5565  	3.96788    	0.14119    
  2.5566  	3.96918    	0.14129    
  2.5567  	3.97049    	0.141391   
  2.5568  	3.97179    	0.141491   
  2.5569  	3.9731     	0.141592   
  2.557   	3.9744     	0.141693   
  2.5571  	3.97571    	0.141794   
  2.5572  	3.97702    	0.141895   
  2.5573  	3.97833    	0.141996   
  2.5574  	3.97964    	0.142098   
  2.5575  	3.98095    	0.142199   
  2.5576  	3.98226    	0.142301   
  2.5577  	3.98358    	0.142402   
  2.5578  	3.98489    	0.142504   
  2.5579  	3.98621    	0.142606   
  2.558   	3.98753    	0.142708   
  2.5581  	3.98884    	0.14281    
  2.5582  	3.99016    	0.142912   
  2.5583  	3.99148    	0.143014   
  2.5584  	3.9928     	0.143117   
  2.5585  	3.99412    	0.143219   
  2.5586  	3.99545    	0.143322   
  2.5587  	3.99677    	0.143425   
  2.5588  	3.99809    	0.143527   
  2.5589  	3.99942    	0.14363    
  2.559   	4.00075    	0.143733   
  2.5591  	4.00207    	0.143836   
  2.5592  	4.0034     	0.14394    
  2.5593  	4.00473    	0.144043   
  2.5594  	4.00606    	0.144146   
  2.5595  	4.0074     	0.14425    
  2.5596  	4.00873    	0.144354   
  2.5597  	4.01006    	0.144457   
  2.5598  	4.0114     	0.144561   
  2.5599  	4.01273    	0.144665   
  2.56    	4.01407    	0.144769   
  2.5601  	4.01541    	0.144873   
  2.5602  	4.01675    	0.144978   
  2.5603  	4.01809    	0.145082   
  2.5604  	4.01943    	0.145187   
  2.5605  	4.02077    	0.145291   
  2.5606  	4.02211    	0.145396   
  2.5607  	4.02346    	0.145501   
  2.5608  	4.0248     	0.145606   
  2.5609  	4.02615    	0.145711   
  2.561   	4.02749    	0.145816   
  2.5611  	4.02884    	0.145921   
  2.5612  	4.03019    	0.146027   
  2.5613  	4.03154    	0.146132   
  2.5614  	4.03289    	0.146238   
  2.5615  	4.03425    	0.146343   
  2.5616  	4.0356     	0.146449   
  2.5617  	4.03695    	0.146555   
  2.5618  	4.03831    	0.146661   
  2.5619  	4.03967    	0.146767   
  2.562   	4.04102    	0.146874   
  2.5621  	4.04238    	0.14698    
  2.5622  	4.04374    	0.147086   
  2.5623  	4.0451     	0.147193   
  2.5624  	4.04647    	0.1473     
  2.5625  	4.04783    	0.147407   
  2.5626  	4.04919    	0.147513   
  2.5627  	4.05056    	0.147621   
  2.5628  	4.05192    	0.147728   
  2.5629  	4.05329    	0.147835   
  2.563   	4.05466    	0.147942   
  2.5631  	4.05603    	0.14805    
  2.5632  	4.0574     	0.148157   
  2.5633  	4.05877    	0.148265   
  2.5634  	4.06014    	0.148373   
  2.5635  	4.06152    	0.148481   
  2.5636  	4.06289    	0.148589   
  2.5637  	4.06427    	0.148697   
  2.5638  	4.06564    	0.148805   
  2.5639  	4.06702    	0.148914   
  2.564   	4.0684     	0.149022   
  2.5641  	4.06978    	0.149131   
  2.5642  	4.07116    	0.14924    
  2.5643  	4.07254    	0.149348   
  2.5644  	4.07393    	0.149457   
  2.5645  	4.07531    	0.149566   
  2.5646  	4.0767     	0.149676   
  2.5647  	4.07808    	0.149785   
  2.5648  	4.07947    	0.149894   
  2.5649  	4.08086    	0.150004   
  2.565   	4.08225    	0.150114   
  2.5651  	4.08364    	0.150223   
  2.5652  	4.08503    	0.150333   
  2.5653  	4.08642    	0.150443   
  2.5654  	4.08782    	0.150553   
  2.5655  	4.08921    	0.150664   
  2.5656  	4.09061    	0.150774   
  2.5657  	4.09201    	0.150884   
  2.5658  	4.0934     	0.150995   
  2.5659  	4.0948     	0.151106   
  2.566   	4.0962     	0.151216   
  2.5661  	4.09761    	0.151327   
  2.5662  	4.09901    	0.151438   
  2.5663  	4.10041    	0.15155    
  2.5664  	4.10182    	0.151661   
  2.5665  	4.10322    	0.151772   
  2.5666  	4.10463    	0.151884   
  2.5667  	4.10604    	0.151995   
  2.5668  	4.10745    	0.152107   
  2.5669  	4.10886    	0.152219   
  2.567   	4.11027    	0.152331   
  2.5671  	4.11168    	0.152443   
  2.5672  	4.1131     	0.152555   
  2.5673  	4.11451    	0.152668   
  2.5674  	4.11593    	0.15278    
  2.5675  	4.11735    	0.152893   
  2.5676  	4.11877    	0.153005   
  2.5677  	4.12019    	0.153118   
  2.5678  	4.12161    	0.153231   
  2.5679  	4.12303    	0.153344   
  2.568   	4.12445    	0.153457   
  2.5681  	4.12587    	0.153571   
  2.5682  	4.1273     	0.153684   
  2.5683  	4.12873    	0.153798   
  2.5684  	4.13015    	0.153911   
  2.5685  	4.13158    	0.154025   
  2.5686  	4.13301    	0.154139   
  2.5687  	4.13444    	0.154253   
  2.5688  	4.13587    	0.154367   
  2.5689  	4.13731    	0.154481   
  2.569   	4.13874    	0.154596   
  2.5691  	4.14018    	0.15471    
  2.5692  	4.14161    	0.154825   
  2.5693  	4.14305    	0.15494    
  2.5694  	4.14449    	0.155054   
  2.5695  	4.14593    	0.155169   
  2.5696  	4.14737    	0.155285   
  2.5697  	4.14881    	0.1554     
  2.5698  	4.15026    	0.155515   
  2.5699  	4.1517     	0.155631   
  2.57    	4.15315    	0.155746   
  2.5701  	4.15459    	0.155862   
  2.5702  	4.15604    	0.155978   
  2.5703  	4.15749    	0.156094   
  2.5704  	4.15894    	0.15621    
  2.5705  	4.16039    	0.156326   
  2.5706  	4.16185    	0.156442   
  2.5707  	4.1633     	0.156559   
  2.5708  	4.16475    	0.156676   
  2.5709  	4.16621    	0.156792   
  2.571   	4.16767    	0.156909   
  2.5711  	4.16913    	0.157026   
  2.5712  	4.17059    	0.157143   
  2.5713  	4.17205    	0.15726    
  2.5714  	4.17351    	0.157378   
  2.5715  	4.17497    	0.157495   
  2.5716  	4.17644    	0.157613   
  2.5717  	4.1779     	0.157731   
  2.5718  	4.17937    	0.157848   
  2.5719  	4.18084    	0.157966   
  2.572   	4.18231    	0.158084   
  2.5721  	4.18378    	0.158203   
  2.5722  	4.18525    	0.158321   
  2.5723  	4.18672    	0.15844    
  2.5724  	4.18819    	0.158558   
  2.5725  	4.18967    	0.158677   
  2.5726  	4.19114    	0.158796   
  2.5727  	4.19262    	0.158915   
  2.5728  	4.1941     	0.159034   
  2.5729  	4.19558    	0.159153   
  2.573   	4.19706    	0.159273   
  2.5731  	4.19854    	0.159392   
  2.5732  	4.20003    	0.159512   
  2.5733  	4.20151    	0.159631   
  2.5734  	4.203      	0.159751   
  2.5735  	4.20448    	0.159871   
  2.5736  	4.20597    	0.159991   
  2.5737  	4.20746    	0.160112   
  2.5738  	4.20895    	0.160232   
  2.5739  	4.21044    	0.160353   
  2.574   	4.21194    	0.160473   
  2.5741  	4.21343    	0.160594   
  2.5742  	4.21493    	0.160715   
  2.5743  	4.21642    	0.160836   
  2.5744  	4.21792    	0.160957   
  2.5745  	4.21942    	0.161079   
  2.5746  	4.22092    	0.1612     
  2.5747  	4.22242    	0.161322   
  2.5748  	4.22392    	0.161443   
  2.5749  	4.22543    	0.161565   
  2.575   	4.22693    	0.161687   
  2.5751  	4.22844    	0.161809   
  2.5752  	4.22995    	0.161932   
  2.5753  	4.23146    	0.162054   
  2.5754  	4.23297    	0.162177   
  2.5755  	4.23448    	0.162299   
  2.5756  	4.23599    	0.162422   
  2.5757  	4.2375     	0.162545   
  2.5758  	4.23902    	0.162668   
  2.5759  	4.24053    	0.162791   
  2.576   	4.24205    	0.162914   
  2.5761  	4.24357    	0.163038   
  2.5762  	4.24509    	0.163161   
  2.5763  	4.24661    	0.163285   
  2.5764  	4.24813    	0.163409   
  2.5765  	4.24966    	0.163533   
  2.5766  	4.25118    	0.163657   
  2.5767  	4.25271    	0.163781   
  2.5768  	4.25424    	0.163906   
  2.5769  	4.25576    	0.16403    
  2.577   	4.25729    	0.164155   
  2.5771  	4.25883    	0.16428    
  2.5772  	4.26036    	0.164405   
  2.5773  	4.26189    	0.16453    
  2.5774  	4.26343    	0.164655   
  2.5775  	4.26496    	0.16478    
  2.5776  	4.2665     	0.164906   
  2.5777  	4.26804    	0.165031   
  2.5778  	4.26958    	0.165157   
  2.5779  	4.27112    	0.165283   
  2.578   	4.27266    	0.165409   
  2.5781  	4.27421    	0.165535   
  2.5782  	4.27575    	0.165661   
  2.5783  	4.2773     	0.165788   
  2.5784  	4.27885    	0.165914   
  2.5785  	4.28039    	0.166041   
  2.5786  	4.28195    	0.166168   
  2.5787  	4.2835     	0.166295   
  2.5788  	4.28505    	0.166422   
  2.5789  	4.2866     	0.166549   
  2.579   	4.28816    	0.166677   
  2.5791  	4.28972    	0.166804   
  2.5792  	4.29127    	0.166932   
  2.5793  	4.29283    	0.16706    
  2.5794  	4.29439    	0.167188   
  2.5795  	4.29595    	0.167316   
  2.5796  	4.29752    	0.167444   
  2.5797  	4.29908    	0.167572   
  2.5798  	4.30065    	0.167701   
  2.5799  	4.30221    	0.16783    
  2.58    	4.30378    	0.167958   
  2.5801  	4.30535    	0.168087   
  2.5802  	4.30692    	0.168216   
  2.5803  	4.3085     	0.168346   
  2.5804  	4.31007    	0.168475   
  2.5805  	4.31164    	0.168604   
  2.5806  	4.31322    	0.168734   
  2.5807  	4.3148     	0.168864   
  2.5808  	4.31638    	0.168994   
  2.5809  	4.31796    	0.169124   
  2.581   	4.31954    	0.169254   
  2.5811  	4.32112    	0.169385   
  2.5812  	4.3227     	0.169515   
  2.5813  	4.32429    	0.169646   
  2.5814  	4.32588    	0.169777   
  2.5815  	4.32746    	0.169908   
  2.5816  	4.32905    	0.170039   
  2.5817  	4.33064    	0.17017    
  2.5818  	4.33224    	0.170301   
  2.5819  	4.33383    	0.170433   
  2.582   	4.33542    	0.170564   
  2.5821  	4.33702    	0.170696   
  2.5822  	4.33862    	0.170828   
  2.5823  	4.34022    	0.17096    
  2.5824  	4.34182    	0.171093   
  2.5825  	4.34342    	0.171225   
  2.5826  	4.34502    	0.171357   
  2.5827  	4.34662    	0.17149    
  2.5828  	4.34823    	0.171623   
  2.5829  	4.34984    	0.171756   
  2.583   	4.35144    	0.171889   
  2.5831  	4.35305    	0.172022   
  2.5832  	4.35466    	0.172156   
  2.5833  	4.35628    	0.172289   
  2.5834  	4.35789    	0.172423   
  2.5835  	4.3595     	0.172557   
  2.5836  	4.36112    	0.172691   
  2.5837  	4.36274    	0.172825   
  2.5838  	4.36436    	0.17296    
  2.5839  	4.36598    	0.173094   
  2.584   	4.3676     	0.173229   
  2.5841  	4.36922    	0.173363   
  2.5842  	4.37085    	0.173498   
  2.5843  	4.37247    	0.173633   
  2.5844  	4.3741     	0.173769   
  2.5845  	4.37573    	0.173904   
  2.5846  	4.37736    	0.174039   
  2.5847  	4.37899    	0.174175   
  2.5848  	4.38062    	0.174311   
  2.5849  	4.38226    	0.174447   
  2.585   	4.38389    	0.174583   
  2.5851  	4.38553    	0.174719   
  2.5852  	4.38717    	0.174856   
  2.5853  	4.38881    	0.174992   
  2.5854  	4.39045    	0.175129   
  2.5855  	4.39209    	0.175266   
  2.5856  	4.39373    	0.175403   
  2.5857  	4.39538    	0.17554    
  2.5858  	4.39703    	0.175678   
  2.5859  	4.39867    	0.175815   
  2.586   	4.40032    	0.175953   
  2.5861  	4.40197    	0.17609    
  2.5862  	4.40363    	0.176228   
  2.5863  	4.40528    	0.176367   
  2.5864  	4.40693    	0.176505   
  2.5865  	4.40859    	0.176643   
  2.5866  	4.41025    	0.176782   
  2.5867  	4.41191    	0.17692    
  2.5868  	4.41357    	0.177059   
  2.5869  	4.41523    	0.177198   
  2.587   	4.41689    	0.177338   
  2.5871  	4.41856    	0.177477   
  2.5872  	4.42023    	0.177616   
  2.5873  	4.42189    	0.177756   
  2.5874  	4.42356    	0.177896   
  2.5875  	4.42523    	0.178036   
  2.5876  	4.42691    	0.178176   
  2.5877  	4.42858    	0.178316   
  2.5878  	4.43025    	0.178457   
  2.5879  	4.43193    	0.178597   
  2.588   	4.43361    	0.178738   
  2.5881  	4.43529    	0.178879   
  2.5882  	4.43697    	0.17902    
  2.5883  	4.43865    	0.179161   
  2.5884  	4.44033    	0.179303   
  2.5885  	4.44202    	0.179444   
  2.5886  	4.44371    	0.179586   
  2.5887  	4.44539    	0.179728   
  2.5888  	4.44708    	0.17987    
  2.5889  	4.44877    	0.180012   
  2.589   	4.45047    	0.180155   
  2.5891  	4.45216    	0.180297   
  2.5892  	4.45386    	0.18044    
  2.5893  	4.45555    	0.180583   
  2.5894  	4.45725    	0.180726   
  2.5895  	4.45895    	0.180869   
  2.5896  	4.46065    	0.181012   
  2.5897  	4.46235    	0.181156   
  2.5898  	4.46406    	0.181299   
  2.5899  	4.46576    	0.181443   
  2.59    	4.46747    	0.181587   
  2.5901  	4.46918    	0.181731   
  2.5902  	4.47089    	0.181875   
  2.5903  	4.4726     	0.18202    
  2.5904  	4.47431    	0.182164   
  2.5905  	4.47603    	0.182309   
  2.5906  	4.47774    	0.182454   
  2.5907  	4.47946    	0.182599   
  2.5908  	4.48118    	0.182745   
  2.5909  	4.4829     	0.18289    
  2.591   	4.48462    	0.183036   
  2.5911  	4.48634    	0.183181   
  2.5912  	4.48807    	0.183327   
  2.5913  	4.4898     	0.183473   
  2.5914  	4.49152    	0.18362    
  2.5915  	4.49325    	0.183766   
  2.5916  	4.49498    	0.183913   
  2.5917  	4.49672    	0.184059   
  2.5918  	4.49845    	0.184206   
  2.5919  	4.50019    	0.184354   
  2.592   	4.50192    	0.184501   
  2.5921  	4.50366    	0.184648   
  2.5922  	4.5054     	0.184796   
  2.5923  	4.50714    	0.184944   
  2.5924  	4.50889    	0.185092   
  2.5925  	4.51063    	0.18524    
  2.5926  	4.51238    	0.185388   
  2.5927  	4.51412    	0.185536   
  2.5928  	4.51587    	0.185685   
  2.5929  	4.51762    	0.185834   
  2.593   	4.51938    	0.185983   
  2.5931  	4.52113    	0.186132   
  2.5932  	4.52289    	0.186281   
  2.5933  	4.52464    	0.186431   
  2.5934  	4.5264     	0.18658    
  2.5935  	4.52816    	0.18673    
  2.5936  	4.52992    	0.18688    
  2.5937  	4.53168    	0.18703    
  2.5938  	4.53345    	0.18718    
  2.5939  	4.53522    	0.187331   
  2.594   	4.53698    	0.187482   
  2.5941  	4.53875    	0.187632   
  2.5942  	4.54052    	0.187783   
  2.5943  	4.5423     	0.187935   
  2.5944  	4.54407    	0.188086   
  2.5945  	4.54584    	0.188238   
  2.5946  	4.54762    	0.188389   
  2.5947  	4.5494     	0.188541   
  2.5948  	4.55118    	0.188693   
  2.5949  	4.55296    	0.188845   
  2.595   	4.55475    	0.188998   
  2.5951  	4.55653    	0.18915    
  2.5952  	4.55832    	0.189303   
  2.5953  	4.56011    	0.189456   
  2.5954  	4.5619     	0.189609   
  2.5955  	4.56369    	0.189762   
  2.5956  	4.56548    	0.189916   
  2.5957  	4.56727    	0.190069   
  2.5958  	4.56907    	0.190223   
  2.5959  	4.57087    	0.190377   
  2.596   	4.57267    	0.190531   
  2.5961  	4.57447    	0.190686   
  2.5962  	4.57627    	0.19084    
  2.5963  	4.57807    	0.190995   
  2.5964  	4.57988    	0.19115    
  2.5965  	4.58169    	0.191305   
  2.5966  	4.5835     	0.19146    
  2.5967  	4.58531    	0.191615   
  2.5968  	4.58712    	0.191771   
  2.5969  	4.58893    	0.191927   
  2.597   	4.59075    	0.192083   
  2.5971  	4.59256    	0.192239   
  2.5972  	4.59438    	0.192395   
  2.5973  	4.5962     	0.192552   
  2.5974  	4.59802    	0.192708   
  2.5975  	4.59985    	0.192865   
  2.5976  	4.60167    	0.193022   
  2.5977  	4.6035     	0.193179   
  2.5978  	4.60533    	0.193337   
  2.5979  	4.60716    	0.193494   
  2.598   	4.60899    	0.193652   
  2.5981  	4.61082    	0.19381    
  2.5982  	4.61266    	0.193968   
  2.5983  	4.61449    	0.194126   
  2.5984  	4.61633    	0.194285   
  2.5985  	4.61817    	0.194443   
  2.5986  	4.62001    	0.194602   
  2.5987  	4.62186    	0.194761   
  2.5988  	4.6237     	0.19492    
  2.5989  	4.62555    	0.19508    
  2.599   	4.6274     	0.195239   
  2.5991  	4.62925    	0.195399   
  2.5992  	4.6311     	0.195559   
  2.5993  	4.63295    	0.195719   
  2.5994  	4.63481    	0.19588    
  2.5995  	4.63666    	0.19604    
  2.5996  	4.63852    	0.196201   
  2.5997  	4.64038    	0.196362   
  2.5998  	4.64224    	0.196523   
  2.5999  	4.6441     	0.196684   
  2.6     	4.64597    	0.196846   
  2.6001  	4.64784    	0.197007   
  2.6002  	4.6497     	0.197169   
  2.6003  	4.65157    	0.197331   
  2.6004  	4.65345    	0.197493   
  2.6005  	4.65532    	0.197656   
  2.6006  	4.65719    	0.197818   
  2.6007  	4.65907    	0.197981   
  2.6008  	4.66095    	0.198144   
  2.6009  	4.66283    	0.198307   
  2.601   	4.66471    	0.19847    
  2.6011  	4.6666     	0.198634   
  2.6012  	4.66848    	0.198798   
  2.6013  	4.67037    	0.198961   
  2.6014  	4.67226    	0.199126   
  2.6015  	4.67415    	0.19929    
  2.6016  	4.67604    	0.199454   
  2.6017  	4.67793    	0.199619   
  2.6018  	4.67983    	0.199784   
  2.6019  	4.68173    	0.199949   
  2.602   	4.68362    	0.200114   
  2.6021  	4.68553    	0.20028    
  2.6022  	4.68743    	0.200445   
  2.6023  	4.68933    	0.200611   
  2.6024  	4.69124    	0.200777   
  2.6025  	4.69315    	0.200943   
  2.6026  	4.69506    	0.20111    
  2.6027  	4.69697    	0.201276   
  2.6028  	4.69888    	0.201443   
  2.6029  	4.70079    	0.20161    
  2.603   	4.70271    	0.201777   
  2.6031  	4.70463    	0.201945   
  2.6032  	4.70655    	0.202112   
  2.6033  	4.70847    	0.20228    
  2.6034  	4.71039    	0.202448   
  2.6035  	4.71232    	0.202616   
  2.6036  	4.71425    	0.202785   
  2.6037  	4.71618    	0.202953   
  2.6038  	4.71811    	0.203122   
  2.6039  	4.72004    	0.203291   
  2.604   	4.72197    	0.20346    
  2.6041  	4.72391    	0.20363    
  2.6042  	4.72585    	0.203799   
  2.6043  	4.72779    	0.203969   
  2.6044  	4.72973    	0.204139   
  2.6045  	4.73167    	0.204309   
  2.6046  	4.73362    	0.20448    
  2.6047  	4.73556    	0.20465    
  2.6048  	4.73751    	0.204821   
  2.6049  	4.73946    	0.204992   
  2.605   	4.74141    	0.205163   
  2.6051  	4.74337    	0.205334   
  2.6052  	4.74532    	0.205506   
  2.6053  	4.74728    	0.205678   
  2.6054  	4.74924    	0.20585    
  2.6055  	4.7512     	0.206022   
  2.6056  	4.75316    	0.206194   
  2.6057  	4.75513    	0.206367   
  2.6058  	4.7571     	0.20654    
  2.6059  	4.75906    	0.206713   
  2.606   	4.76103    	0.206886   
  2.6061  	4.76301    	0.207059   
  2.6062  	4.76498    	0.207233   
  2.6063  	4.76696    	0.207407   
  2.6064  	4.76893    	0.207581   
  2.6065  	4.77091    	0.207755   
  2.6066  	4.77289    	0.20793    
  2.6067  	4.77488    	0.208104   
  2.6068  	4.77686    	0.208279   
  2.6069  	4.77885    	0.208454   
  2.607   	4.78084    	0.208629   
  2.6071  	4.78283    	0.208805   
  2.6072  	4.78482    	0.208981   
  2.6073  	4.78682    	0.209156   
  2.6074  	4.78881    	0.209333   
  2.6075  	4.79081    	0.209509   
  2.6076  	4.79281    	0.209685   
  2.6077  	4.79481    	0.209862   
  2.6078  	4.79682    	0.210039   
  2.6079  	4.79882    	0.210216   
  2.608   	4.80083    	0.210394   
  2.6081  	4.80284    	0.210571   
  2.6082  	4.80485    	0.210749   
  2.6083  	4.80686    	0.210927   
  2.6084  	4.80888    	0.211105   
  2.6085  	4.81089    	0.211284   
  2.6086  	4.81291    	0.211462   
  2.6087  	4.81493    	0.211641   
  2.6088  	4.81696    	0.21182    
  2.6089  	4.81898    	0.211999   
  2.609   	4.82101    	0.212179   
  2.6091  	4.82304    	0.212359   
  2.6092  	4.82507    	0.212539   
  2.6093  	4.8271     	0.212719   
  2.6094  	4.82913    	0.212899   
  2.6095  	4.83117    	0.21308    
  2.6096  	4.83321    	0.21326    
  2.6097  	4.83525    	0.213441   
  2.6098  	4.83729    	0.213623   
  2.6099  	4.83933    	0.213804   
  2.61    	4.84138    	0.213986   
  2.6101  	4.84342    	0.214168   
  2.6102  	4.84547    	0.21435    
  2.6103  	4.84752    	0.214532   
  2.6104  	4.84958    	0.214715   
  2.6105  	4.85163    	0.214897   
  2.6106  	4.85369    	0.21508    
  2.6107  	4.85575    	0.215263   
  2.6108  	4.85781    	0.215447   
  2.6109  	4.85987    	0.21563    
  2.611   	4.86194    	0.215814   
  2.6111  	4.86401    	0.215998   
  2.6112  	4.86608    	0.216183   
  2.6113  	4.86815    	0.216367   
  2.6114  	4.87022    	0.216552   
  2.6115  	4.87229    	0.216737   
  2.6116  	4.87437    	0.216922   
  2.6117  	4.87645    	0.217107   
  2.6118  	4.87853    	0.217293   
  2.6119  	4.88061    	0.217479   
  2.612   	4.8827     	0.217665   
  2.6121  	4.88479    	0.217851   
  2.6122  	4.88687    	0.218038   
  2.6123  	4.88897    	0.218224   
  2.6124  	4.89106    	0.218411   
  2.6125  	4.89315    	0.218599   
  2.6126  	4.89525    	0.218786   
  2.6127  	4.89735    	0.218974   
  2.6128  	4.89945    	0.219161   
  2.6129  	4.90155    	0.21935    
  2.613   	4.90366    	0.219538   
  2.6131  	4.90577    	0.219726   
  2.6132  	4.90787    	0.219915   
  2.6133  	4.90999    	0.220104   
  2.6134  	4.9121     	0.220293   
  2.6135  	4.91421    	0.220483   
  2.6136  	4.91633    	0.220673   
  2.6137  	4.91845    	0.220862   
  2.6138  	4.92057    	0.221053   
  2.6139  	4.92269    	0.221243   
  2.614   	4.92482    	0.221434   
  2.6141  	4.92695    	0.221624   
  2.6142  	4.92908    	0.221815   
  2.6143  	4.93121    	0.222007   
  2.6144  	4.93334    	0.222198   
  2.6145  	4.93548    	0.22239    
  2.6146  	4.93761    	0.222582   
  2.6147  	4.93975    	0.222774   
  2.6148  	4.9419     	0.222967   
  2.6149  	4.94404    	0.223159   
  2.615   	4.94619    	0.223352   
  2.6151  	4.94833    	0.223546   
  2.6152  	4.95048    	0.223739   
  2.6153  	4.95264    	0.223933   
  2.6154  	4.95479    	0.224126   
  2.6155  	4.95695    	0.224321   
  2.6156  	4.95911    	0.224515   
  2.6157  	4.96127    	0.224709   
  2.6158  	4.96343    	0.224904   
  2.6159  	4.96559    	0.225099   
  2.616   	4.96776    	0.225295   
  2.6161  	4.96993    	0.22549    
  2.6162  	4.9721     	0.225686   
  2.6163  	4.97427    	0.225882   
  2.6164  	4.97645    	0.226078   
  2.6165  	4.97863    	0.226275   
  2.6166  	4.98081    	0.226471   
  2.6167  	4.98299    	0.226668   
  2.6168  	4.98517    	0.226865   
  2.6169  	4.98736    	0.227063   
  2.617   	4.98955    	0.227261   
  2.6171  	4.99174    	0.227459   
  2.6172  	4.99393    	0.227657   
  2.6173  	4.99612    	0.227855   
  2.6174  	4.99832    	0.228054   
  2.6175  	5.00052    	0.228253   
  2.6176  	5.00272    	0.228452   
  2.6177  	5.00492    	0.228651   
  2.6178  	5.00713    	0.228851   
  2.6179  	5.00934    	0.229051   
  2.618   	5.01155    	0.229251   
  2.6181  	5.01376    	0.229451   
  2.6182  	5.01597    	0.229652   
  2.6183  	5.01819    	0.229853   
  2.6184  	5.02041    	0.230054   
  2.6185  	5.02263    	0.230255   
  2.6186  	5.02485    	0.230457   
  2.6187  	5.02707    	0.230658   
  2.6188  	5.0293     	0.23086    
  2.6189  	5.03153    	0.231063   
  2.619   	5.03376    	0.231265   
  2.6191  	5.036      	0.231468   
  2.6192  	5.03823    	0.231671   
  2.6193  	5.04047    	0.231875   
  2.6194  	5.04271    	0.232078   
  2.6195  	5.04495    	0.232282   
  2.6196  	5.0472     	0.232486   
  2.6197  	5.04945    	0.23269    
  2.6198  	5.0517     	0.232895   
  2.6199  	5.05395    	0.2331     
  2.62    	5.0562     	0.233305   
  2.6201  	5.05846    	0.23351    
  2.6202  	5.06072    	0.233716   
  2.6203  	5.06298    	0.233922   
  2.6204  	5.06524    	0.234128   
  2.6205  	5.0675     	0.234334   
  2.6206  	5.06977    	0.234541   
  2.6207  	5.07204    	0.234748   
  2.6208  	5.07431    	0.234955   
  2.6209  	5.07659    	0.235162   
  2.621   	5.07886    	0.23537    
  2.6211  	5.08114    	0.235578   
  2.6212  	5.08342    	0.235786   
  2.6213  	5.08571    	0.235994   
  2.6214  	5.08799    	0.236203   
  2.6215  	5.09028    	0.236412   
  2.6216  	5.09257    	0.236621   
  2.6217  	5.09486    	0.23683    
  2.6218  	5.09716    	0.23704    
  2.6219  	5.09945    	0.23725    
  2.622   	5.10175    	0.23746    
  2.6221  	5.10405    	0.23767    
  2.6222  	5.10636    	0.237881   
  2.6223  	5.10866    	0.238092   
  2.6224  	5.11097    	0.238303   
  2.6225  	5.11328    	0.238515   
  2.6226  	5.1156     	0.238727   
  2.6227  	5.11791    	0.238939   
  2.6228  	5.12023    	0.239151   
  2.6229  	5.12255    	0.239364   
  2.623   	5.12487    	0.239576   
  2.6231  	5.1272     	0.23979    
  2.6232  	5.12953    	0.240003   
  2.6233  	5.13185    	0.240216   
  2.6234  	5.13419    	0.24043    
  2.6235  	5.13652    	0.240645   
  2.6236  	5.13886    	0.240859   
  2.6237  	5.1412     	0.241074   
  2.6238  	5.14354    	0.241289   
  2.6239  	5.14588    	0.241504   
  2.624   	5.14823    	0.241719   
  2.6241  	5.15058    	0.241935   
  2.6242  	5.15293    	0.242151   
  2.6243  	5.15528    	0.242367   
  2.6244  	5.15764    	0.242584   
  2.6245  	5.15999    	0.242801   
  2.6246  	5.16235    	0.243018   
  2.6247  	5.16472    	0.243235   
  2.6248  	5.16708    	0.243453   
  2.6249  	5.16945    	0.243671   
  2.625   	5.17182    	0.243889   
  2.6251  	5.17419    	0.244107   
  2.6252  	5.17657    	0.244326   
  2.6253  	5.17894    	0.244545   
  2.6254  	5.18132    	0.244764   
  2.6255  	5.18371    	0.244984   
  2.6256  	5.18609    	0.245204   
  2.6257  	5.18848    	0.245424   
  2.6258  	5.19087    	0.245644   
  2.6259  	5.19326    	0.245865   
  2.626   	5.19565    	0.246086   
  2.6261  	5.19805    	0.246307   
  2.6262  	5.20045    	0.246529   
  2.6263  	5.20285    	0.24675    
  2.6264  	5.20526    	0.246972   
  2.6265  	5.20766    	0.247195   
  2.6266  	5.21007    	0.247417   
  2.6267  	5.21248    	0.24764    
  2.6268  	5.2149     	0.247863   
  2.6269  	5.21731    	0.248087   
  2.627   	5.21973    	0.24831    
  2.6271  	5.22215    	0.248534   
  2.6272  	5.22458    	0.248759   
  2.6273  	5.22701    	0.248983   
  2.6274  	5.22943    	0.249208   
  2.6275  	5.23187    	0.249433   
  2.6276  	5.2343     	0.249659   
  2.6277  	5.23674    	0.249884   
  2.6278  	5.23918    	0.25011    
  2.6279  	5.24162    	0.250336   
  2.628   	5.24406    	0.250563   
  2.6281  	5.24651    	0.25079    
  2.6282  	5.24896    	0.251017   
  2.6283  	5.25141    	0.251244   
  2.6284  	5.25386    	0.251472   
  2.6285  	5.25632    	0.2517     
  2.6286  	5.25878    	0.251928   
  2.6287  	5.26124    	0.252157   
  2.6288  	5.26371    	0.252386   
  2.6289  	5.26617    	0.252615   
  2.629   	5.26864    	0.252844   
  2.6291  	5.27111    	0.253074   
  2.6292  	5.27359    	0.253304   
  2.6293  	5.27607    	0.253534   
  2.6294  	5.27855    	0.253765   
  2.6295  	5.28103    	0.253996   
  2.6296  	5.28351    	0.254227   
  2.6297  	5.286      	0.254458   
  2.6298  	5.28849    	0.25469    
  2.6299  	5.29099    	0.254922   
  2.63    	5.29348    	0.255154   
  2.6301  	5.29598    	0.255387   
  2.6302  	5.29848    	0.25562    
  2.6303  	5.30098    	0.255853   
  2.6304  	5.30349    	0.256086   
  2.6305  	5.306      	0.25632    
  2.6306  	5.30851    	0.256554   
  2.6307  	5.31102    	0.256789   
  2.6308  	5.31354    	0.257023   
  2.6309  	5.31606    	0.257258   
  2.631   	5.31858    	0.257494   
  2.6311  	5.3211     	0.257729   
  2.6312  	5.32363    	0.257965   
  2.6313  	5.32616    	0.258201   
  2.6314  	5.32869    	0.258438   
  2.6315  	5.33123    	0.258675   
  2.6316  	5.33377    	0.258912   
  2.6317  	5.33631    	0.259149   
  2.6318  	5.33885    	0.259387   
  2.6319  	5.3414     	0.259625   
  2.632   	5.34394    	0.259863   
  2.6321  	5.34649    	0.260102   
  2.6322  	5.34905    	0.260341   
  2.6323  	5.35161    	0.26058    
  2.6324  	5.35416    	0.260819   
  2.6325  	5.35673    	0.261059   
  2.6326  	5.35929    	0.261299   
  2.6327  	5.36186    	0.26154    
  2.6328  	5.36443    	0.26178    
  2.6329  	5.367      	0.262021   
  2.633   	5.36958    	0.262263   
  2.6331  	5.37216    	0.262504   
  2.6332  	5.37474    	0.262746   
  2.6333  	5.37732    	0.262989   
  2.6334  	5.37991    	0.263231   
  2.6335  	5.3825     	0.263474   
  2.6336  	5.38509    	0.263717   
  2.6337  	5.38768    	0.263961   
  2.6338  	5.39028    	0.264205   
  2.6339  	5.39288    	0.264449   
  2.634   	5.39548    	0.264693   
  2.6341  	5.39809    	0.264938   
  2.6342  	5.4007     	0.265183   
  2.6343  	5.40331    	0.265428   
  2.6344  	5.40592    	0.265674   
  2.6345  	5.40854    	0.26592    
  2.6346  	5.41116    	0.266166   
  2.6347  	5.41378    	0.266413   
  2.6348  	5.41641    	0.26666    
  2.6349  	5.41904    	0.266907   
  2.635   	5.42167    	0.267155   
  2.6351  	5.4243     	0.267403   
  2.6352  	5.42694    	0.267651   
  2.6353  	5.42958    	0.267899   
  2.6354  	5.43222    	0.268148   
  2.6355  	5.43487    	0.268398   
  2.6356  	5.43752    	0.268647   
  2.6357  	5.44017    	0.268897   
  2.6358  	5.44282    	0.269147   
  2.6359  	5.44548    	0.269397   
  2.636   	5.44814    	0.269648   
  2.6361  	5.4508     	0.269899   
  2.6362  	5.45346    	0.270151   
  2.6363  	5.45613    	0.270402   
  2.6364  	5.4588     	0.270655   
  2.6365  	5.46148    	0.270907   
  2.6366  	5.46415    	0.27116    
  2.6367  	5.46683    	0.271413   
  2.6368  	5.46952    	0.271666   
  2.6369  	5.4722     	0.27192    
  2.637   	5.47489    	0.272174   
  2.6371  	5.47758    	0.272428   
  2.6372  	5.48028    	0.272683   
  2.6373  	5.48297    	0.272938   
  2.6374  	5.48567    	0.273193   
  2.6375  	5.48838    	0.273449   
  2.6376  	5.49108    	0.273705   
  2.6377  	5.49379    	0.273961   
  2.6378  	5.4965     	0.274218   
  2.6379  	5.49922    	0.274475   
  2.638   	5.50194    	0.274732   
  2.6381  	5.50466    	0.27499    
  2.6382  	5.50738    	0.275248   
  2.6383  	5.51011    	0.275506   
  2.6384  	5.51284    	0.275765   
  2.6385  	5.51557    	0.276024   
  2.6386  	5.51831    	0.276283   
  2.6387  	5.52105    	0.276543   
  2.6388  	5.52379    	0.276803   
  2.6389  	5.52653    	0.277063   
  2.639   	5.52928    	0.277324   
  2.6391  	5.53203    	0.277585   
  2.6392  	5.53479    	0.277846   
  2.6393  	5.53754    	0.278108   
  2.6394  	5.5403     	0.27837    
  2.6395  	5.54306    	0.278632   
  2.6396  	5.54583    	0.278895   
  2.6397  	5.5486     	0.279158   
  2.6398  	5.55137    	0.279421   
  2.6399  	5.55415    	0.279685   
  2.64    	5.55693    	0.279949   
  2.6401  	5.55971    	0.280214   
  2.6402  	5.56249    	0.280478   
  2.6403  	5.56528    	0.280744   
  2.6404  	5.56807    	0.281009   
  2.6405  	5.57086    	0.281275   
  2.6406  	5.57366    	0.281541   
  2.6407  	5.57646    	0.281807   
  2.6408  	5.57926    	0.282074   
  2.6409  	5.58207    	0.282341   
  2.641   	5.58488    	0.282609   
  2.6411  	5.58769    	0.282877   
  2.6412  	5.5905     	0.283145   
  2.6413  	5.59332    	0.283414   
  2.6414  	5.59614    	0.283683   
  2.6415  	5.59897    	0.283952   
  2.6416  	5.6018     	0.284221   
  2.6417  	5.60463    	0.284491   
  2.6418  	5.60746    	0.284762   
  2.6419  	5.6103     	0.285032   
  2.642   	5.61314    	0.285303   
  2.6421  	5.61598    	0.285575   
  2.6422  	5.61883    	0.285847   
  2.6423  	5.62168    	0.286119   
  2.6424  	5.62453    	0.286391   
  2.6425  	5.62739    	0.286664   
  2.6426  	5.63025    	0.286937   
  2.6427  	5.63311    	0.287211   
  2.6428  	5.63598    	0.287484   
  2.6429  	5.63885    	0.287759   
  2.643   	5.64172    	0.288033   
  2.6431  	5.64459    	0.288308   
  2.6432  	5.64747    	0.288584   
  2.6433  	5.65036    	0.288859   
  2.6434  	5.65324    	0.289135   
  2.6435  	5.65613    	0.289412   
  2.6436  	5.65902    	0.289688   
  2.6437  	5.66192    	0.289966   
  2.6438  	5.66482    	0.290243   
  2.6439  	5.66772    	0.290521   
  2.644   	5.67062    	0.290799   
  2.6441  	5.67353    	0.291078   
  2.6442  	5.67644    	0.291357   
  2.6443  	5.67936    	0.291636   
  2.6444  	5.68227    	0.291916   
  2.6445  	5.6852     	0.292196   
  2.6446  	5.68812    	0.292476   
  2.6447  	5.69105    	0.292757   
  2.6448  	5.69398    	0.293038   
  2.6449  	5.69691    	0.293319   
  2.645   	5.69985    	0.293601   
  2.6451  	5.70279    	0.293884   
  2.6452  	5.70574    	0.294166   
  2.6453  	5.70869    	0.294449   
  2.6454  	5.71164    	0.294733   
  2.6455  	5.71459    	0.295016   
  2.6456  	5.71755    	0.2953     
  2.6457  	5.72051    	0.295585   
  2.6458  	5.72348    	0.29587    
  2.6459  	5.72644    	0.296155   
  2.646   	5.72942    	0.296441   
  2.6461  	5.73239    	0.296727   
  2.6462  	5.73537    	0.297013   
  2.6463  	5.73835    	0.2973     
  2.6464  	5.74134    	0.297587   
  2.6465  	5.74432    	0.297874   
  2.6466  	5.74732    	0.298162   
  2.6467  	5.75031    	0.29845    
  2.6468  	5.75331    	0.298739   
  2.6469  	5.75631    	0.299028   
  2.647   	5.75932    	0.299318   
  2.6471  	5.76233    	0.299607   
  2.6472  	5.76534    	0.299898   
  2.6473  	5.76836    	0.300188   
  2.6474  	5.77138    	0.300479   
  2.6475  	5.7744     	0.30077    
  2.6476  	5.77743    	0.301062   
  2.6477  	5.78046    	0.301354   
  2.6478  	5.78349    	0.301647   
  2.6479  	5.78653    	0.301939   
  2.648   	5.78957    	0.302233   
  2.6481  	5.79261    	0.302526   
  2.6482  	5.79566    	0.30282    
  2.6483  	5.79871    	0.303115   
  2.6484  	5.80176    	0.30341    
  2.6485  	5.80482    	0.303705   
  2.6486  	5.80788    	0.304      
  2.6487  	5.81095    	0.304296   
  2.6488  	5.81402    	0.304593   
  2.6489  	5.81709    	0.30489    
  2.649   	5.82017    	0.305187   
  2.6491  	5.82324    	0.305484   
  2.6492  	5.82633    	0.305782   
  2.6493  	5.82941    	0.306081   
  2.6494  	5.8325     	0.306379   
  2.6495  	5.8356     	0.306678   
  2.6496  	5.8387     	0.306978   
  2.6497  	5.8418     	0.307278   
  2.6498  	5.8449     	0.307578   
  2.6499  	5.84801    	0.307879   
  2.65    	5.85112    	0.30818    
  2.6501  	5.85424    	0.308482   
  2.6502  	5.85736    	0.308784   
  2.6503  	5.86048    	0.309086   
  2.6504  	5.86361    	0.309389   
  2.6505  	5.86674    	0.309692   
  2.6506  	5.86987    	0.309995   
  2.6507  	5.87301    	0.310299   
  2.6508  	5.87615    	0.310604   
  2.6509  	5.87929    	0.310908   
  2.651   	5.88244    	0.311213   
  2.6511  	5.88559    	0.311519   
  2.6512  	5.88875    	0.311825   
  2.6513  	5.89191    	0.312131   
  2.6514  	5.89507    	0.312438   
  2.6515  	5.89824    	0.312745   
  2.6516  	5.90141    	0.313053   
  2.6517  	5.90459    	0.313361   
  2.6518  	5.90776    	0.313669   
  2.6519  	5.91095    	0.313978   
  2.652   	5.91413    	0.314288   
  2.6521  	5.91732    	0.314597   
  2.6522  	5.92052    	0.314907   
  2.6523  	5.92371    	0.315218   
  2.6524  	5.92691    	0.315529   
  2.6525  	5.93012    	0.31584    
  2.6526  	5.93333    	0.316152   
  2.6527  	5.93654    	0.316464   
  2.6528  	5.93976    	0.316777   
  2.6529  	5.94298    	0.31709    
  2.653   	5.9462     	0.317403   
  2.6531  	5.94943    	0.317717   
  2.6532  	5.95266    	0.318031   
  2.6533  	5.95589    	0.318346   
  2.6534  	5.95913    	0.318661   
  2.6535  	5.96238    	0.318976   
  2.6536  	5.96562    	0.319292   
  2.6537  	5.96887    	0.319609   
  2.6538  	5.97213    	0.319925   
  2.6539  	5.97539    	0.320243   
  2.654   	5.97865    	0.32056    
  2.6541  	5.98192    	0.320878   
  2.6542  	5.98519    	0.321197   
  2.6543  	5.98846    	0.321516   
  2.6544  	5.99174    	0.321835   
  2.6545  	5.99502    	0.322155   
  2.6546  	5.99831    	0.322475   
  2.6547  	6.0016     	0.322796   
  2.6548  	6.00489    	0.323117   
  2.6549  	6.00819    	0.323438   
  2.655   	6.01149    	0.32376    
  2.6551  	6.0148     	0.324083   
  2.6552  	6.01811    	0.324405   
  2.6553  	6.02142    	0.324729   
  2.6554  	6.02474    	0.325052   
  2.6555  	6.02806    	0.325376   
  2.6556  	6.03139    	0.325701   
  2.6557  	6.03472    	0.326026   
  2.6558  	6.03805    	0.326351   
  2.6559  	6.04139    	0.326677   
  2.656   	6.04473    	0.327003   
  2.6561  	6.04808    	0.32733    
  2.6562  	6.05143    	0.327657   
  2.6563  	6.05478    	0.327985   
  2.6564  	6.05814    	0.328313   
  2.6565  	6.0615     	0.328642   
  2.6566  	6.06487    	0.32897    
  2.6567  	6.06824    	0.3293     
  2.6568  	6.07161    	0.32963    
  2.6569  	6.07499    	0.32996    
  2.657   	6.07838    	0.330291   
  2.6571  	6.08176    	0.330622   
  2.6572  	6.08515    	0.330953   
  2.6573  	6.08855    	0.331285   
  2.6574  	6.09195    	0.331618   
  2.6575  	6.09535    	0.331951   
  2.6576  	6.09876    	0.332284   
  2.6577  	6.10217    	0.332618   
  2.6578  	6.10559    	0.332952   
  2.6579  	6.10901    	0.333287   
  2.658   	6.11243    	0.333622   
  2.6581  	6.11586    	0.333958   
  2.6582  	6.11929    	0.334294   
  2.6583  	6.12273    	0.334631   
  2.6584  	6.12617    	0.334968   
  2.6585  	6.12962    	0.335305   
  2.6586  	6.13307    	0.335643   
  2.6587  	6.13652    	0.335982   
  2.6588  	6.13998    	0.33632    
  2.6589  	6.14344    	0.33666    
  2.659   	6.14691    	0.337      
  2.6591  	6.15038    	0.33734    
  2.6592  	6.15386    	0.337681   
  2.6593  	6.15734    	0.338022   
  2.6594  	6.16082    	0.338363   
  2.6595  	6.16431    	0.338705   
  2.6596  	6.1678     	0.339048   
  2.6597  	6.1713     	0.339391   
  2.6598  	6.1748     	0.339734   
  2.6599  	6.1783     	0.340078   
  2.66    	6.18181    	0.340423   
  2.6601  	6.18533    	0.340768   
  2.6602  	6.18885    	0.341113   
  2.6603  	6.19237    	0.341459   
  2.6604  	6.1959     	0.341805   
  2.6605  	6.19943    	0.342152   
  2.6606  	6.20297    	0.342499   
  2.6607  	6.20651    	0.342847   
  2.6608  	6.21005    	0.343195   
  2.6609  	6.2136     	0.343544   
  2.661   	6.21716    	0.343893   
  2.6611  	6.22071    	0.344242   
  2.6612  	6.22428    	0.344592   
  2.6613  	6.22784    	0.344943   
  2.6614  	6.23142    	0.345294   
  2.6615  	6.23499    	0.345645   
  2.6616  	6.23857    	0.345997   
  2.6617  	6.24216    	0.34635    
  2.6618  	6.24575    	0.346703   
  2.6619  	6.24934    	0.347056   
  2.662   	6.25294    	0.34741    
  2.6621  	6.25655    	0.347764   
  2.6622  	6.26015    	0.348119   
  2.6623  	6.26377    	0.348475   
  2.6624  	6.26738    	0.34883    
  2.6625  	6.271      	0.349187   
  2.6626  	6.27463    	0.349544   
  2.6627  	6.27826    	0.349901   
  2.6628  	6.2819     	0.350259   
  2.6629  	6.28554    	0.350617   
  2.663   	6.28918    	0.350976   
  2.6631  	6.29283    	0.351335   
  2.6632  	6.29648    	0.351695   
  2.6633  	6.30014    	0.352055   
  2.6634  	6.30381    	0.352416   
  2.6635  	6.30747    	0.352777   
  2.6636  	6.31115    	0.353139   
  2.6637  	6.31482    	0.353501   
  2.6638  	6.3185     	0.353863   
  2.6639  	6.32219    	0.354227   
  2.664   	6.32588    	0.35459    
  2.6641  	6.32958    	0.354954   
  2.6642  	6.33328    	0.355319   
  2.6643  	6.33698    	0.355684   
  2.6644  	6.34069    	0.35605    
  2.6645  	6.34441    	0.356416   
  2.6646  	6.34813    	0.356783   
  2.6647  	6.35185    	0.35715    
  2.6648  	6.35558    	0.357518   
  2.6649  	6.35931    	0.357886   
  2.665   	6.36305    	0.358255   
  2.6651  	6.3668     	0.358624   
  2.6652  	6.37055    	0.358993   
  2.6653  	6.3743     	0.359364   
  2.6654  	6.37806    	0.359734   
  2.6655  	6.38182    	0.360106   
  2.6656  	6.38559    	0.360477   
  2.6657  	6.38936    	0.36085    
  2.6658  	6.39314    	0.361222   
  2.6659  	6.39692    	0.361596   
  2.666   	6.40071    	0.361969   
  2.6661  	6.4045     	0.362344   
  2.6662  	6.40829    	0.362718   
  2.6663  	6.4121     	0.363094   
  2.6664  	6.4159     	0.36347    
  2.6665  	6.41971    	0.363846   
  2.6666  	6.42353    	0.364223   
  2.6667  	6.42735    	0.3646     
  2.6668  	6.43118    	0.364978   
  2.6669  	6.43501    	0.365357   
  2.667   	6.43885    	0.365735   
  2.6671  	6.44269    	0.366115   
  2.6672  	6.44653    	0.366495   
  2.6673  	6.45039    	0.366875   
  2.6674  	6.45424    	0.367256   
  2.6675  	6.4581     	0.367638   
  2.6676  	6.46197    	0.36802    
  2.6677  	6.46584    	0.368403   
  2.6678  	6.46972    	0.368786   
  2.6679  	6.4736     	0.369169   
  2.668   	6.47749    	0.369554   
  2.6681  	6.48138    	0.369938   
  2.6682  	6.48528    	0.370324   
  2.6683  	6.48918    	0.370709   
  2.6684  	6.49308    	0.371096   
  2.6685  	6.497      	0.371482   
  2.6686  	6.50091    	0.37187    
  2.6687  	6.50484    	0.372258   
  2.6688  	6.50876    	0.372646   
  2.6689  	6.5127     	0.373035   
  2.669   	6.51664    	0.373425   
  2.6691  	6.52058    	0.373815   
  2.6692  	6.52453    	0.374205   
  2.6693  	6.52848    	0.374596   
  2.6694  	6.53244    	0.374988   
  2.6695  	6.5364     	0.37538    
  2.6696  	6.54037    	0.375773   
  2.6697  	6.54435    	0.376166   
  2.6698  	6.54833    	0.37656    
  2.6699  	6.55231    	0.376954   
  2.67    	6.5563     	0.377349   
  2.6701  	6.5603     	0.377745   
  2.6702  	6.5643     	0.378141   
  2.6703  	6.56831    	0.378537   
  2.6704  	6.57232    	0.378934   
  2.6705  	6.57634    	0.379332   
  2.6706  	6.58036    	0.37973    
  2.6707  	6.58439    	0.380129   
  2.6708  	6.58842    	0.380528   
  2.6709  	6.59246    	0.380928   
  2.671   	6.5965     	0.381328   
  2.6711  	6.60055    	0.381729   
  2.6712  	6.60461    	0.382131   
  2.6713  	6.60867    	0.382533   
  2.6714  	6.61273    	0.382936   
  2.6715  	6.61681    	0.383339   
  2.6716  	6.62088    	0.383742   
  2.6717  	6.62496    	0.384147   
  2.6718  	6.62905    	0.384552   
  2.6719  	6.63314    	0.384957   
  2.672   	6.63724    	0.385363   
  2.6721  	6.64135    	0.385769   
  2.6722  	6.64546    	0.386177   
  2.6723  	6.64957    	0.386584   
  2.6724  	6.65369    	0.386992   
  2.6725  	6.65782    	0.387401   
  2.6726  	6.66195    	0.387811   
  2.6727  	6.66609    	0.38822    
  2.6728  	6.67023    	0.388631   
  2.6729  	6.67438    	0.389042   
  2.673   	6.67853    	0.389454   
  2.6731  	6.68269    	0.389866   
  2.6732  	6.68686    	0.390279   
  2.6733  	6.69103    	0.390692   
  2.6734  	6.69521    	0.391106   
  2.6735  	6.69939    	0.39152    
  2.6736  	6.70358    	0.391935   
  2.6737  	6.70777    	0.392351   
  2.6738  	6.71197    	0.392767   
  2.6739  	6.71618    	0.393184   
  2.674   	6.72039    	0.393601   
  2.6741  	6.72461    	0.394019   
  2.6742  	6.72883    	0.394438   
  2.6743  	6.73306    	0.394857   
  2.6744  	6.73729    	0.395276   
  2.6745  	6.74153    	0.395697   
  2.6746  	6.74578    	0.396118   
  2.6747  	6.75003    	0.396539   
  2.6748  	6.75429    	0.396961   
  2.6749  	6.75855    	0.397384   
  2.675   	6.76282    	0.397807   
  2.6751  	6.76709    	0.398231   
  2.6752  	6.77138    	0.398655   
  2.6753  	6.77566    	0.39908    
  2.6754  	6.77996    	0.399505   
  2.6755  	6.78425    	0.399932   
  2.6756  	6.78856    	0.400358   
  2.6757  	6.79287    	0.400786   
  2.6758  	6.79719    	0.401214   
  2.6759  	6.80151    	0.401642   
  2.676   	6.80584    	0.402071   
  2.6761  	6.81017    	0.402501   
  2.6762  	6.81451    	0.402931   
  2.6763  	6.81886    	0.403362   
  2.6764  	6.82321    	0.403793   
  2.6765  	6.82757    	0.404226   
  2.6766  	6.83193    	0.404658   
  2.6767  	6.83631    	0.405092   
  2.6768  	6.84068    	0.405525   
  2.6769  	6.84507    	0.40596    
  2.677   	6.84945    	0.406395   
  2.6771  	6.85385    	0.406831   
  2.6772  	6.85825    	0.407267   
  2.6773  	6.86266    	0.407704   
  2.6774  	6.86707    	0.408141   
  2.6775  	6.87149    	0.40858    
  2.6776  	6.87592    	0.409018   
  2.6777  	6.88035    	0.409458   
  2.6778  	6.88479    	0.409898   
  2.6779  	6.88923    	0.410338   
  2.678   	6.89368    	0.410779   
  2.6781  	6.89814    	0.411221   
  2.6782  	6.9026     	0.411664   
  2.6783  	6.90707    	0.412107   
  2.6784  	6.91155    	0.41255    
  2.6785  	6.91603    	0.412995   
  2.6786  	6.92052    	0.41344    
  2.6787  	6.92502    	0.413885   
  2.6788  	6.92952    	0.414331   
  2.6789  	6.93403    	0.414778   
  2.679   	6.93854    	0.415225   
  2.6791  	6.94306    	0.415673   
  2.6792  	6.94759    	0.416122   
  2.6793  	6.95212    	0.416571   
  2.6794  	6.95666    	0.417021   
  2.6795  	6.96121    	0.417471   
  2.6796  	6.96576    	0.417923   
  2.6797  	6.97032    	0.418374   
  2.6798  	6.97488    	0.418827   
  2.6799  	6.97946    	0.41928    
  2.68    	6.98403    	0.419733   
  2.6801  	6.98862    	0.420188   
  2.6802  	6.99321    	0.420643   
  2.6803  	6.99781    	0.421098   
  2.6804  	7.00241    	0.421554   
  2.6805  	7.00703    	0.422011   
  2.6806  	7.01164    	0.422469   
  2.6807  	7.01627    	0.422927   
  2.6808  	7.0209     	0.423385   
  2.6809  	7.02554    	0.423845   
  2.681   	7.03018    	0.424305   
  2.6811  	7.03483    	0.424765   
  2.6812  	7.03949    	0.425227   
  2.6813  	7.04416    	0.425689   
  2.6814  	7.04883    	0.426151   
  2.6815  	7.05351    	0.426614   
  2.6816  	7.05819    	0.427078   
  2.6817  	7.06288    	0.427543   
  2.6818  	7.06758    	0.428008   
  2.6819  	7.07229    	0.428474   
  2.682   	7.077      	0.42894    
  2.6821  	7.08172    	0.429407   
  2.6822  	7.08644    	0.429875   
  2.6823  	7.09118    	0.430344   
  2.6824  	7.09592    	0.430813   
  2.6825  	7.10066    	0.431282   
  2.6826  	7.10542    	0.431753   
  2.6827  	7.11018    	0.432224   
  2.6828  	7.11494    	0.432696   
  2.6829  	7.11972    	0.433168   
  2.683   	7.1245     	0.433641   
  2.6831  	7.12929    	0.434115   
  2.6832  	7.13408    	0.434589   
  2.6833  	7.13888    	0.435064   
  2.6834  	7.14369    	0.43554    
  2.6835  	7.14851    	0.436016   
  2.6836  	7.15333    	0.436493   
  2.6837  	7.15816    	0.436971   
  2.6838  	7.163      	0.437449   
  2.6839  	7.16784    	0.437928   
  2.684   	7.1727     	0.438408   
  2.6841  	7.17755    	0.438888   
  2.6842  	7.18242    	0.439369   
  2.6843  	7.18729    	0.439851   
  2.6844  	7.19217    	0.440333   
  2.6845  	7.19706    	0.440816   
  2.6846  	7.20196    	0.4413     
  2.6847  	7.20686    	0.441784   
  2.6848  	7.21177    	0.442269   
  2.6849  	7.21668    	0.442755   
  2.685   	7.22161    	0.443241   
  2.6851  	7.22654    	0.443728   
  2.6852  	7.23148    	0.444216   
  2.6853  	7.23642    	0.444704   
  2.6854  	7.24138    	0.445193   
  2.6855  	7.24634    	0.445683   
  2.6856  	7.2513     	0.446174   
  2.6857  	7.25628    	0.446665   
  2.6858  	7.26126    	0.447157   
  2.6859  	7.26625    	0.447649   
  2.686   	7.27125    	0.448143   
  2.6861  	7.27625    	0.448636   
  2.6862  	7.28127    	0.449131   
  2.6863  	7.28629    	0.449626   
  2.6864  	7.29131    	0.450122   
  2.6865  	7.29635    	0.450619   
  2.6866  	7.30139    	0.451116   
  2.6867  	7.30644    	0.451615   
  2.6868  	7.3115     	0.452113   
  2.6869  	7.31656    	0.452613   
  2.687   	7.32164    	0.453113   
  2.6871  	7.32672    	0.453614   
  2.6872  	7.33181    	0.454115   
  2.6873  	7.3369     	0.454618   
  2.6874  	7.34201    	0.455121   
  2.6875  	7.34712    	0.455624   
  2.6876  	7.35224    	0.456129   
  2.6877  	7.35736    	0.456634   
  2.6878  	7.3625     	0.457139   
  2.6879  	7.36764    	0.457646   
  2.688   	7.37279    	0.458153   
  2.6881  	7.37795    	0.458661   
  2.6882  	7.38312    	0.45917    
  2.6883  	7.38829    	0.459679   
  2.6884  	7.39347    	0.460189   
  2.6885  	7.39866    	0.4607     
  2.6886  	7.40386    	0.461211   
  2.6887  	7.40906    	0.461723   
  2.6888  	7.41428    	0.462236   
  2.6889  	7.4195     	0.46275    
  2.689   	7.42473    	0.463264   
  2.6891  	7.42996    	0.463779   
  2.6892  	7.43521    	0.464295   
  2.6893  	7.44046    	0.464811   
  2.6894  	7.44572    	0.465329   
  2.6895  	7.45099    	0.465846   
  2.6896  	7.45627    	0.466365   
  2.6897  	7.46156    	0.466884   
  2.6898  	7.46685    	0.467404   
  2.6899  	7.47215    	0.467925   
  2.69    	7.47746    	0.468447   
  2.6901  	7.48278    	0.468969   
  2.6902  	7.48811    	0.469492   
  2.6903  	7.49344    	0.470016   
  2.6904  	7.49879    	0.47054    
  2.6905  	7.50414    	0.471065   
  2.6906  	7.5095     	0.471591   
  2.6907  	7.51487    	0.472118   
  2.6908  	7.52024    	0.472645   
  2.6909  	7.52563    	0.473173   
  2.691   	7.53102    	0.473702   
  2.6911  	7.53642    	0.474232   
  2.6912  	7.54183    	0.474762   
  2.6913  	7.54725    	0.475293   
  2.6914  	7.55268    	0.475825   
  2.6915  	7.55811    	0.476358   
  2.6916  	7.56356    	0.476891   
  2.6917  	7.56901    	0.477425   
  2.6918  	7.57447    	0.47796    
  2.6919  	7.57994    	0.478495   
  2.692   	7.58542    	0.479032   
  2.6921  	7.5909     	0.479569   
  2.6922  	7.5964     	0.480106   
  2.6923  	7.6019     	0.480645   
  2.6924  	7.60741    	0.481184   
  2.6925  	7.61294    	0.481724   
  2.6926  	7.61847    	0.482265   
  2.6927  	7.624      	0.482806   
  2.6928  	7.62955    	0.483349   
  2.6929  	7.63511    	0.483892   
  2.693   	7.64067    	0.484435   
  2.6931  	7.64625    	0.48498    
  2.6932  	7.65183    	0.485525   
  2.6933  	7.65742    	0.486071   
  2.6934  	7.66302    	0.486618   
  2.6935  	7.66863    	0.487166   
  2.6936  	7.67425    	0.487714   
  2.6937  	7.67988    	0.488263   
  2.6938  	7.68551    	0.488813   
  2.6939  	7.69116    	0.489364   
  2.694   	7.69681    	0.489915   
  2.6941  	7.70247    	0.490467   
  2.6942  	7.70815    	0.49102    
  2.6943  	7.71383    	0.491574   
  2.6944  	7.71952    	0.492128   
  2.6945  	7.72522    	0.492683   
  2.6946  	7.73093    	0.493239   
  2.6947  	7.73664    	0.493796   
  2.6948  	7.74237    	0.494354   
  2.6949  	7.74811    	0.494912   
  2.695   	7.75385    	0.495471   
  2.6951  	7.75961    	0.496031   
  2.6952  	7.76537    	0.496592   
  2.6953  	7.77114    	0.497153   
  2.6954  	7.77693    	0.497715   
  2.6955  	7.78272    	0.498278   
  2.6956  	7.78852    	0.498842   
  2.6957  	7.79433    	0.499407   
  2.6958  	7.80015    	0.499972   
  2.6959  	7.80598    	0.500538   
  2.696   	7.81182    	0.501105   
  2.6961  	7.81767    	0.501673   
  2.6962  	7.82353    	0.502241   
  2.6963  	7.82939    	0.50281    
  2.6964  	7.83527    	0.503381   
  2.6965  	7.84116    	0.503951   
  2.6966  	7.84705    	0.504523   
  2.6967  	7.85296    	0.505095   
  2.6968  	7.85887    	0.505669   
  2.6969  	7.8648     	0.506243   
  2.697   	7.87073    	0.506817   
  2.6971  	7.87668    	0.507393   
  2.6972  	7.88263    	0.507969   
  2.6973  	7.8886     	0.508547   
  2.6974  	7.89457    	0.509125   
  2.6975  	7.90056    	0.509703   
  2.6976  	7.90655    	0.510283   
  2.6977  	7.91255    	0.510863   
  2.6978  	7.91857    	0.511445   
  2.6979  	7.92459    	0.512027   
  2.698   	7.93062    	0.512609   
  2.6981  	7.93667    	0.513193   
  2.6982  	7.94272    	0.513778   
  2.6983  	7.94878    	0.514363   
  2.6984  	7.95486    	0.514949   
  2.6985  	7.96094    	0.515536   
  2.6986  	7.96703    	0.516123   
  2.6987  	7.97314    	0.516712   
  2.6988  	7.97925    	0.517301   
  2.6989  	7.98538    	0.517891   
  2.699   	7.99151    	0.518482   
  2.6991  	7.99766    	0.519074   
  2.6992  	8.00381    	0.519666   
  2.6993  	8.00998    	0.52026    
  2.6994  	8.01615    	0.520854   
  2.6995  	8.02234    	0.521449   
  2.6996  	8.02853    	0.522045   
  2.6997  	8.03474    	0.522641   
  2.6998  	8.04096    	0.523239   
  2.6999  	8.04718    	0.523837   
  2.7     	8.05342    	0.524436   
  2.7001  	8.05967    	0.525036   
  2.7002  	8.06593    	0.525637   
  2.7003  	8.0722     	0.526238   
  2.7004  	8.07848    	0.526841   
  2.7005  	8.08477    	0.527444   
  2.7006  	8.09107    	0.528048   
  2.7007  	8.09738    	0.528653   
  2.7008  	8.10371    	0.529259   
  2.7009  	8.11004    	0.529865   
  2.701   	8.11638    	0.530473   
  2.7011  	8.12274    	0.531081   
  2.7012  	8.12911    	0.53169    
  2.7013  	8.13548    	0.5323     
  2.7014  	8.14187    	0.53291    
  2.7015  	8.14827    	0.533522   
  2.7016  	8.15468    	0.534134   
  2.7017  	8.1611     	0.534748   
  2.7018  	8.16753    	0.535362   
  2.7019  	8.17397    	0.535977   
  2.702   	8.18043    	0.536592   
  2.7021  	8.18689    	0.537209   
  2.7022  	8.19337    	0.537827   
  2.7023  	8.19985    	0.538445   
  2.7024  	8.20635    	0.539064   
  2.7025  	8.21286    	0.539684   
  2.7026  	8.21938    	0.540305   
  2.7027  	8.22591    	0.540926   
  2.7028  	8.23245    	0.541549   
  2.7029  	8.23901    	0.542172   
  2.703   	8.24557    	0.542797   
  2.7031  	8.25215    	0.543422   
  2.7032  	8.25874    	0.544048   
  2.7033  	8.26534    	0.544675   
  2.7034  	8.27195    	0.545302   
  2.7035  	8.27857    	0.545931   
  2.7036  	8.28521    	0.54656    
  2.7037  	8.29185    	0.54719    
  2.7038  	8.29851    	0.547821   
  2.7039  	8.30518    	0.548453   
  2.704   	8.31186    	0.549086   
  2.7041  	8.31855    	0.54972    
  2.7042  	8.32526    	0.550354   
  2.7043  	8.33197    	0.55099    
  2.7044  	8.3387     	0.551626   
  2.7045  	8.34544    	0.552263   
  2.7046  	8.35219    	0.552901   
  2.7047  	8.35895    	0.55354    
  2.7048  	8.36573    	0.55418    
  2.7049  	8.37252    	0.55482    
  2.705   	8.37931    	0.555462   
  2.7051  	8.38613    	0.556104   
  2.7052  	8.39295    	0.556747   
  2.7053  	8.39978    	0.557391   
  2.7054  	8.40663    	0.558036   
  2.7055  	8.41349    	0.558682   
  2.7056  	8.42036    	0.559329   
  2.7057  	8.42725    	0.559976   
  2.7058  	8.43414    	0.560625   
  2.7059  	8.44105    	0.561274   
  2.706   	8.44797    	0.561924   
  2.7061  	8.4549     	0.562575   
  2.7062  	8.46185    	0.563227   
  2.7063  	8.46881    	0.56388    
  2.7064  	8.47578    	0.564534   
  2.7065  	8.48276    	0.565189   
  2.7066  	8.48975    	0.565844   
  2.7067  	8.49676    	0.5665     
  2.7068  	8.50378    	0.567158   
  2.7069  	8.51081    	0.567816   
  2.707   	8.51786    	0.568475   
  2.7071  	8.52492    	0.569135   
  2.7072  	8.53199    	0.569796   
  2.7073  	8.53907    	0.570457   
  2.7074  	8.54617    	0.57112    
  2.7075  	8.55328    	0.571783   
  2.7076  	8.5604     	0.572448   
  2.7077  	8.56754    	0.573113   
  2.7078  	8.57468    	0.573779   
  2.7079  	8.58184    	0.574446   
  2.708   	8.58902    	0.575114   
  2.7081  	8.59621    	0.575783   
  2.7082  	8.60341    	0.576453   
  2.7083  	8.61062    	0.577123   
  2.7084  	8.61785    	0.577795   
  2.7085  	8.62508    	0.578467   
  2.7086  	8.63234    	0.579141   
  2.7087  	8.6396     	0.579815   
  2.7088  	8.64688    	0.58049    
  2.7089  	8.65418    	0.581166   
  2.709   	8.66148    	0.581843   
  2.7091  	8.6688     	0.582521   
  2.7092  	8.67613    	0.5832     
  2.7093  	8.68348    	0.583879   
  2.7094  	8.69084    	0.58456    
  2.7095  	8.69821    	0.585241   
  2.7096  	8.7056     	0.585924   
  2.7097  	8.713      	0.586607   
  2.7098  	8.72042    	0.587291   
  2.7099  	8.72785    	0.587976   
  2.71    	8.73529    	0.588662   
  2.7101  	8.74274    	0.589349   
  2.7102  	8.75021    	0.590037   
  2.7103  	8.7577     	0.590726   
  2.7104  	8.7652     	0.591415   
  2.7105  	8.77271    	0.592106   
  2.7106  	8.78023    	0.592798   
  2.7107  	8.78777    	0.59349    
  2.7108  	8.79533    	0.594183   
  2.7109  	8.80289    	0.594877   
  2.711   	8.81048    	0.595573   
  2.7111  	8.81807    	0.596269   
  2.7112  	8.82568    	0.596966   
  2.7113  	8.83331    	0.597664   
  2.7114  	8.84095    	0.598362   
  2.7115  	8.8486     	0.599062   
  2.7116  	8.85627    	0.599763   
  2.7117  	8.86395    	0.600465   
  2.7118  	8.87165    	0.601167   
  2.7119  	8.87936    	0.60187    
  2.712   	8.88709    	0.602575   
  2.7121  	8.89483    	0.60328    
  2.7122  	8.90258    	0.603986   
  2.7123  	8.91035    	0.604694   
  2.7124  	8.91814    	0.605402   
  2.7125  	8.92594    	0.606111   
  2.7126  	8.93375    	0.606821   
  2.7127  	8.94158    	0.607531   
  2.7128  	8.94943    	0.608243   
  2.7129  	8.95729    	0.608956   
  2.713   	8.96516    	0.60967    
  2.7131  	8.97305    	0.610384   
  2.7132  	8.98095    	0.6111     
  2.7133  	8.98887    	0.611816   
  2.7134  	8.99681    	0.612534   
  2.7135  	9.00476    	0.613252   
  2.7136  	9.01273    	0.613971   
  2.7137  	9.02071    	0.614691   
  2.7138  	9.0287     	0.615413   
  2.7139  	9.03671    	0.616135   
  2.714   	9.04474    	0.616858   
  2.7141  	9.05279    	0.617582   
  2.7142  	9.06084    	0.618307   
  2.7143  	9.06892    	0.619032   
  2.7144  	9.07701    	0.619759   
  2.7145  	9.08511    	0.620487   
  2.7146  	9.09323    	0.621215   
  2.7147  	9.10137    	0.621945   
  2.7148  	9.10952    	0.622676   
  2.7149  	9.11769    	0.623407   
  2.715   	9.12588    	0.62414    
  2.7151  	9.13408    	0.624873   
  2.7152  	9.1423     	0.625607   
  2.7153  	9.15053    	0.626342   
  2.7154  	9.15878    	0.627079   
  2.7155  	9.16704    	0.627816   
  2.7156  	9.17533    	0.628554   
  2.7157  	9.18362    	0.629293   
  2.7158  	9.19194    	0.630033   
  2.7159  	9.20027    	0.630774   
  2.716   	9.20862    	0.631516   
  2.7161  	9.21698    	0.632259   
  2.7162  	9.22536    	0.633002   
  2.7163  	9.23376    	0.633747   
  2.7164  	9.24217    	0.634493   
  2.7165  	9.2506     	0.635239   
  2.7166  	9.25905    	0.635987   
  2.7167  	9.26751    	0.636736   
  2.7168  	9.27599    	0.637485   
  2.7169  	9.28449    	0.638236   
  2.717   	9.29301    	0.638987   
  2.7171  	9.30154    	0.639739   
  2.7172  	9.31009    	0.640493   
  2.7173  	9.31865    	0.641247   
  2.7174  	9.32724    	0.642002   
  2.7175  	9.33584    	0.642758   
  2.7176  	9.34446    	0.643515   
  2.7177  	9.35309    	0.644273   
  2.7178  	9.36174    	0.645033   
  2.7179  	9.37041    	0.645793   
  2.718   	9.3791     	0.646553   
  2.7181  	9.38781    	0.647315   
  2.7182  	9.39653    	0.648078   
  2.7183  	9.40527    	0.648842   
  2.7184  	9.41403    	0.649607   
  2.7185  	9.4228     	0.650373   
  2.7186  	9.4316     	0.651139   
  2.7187  	9.44041    	0.651907   
  2.7188  	9.44924    	0.652676   
  2.7189  	9.45809    	0.653445   
  2.719   	9.46695    	0.654216   
  2.7191  	9.47584    	0.654987   
  2.7192  	9.48474    	0.65576    
  2.7193  	9.49366    	0.656533   
  2.7194  	9.5026     	0.657308   
  2.7195  	9.51156    	0.658083   
  2.7196  	9.52053    	0.658859   
  2.7197  	9.52952    	0.659637   
  2.7198  	9.53854    	0.660415   
  2.7199  	9.54757    	0.661194   
  2.72    	9.55662    	0.661974   
  2.7201  	9.56569    	0.662755   
  2.7202  	9.57477    	0.663538   
  2.7203  	9.58388    	0.664321   
  2.7204  	9.59301    	0.665105   
  2.7205  	9.60215    	0.66589    
  2.7206  	9.61131    	0.666676   
  2.7207  	9.6205     	0.667463   
  2.7208  	9.6297     	0.66825    
  2.7209  	9.63892    	0.669039   
  2.721   	9.64816    	0.669829   
  2.7211  	9.65742    	0.67062    
  2.7212  	9.6667     	0.671412   
  2.7213  	9.67599    	0.672204   
  2.7214  	9.68531    	0.672998   
  2.7215  	9.69465    	0.673793   
  2.7216  	9.70401    	0.674588   
  2.7217  	9.71338    	0.675385   
  2.7218  	9.72278    	0.676183   
  2.7219  	9.7322     	0.676981   
  2.722   	9.74163    	0.677781   
  2.7221  	9.75109    	0.678581   
  2.7222  	9.76057    	0.679382   
  2.7223  	9.77006    	0.680185   
  2.7224  	9.77958    	0.680988   
  2.7225  	9.78912    	0.681793   
  2.7226  	9.79867    	0.682598   
  2.7227  	9.80825    	0.683404   
  2.7228  	9.81785    	0.684211   
  2.7229  	9.82747    	0.68502    
  2.723   	9.83711    	0.685829   
  2.7231  	9.84677    	0.686639   
  2.7232  	9.85645    	0.68745    
  2.7233  	9.86615    	0.688262   
  2.7234  	9.87587    	0.689075   
  2.7235  	9.88561    	0.689889   
  2.7236  	9.89538    	0.690704   
  2.7237  	9.90516    	0.69152    
  2.7238  	9.91497    	0.692337   
  2.7239  	9.9248     	0.693155   
  2.724   	9.93465    	0.693974   
  2.7241  	9.94452    	0.694793   
  2.7242  	9.95441    	0.695614   
  2.7243  	9.96432    	0.696436   
  2.7244  	9.97426    	0.697259   
  2.7245  	9.98422    	0.698082   
  2.7246  	9.99419    	0.698907   
  2.7247  	10.0042    	0.699732   
  2.7248  	10.0142    	0.700559   
  2.7249  	10.0243    	0.701387   
  2.725   	10.0343    	0.702215   
  2.7251  	10.0444    	0.703045   
  2.7252  	10.0545    	0.703875   
  2.7253  	10.0647    	0.704706   
  2.7254  	10.0748    	0.705539   
  2.7255  	10.085     	0.706372   
  2.7256  	10.0952    	0.707206   
  2.7257  	10.1054    	0.708042   
  2.7258  	10.1157    	0.708878   
  2.7259  	10.1259    	0.709715   
  2.726   	10.1362    	0.710553   
  2.7261  	10.1465    	0.711392   
  2.7262  	10.1569    	0.712232   
  2.7263  	10.1672    	0.713073   
  2.7264  	10.1776    	0.713915   
  2.7265  	10.188     	0.714758   
  2.7266  	10.1984    	0.715602   
  2.7267  	10.2089    	0.716447   
  2.7268  	10.2194    	0.717293   
  2.7269  	10.2299    	0.718139   
  2.727   	10.2404    	0.718987   
  2.7271  	10.2509    	0.719836   
  2.7272  	10.2615    	0.720686   
  2.7273  	10.2721    	0.721536   
  2.7274  	10.2827    	0.722388   
  2.7275  	10.2934    	0.72324    
  2.7276  	10.304     	0.724094   
  2.7277  	10.3147    	0.724948   
  2.7278  	10.3254    	0.725803   
  2.7279  	10.3362    	0.72666    
  2.728   	10.347     	0.727517   
  2.7281  	10.3577    	0.728375   
  2.7282  	10.3686    	0.729235   
  2.7283  	10.3794    	0.730095   
  2.7284  	10.3903    	0.730956   
  2.7285  	10.4011    	0.731818   
  2.7286  	10.4121    	0.732681   
  2.7287  	10.423     	0.733545   
  2.7288  	10.434     	0.73441    
  2.7289  	10.4449    	0.735275   
  2.729   	10.456     	0.736142   
  2.7291  	10.467     	0.73701    
  2.7292  	10.4781    	0.737879   
  2.7293  	10.4892    	0.738748   
  2.7294  	10.5003    	0.739619   
  2.7295  	10.5114    	0.74049    
  2.7296  	10.5226    	0.741363   
  2.7297  	10.5338    	0.742236   
  2.7298  	10.545     	0.74311    
  2.7299  	10.5562    	0.743986   
  2.73    	10.5675    	0.744862   
  2.7301  	10.5788    	0.745739   
  2.7302  	10.5901    	0.746617   
  2.7303  	10.6015    	0.747496   
  2.7304  	10.6129    	0.748376   
  2.7305  	10.6243    	0.749257   
  2.7306  	10.6357    	0.750139   
  2.7307  	10.6472    	0.751022   
  2.7308  	10.6587    	0.751905   
  2.7309  	10.6702    	0.75279    
  2.731   	10.6817    	0.753675   
  2.7311  	10.6933    	0.754562   
  2.7312  	10.7049    	0.755449   
  2.7313  	10.7165    	0.756338   
  2.7314  	10.7281    	0.757227   
  2.7315  	10.7398    	0.758117   
  2.7316  	10.7515    	0.759008   
  2.7317  	10.7633    	0.7599     
  2.7318  	10.775     	0.760793   
  2.7319  	10.7868    	0.761687   
  2.732   	10.7986    	0.762582   
  2.7321  	10.8105    	0.763477   
  2.7322  	10.8224    	0.764374   
  2.7323  	10.8343    	0.765272   
  2.7324  	10.8462    	0.76617    
  2.7325  	10.8582    	0.767069   
  2.7326  	10.8702    	0.76797    
  2.7327  	10.8822    	0.768871   
  2.7328  	10.8942    	0.769773   
  2.7329  	10.9063    	0.770676   
  2.733   	10.9184    	0.77158    
  2.7331  	10.9306    	0.772485   
  2.7332  	10.9427    	0.77339    
  2.7333  	10.9549    	0.774297   
  2.7334  	10.9672    	0.775204   
  2.7335  	10.9794    	0.776113   
  2.7336  	10.9917    	0.777022   
  2.7337  	11.004     	0.777932   
  2.7338  	11.0164    	0.778843   
  2.7339  	11.0287    	0.779755   
  2.734   	11.0411    	0.780668   
  2.7341  	11.0536    	0.781582   
  2.7342  	11.0661    	0.782496   
  2.7343  	11.0786    	0.783412   
  2.7344  	11.0911    	0.784328   
  2.7345  	11.1037    	0.785246   
  2.7346  	11.1162    	0.786164   
  2.7347  	11.1289    	0.787083   
  2.7348  	11.1415    	0.788003   
  2.7349  	11.1542    	0.788923   
  2.735   	11.1669    	0.789845   
  2.7351  	11.1797    	0.790768   
  2.7352  	11.1925    	0.791691   
  2.7353  	11.2053    	0.792615   
  2.7354  	11.2181    	0.793541   
  2.7355  	11.231     	0.794467   
  2.7356  	11.2439    	0.795393   
  2.7357  	11.2569    	0.796321   
  2.7358  	11.2699    	0.79725    
  2.7359  	11.2829    	0.798179   
  2.736   	11.2959    	0.799109   
  2.7361  	11.309     	0.800041   
  2.7362  	11.3221    	0.800973   
  2.7363  	11.3353    	0.801905   
  2.7364  	11.3484    	0.802839   
  2.7365  	11.3617    	0.803774   
  2.7366  	11.3749    	0.804709   
  2.7367  	11.3882    	0.805645   
  2.7368  	11.4015    	0.806582   
  2.7369  	11.4148    	0.80752    
  2.737   	11.4282    	0.808459   
  2.7371  	11.4416    	0.809398   
  2.7372  	11.4551    	0.810339   
  2.7373  	11.4686    	0.81128    
  2.7374  	11.4821    	0.812222   
  2.7375  	11.4957    	0.813165   
  2.7376  	11.5093    	0.814109   
  2.7377  	11.5229    	0.815053   
  2.7378  	11.5365    	0.815998   
  2.7379  	11.5502    	0.816944   
  2.738   	11.564     	0.817891   
  2.7381  	11.5778    	0.818839   
  2.7382  	11.5916    	0.819788   
  2.7383  	11.6054    	0.820737   
  2.7384  	11.6193    	0.821687   
  2.7385  	11.6332    	0.822638   
  2.7386  	11.6471    	0.82359    
  2.7387  	11.6611    	0.824542   
  2.7388  	11.6752    	0.825495   
  2.7389  	11.6892    	0.826449   
  2.739   	11.7033    	0.827404   
  2.7391  	11.7175    	0.82836    
  2.7392  	11.7316    	0.829316   
  2.7393  	11.7459    	0.830274   
  2.7394  	11.7601    	0.831231   
  2.7395  	11.7744    	0.83219    
  2.7396  	11.7887    	0.83315    
  2.7397  	11.8031    	0.83411    
  2.7398  	11.8175    	0.835071   
  2.7399  	11.8319    	0.836033   
  2.74    	11.8464    	0.836995   
  2.7401  	11.8609    	0.837958   
  2.7402  	11.8755    	0.838922   
  2.7403  	11.8901    	0.839887   
  2.7404  	11.9047    	0.840853   
  2.7405  	11.9194    	0.841819   
  2.7406  	11.9341    	0.842786   
  2.7407  	11.9489    	0.843754   
  2.7408  	11.9637    	0.844722   
  2.7409  	11.9785    	0.845691   
  2.741   	11.9934    	0.846661   
  2.7411  	12.0083    	0.847632   
  2.7412  	12.0233    	0.848603   
  2.7413  	12.0383    	0.849575   
  2.7414  	12.0533    	0.850548   
  2.7415  	12.0684    	0.851521   
  2.7416  	12.0835    	0.852495   
  2.7417  	12.0987    	0.85347    
  2.7418  	12.1139    	0.854445   
  2.7419  	12.1292    	0.855421   
  2.742   	12.1445    	0.856398   
  2.7421  	12.1598    	0.857376   
  2.7422  	12.1752    	0.858354   
  2.7423  	12.1906    	0.859333   
  2.7424  	12.2061    	0.860313   
  2.7425  	12.2216    	0.861293   
  2.7426  	12.2371    	0.862274   
  2.7427  	12.2527    	0.863255   
  2.7428  	12.2684    	0.864237   
  2.7429  	12.2841    	0.86522    
  2.743   	12.2998    	0.866204   
  2.7431  	12.3156    	0.867188   
  2.7432  	12.3314    	0.868172   
  2.7433  	12.3472    	0.869158   
  2.7434  	12.3631    	0.870144   
  2.7435  	12.3791    	0.87113    
  2.7436  	12.3951    	0.872118   
  2.7437  	12.4111    	0.873106   
  2.7438  	12.4272    	0.874094   
  2.7439  	12.4434    	0.875083   
  2.744   	12.4595    	0.876073   
  2.7441  	12.4758    	0.877063   
  2.7442  	12.492     	0.878054   
  2.7443  	12.5084    	0.879045   
  2.7444  	12.5247    	0.880037   
  2.7445  	12.5411    	0.88103    
  2.7446  	12.5576    	0.882023   
  2.7447  	12.5741    	0.883017   
  2.7448  	12.5907    	0.884011   
  2.7449  	12.6073    	0.885006   
  2.745   	12.6239    	0.886001   
  2.7451  	12.6406    	0.886997   
  2.7452  	12.6574    	0.887994   
  2.7453  	12.6742    	0.888991   
  2.7454  	12.691     	0.889988   
  2.7455  	12.7079    	0.890987   
  2.7456  	12.7249    	0.891985   
  2.7457  	12.7419    	0.892984   
  2.7458  	12.7589    	0.893984   
  2.7459  	12.776     	0.894984   
  2.746   	12.7932    	0.895985   
  2.7461  	12.8104    	0.896986   
  2.7462  	12.8276    	0.897988   
  2.7463  	12.8449    	0.89899    
  2.7464  	12.8623    	0.899992   
  2.7465  	12.8797    	0.900995   
  2.7466  	12.8972    	0.901999   
  2.7467  	12.9147    	0.903003   
  2.7468  	12.9322    	0.904007   
  2.7469  	12.9498    	0.905012   
  2.747   	12.9675    	0.906018   
  2.7471  	12.9852    	0.907023   
  2.7472  	13.003     	0.908029   
  2.7473  	13.0208    	0.909036   
  2.7474  	13.0387    	0.910043   
  2.7475  	13.0566    	0.911051   
  2.7476  	13.0746    	0.912058   
  2.7477  	13.0927    	0.913067   
  2.7478  	13.1108    	0.914075   
  2.7479  	13.1289    	0.915084   
  2.748   	13.1472    	0.916094   
  2.7481  	13.1654    	0.917104   
  2.7482  	13.1837    	0.918114   
  2.7483  	13.2021    	0.919124   
  2.7484  	13.2206    	0.920135   
  2.7485  	13.239     	0.921146   
  2.7486  	13.2576    	0.922158   
  2.7487  	13.2762    	0.92317    
  2.7488  	13.2949    	0.924182   
  2.7489  	13.3136    	0.925195   
  2.749   	13.3324    	0.926208   
  2.7491  	13.3512    	0.927221   
  2.7492  	13.3701    	0.928234   
  2.7493  	13.3891    	0.929248   
  2.7494  	13.4081    	0.930262   
  2.7495  	13.4271    	0.931276   
  2.7496  	13.4463    	0.932291   
  2.7497  	13.4655    	0.933306   
  2.7498  	13.4847    	0.934321   
  2.7499  	13.5041    	0.935336   
  2.75    	13.5234    	0.936352   
  2.7501  	13.5429    	0.937367   
  2.7502  	13.5624    	0.938383   
  2.7503  	13.5819    	0.9394     
  2.7504  	13.6016    	0.940416   
  2.7505  	13.6212    	0.941433   
  2.7506  	13.641     	0.94245    
  2.7507  	13.6608    	0.943467   
  2.7508  	13.6807    	0.944484   
  2.7509  	13.7006    	0.945501   
  2.751   	13.7206    	0.946519   
  2.7511  	13.7407    	0.947536   
  2.7512  	13.7608    	0.948554   
  2.7513  	13.781     	0.949572   
  2.7514  	13.8013    	0.95059    
  2.7515  	13.8216    	0.951608   
  2.7516  	13.842     	0.952627   
  2.7517  	13.8625    	0.953645   
  2.7518  	13.883     	0.954663   
  2.7519  	13.9036    	0.955682   
  2.752   	13.9243    	0.956701   
  2.7521  	13.945     	0.957719   
  2.7522  	13.9658    	0.958738   
  2.7523  	13.9867    	0.959757   
  2.7524  	14.0076    	0.960775   
  2.7525  	14.0286    	0.961794   
  2.7526  	14.0497    	0.962813   
  2.7527  	14.0708    	0.963832   
  2.7528  	14.0921    	0.964851   
  2.7529  	14.1133    	0.965869   
  2.753   	14.1347    	0.966888   
  2.7531  	14.1561    	0.967907   
  2.7532  	14.1776    	0.968926   
  2.7533  	14.1992    	0.969944   
  2.7534  	14.2209    	0.970963   
  2.7535  	14.2426    	0.971981   
  2.7536  	14.2644    	0.973      
  2.7537  	14.2862    	0.974018   
  2.7538  	14.3082    	0.975036   
  2.7539  	14.3302    	0.976054   
  2.754   	14.3523    	0.977072   
  2.7541  	14.3744    	0.97809    
  2.7542  	14.3967    	0.979107   
  2.7543  	14.419     	0.980125   
  2.7544  	14.4414    	0.981142   
  2.7545  	14.4638    	0.982159   
  2.7546  	14.4864    	0.983176   
  2.7547  	14.509     	0.984193   
  2.7548  	14.5317    	0.985209   
  2.7549  	14.5545    	0.986225   
  2.755   	14.5773    	0.987241   
  2.7551  	14.6003    	0.988257   
  2.7552  	14.6233    	0.989272   
  2.7553  	14.6464    	0.990288   
  2.7554  	14.6696    	0.991302   
  2.7555  	14.6928    	0.992317   
  2.7556  	14.7162    	0.993331   
  2.7557  	14.7396    	0.994345   
  2.7558  	14.7631    	0.995359   
  2.7559  	14.7867    	0.996372   
  2.756   	14.8103    	0.997385   
  2.7561  	14.8341    	0.998397   
  2.7562  	14.8579    	0.999409   
  2.7563  	14.8818    	1.00042    
  2.7564  	14.9058    	1.00143    
  2.7565  	14.9299    	1.00244    
  2.7566  	14.9541    	1.00345    
  2.7567  	14.9784    	1.00446    
  2.7568  	15.0027    	1.00547    
  2.7569  	15.0272    	1.00648    
  2.757   	15.0517    	1.00749    
  2.7571  	15.0763    	1.0085     
  2.7572  	15.101     	1.0095     
  2.7573  	15.1258    	1.01051    
  2.7574  	15.1507    	1.01152    
  2.7575  	15.1756    	1.01252    
  2.7576  	15.2007    	1.01353    
  2.7577  	15.2259    	1.01453    
  2.7578  	15.2511    	1.01554    
  2.7579  	15.2764    	1.01654    
  2.758   	15.3019    	1.01754    
  2.7581  	15.3274    	1.01854    
  2.7582  	15.353     	1.01954    
  2.7583  	15.3787    	1.02054    
  2.7584  	15.4045    	1.02154    
  2.7585  	15.4304    	1.02254    
  2.7586  	15.4564    	1.02354    
  2.7587  	15.4825    	1.02454    
  2.7588  	15.5087    	1.02554    
  2.7589  	15.535     	1.02653    
  2.759   	15.5614    	1.02753    
  2.7591  	15.5879    	1.02852    
  2.7592  	15.6144    	1.02951    
  2.7593  	15.6411    	1.03051    
  2.7594  	15.6679    	1.0315     
  2.7595  	15.6948    	1.03249    
  2.7596  	15.7218    	1.03348    
  2.7597  	15.7489    	1.03447    
  2.7598  	15.7761    	1.03545    
  2.7599  	15.8034    	1.03644    
  2.76    	15.8308    	1.03743    
  2.7601  	15.8583    	1.03841    
  2.7602  	15.8859    	1.0394     
  2.7603  	15.9136    	1.04038    
  2.7604  	15.9414    	1.04136    
  2.7605  	15.9693    	1.04234    
  2.7606  	15.9974    	1.04332    
  2.7607  	16.0255    	1.0443     
  2.7608  	16.0538    	1.04528    
  2.7609  	16.0821    	1.04625    
  2.761   	16.1106    	1.04723    
  2.7611  	16.1392    	1.0482     
  2.7612  	16.1679    	1.04917    
  2.7613  	16.1967    	1.05014    
  2.7614  	16.2256    	1.05111    
  2.7615  	16.2547    	1.05208    
  2.7616  	16.2838    	1.05305    
  2.7617  	16.3131    	1.05401    
  2.7618  	16.3425    	1.05498    
  2.7619  	16.3719    	1.05594    
  2.762   	16.4016    	1.0569     
  2.7621  	16.4313    	1.05786    
  2.7622  	16.4611    	1.05882    
  2.7623  	16.4911    	1.05978    
  2.7624  	16.5212    	1.06074    
  2.7625  	16.5514    	1.06169    
  2.7626  	16.5817    	1.06264    
  2.7627  	16.6122    	1.06359    
  2.7628  	16.6428    	1.06454    
  2.7629  	16.6735    	1.06549    
  2.763   	16.7043    	1.06644    
  2.7631  	16.7352    	1.06738    
  2.7632  	16.7663    	1.06833    
  2.7633  	16.7975    	1.06927    
  2.7634  	16.8289    	1.07021    
  2.7635  	16.8603    	1.07114    
  2.7636  	16.8919    	1.07208    
  2.7637  	16.9236    	1.07301    
  2.7638  	16.9555    	1.07395    
  2.7639  	16.9874    	1.07488    
  2.764   	17.0196    	1.0758     
  2.7641  	17.0518    	1.07673    
  2.7642  	17.0842    	1.07766    
  2.7643  	17.1167    	1.07858    
  2.7644  	17.1493    	1.0795     
  2.7645  	17.1821    	1.08042    
  2.7646  	17.2151    	1.08133    
  2.7647  	17.2481    	1.08225    
  2.7648  	17.2813    	1.08316    
  2.7649  	17.3147    	1.08407    
  2.765   	17.3482    	1.08498    
  2.7651  	17.3818    	1.08588    
  2.7652  	17.4156    	1.08679    
  2.7653  	17.4495    	1.08769    
  2.7654  	17.4835    	1.08859    
  2.7655  	17.5177    	1.08948    
  2.7656  	17.5521    	1.09038    
  2.7657  	17.5866    	1.09127    
  2.7658  	17.6212    	1.09216    
  2.7659  	17.656     	1.09304    
  2.766   	17.691     	1.09393    
  2.7661  	17.7261    	1.09481    
  2.7662  	17.7613    	1.09569    
  2.7663  	17.7967    	1.09657    
  2.7664  	17.8323    	1.09744    
  2.7665  	17.868     	1.09831    
  2.7666  	17.9039    	1.09918    
  2.7667  	17.9399    	1.10004    
  2.7668  	17.9761    	1.10091    
  2.7669  	18.0124    	1.10177    
  2.767   	18.049     	1.10262    
  2.7671  	18.0856    	1.10348    
  2.7672  	18.1225    	1.10433    
  2.7673  	18.1595    	1.10518    
  2.7674  	18.1966    	1.10602    
  2.7675  	18.234     	1.10686    
  2.7676  	18.2715    	1.1077     
  2.7677  	18.3091    	1.10854    
  2.7678  	18.347     	1.10937    
  2.7679  	18.385     	1.1102     
  2.768   	18.4231    	1.11103    
  2.7681  	18.4615    	1.11185    
  2.7682  	18.5       	1.11267    
  2.7683  	18.5387    	1.11349    
  2.7684  	18.5776    	1.1143     
  2.7685  	18.6167    	1.11511    
  2.7686  	18.6559    	1.11592    
  2.7687  	18.6953    	1.11672    
  2.7688  	18.7349    	1.11752    
  2.7689  	18.7747    	1.11831    
  2.769   	18.8147    	1.1191     
  2.7691  	18.8549    	1.11989    
  2.7692  	18.8952    	1.12067    
  2.7693  	18.9357    	1.12145    
  2.7694  	18.9764    	1.12223    
  2.7695  	19.0174    	1.123      
  2.7696  	19.0585    	1.12377    
  2.7697  	19.0998    	1.12454    
  2.7698  	19.1413    	1.1253     
  2.7699  	19.183     	1.12605    
  2.77    	19.2248    	1.1268     
  2.7701  	19.2669    	1.12755    
  2.7702  	19.3092    	1.12829    
  2.7703  	19.3517    	1.12903    
  2.7704  	19.3944    	1.12977    
  2.7705  	19.4373    	1.1305     
  2.7706  	19.4804    	1.13122    
  2.7707  	19.5237    	1.13194    
  2.7708  	19.5673    	1.13266    
  2.7709  	19.611     	1.13337    
  2.771   	19.655     	1.13408    
  2.7711  	19.6991    	1.13478    
  2.7712  	19.7435    	1.13548    
  2.7713  	19.7881    	1.13617    
  2.7714  	19.8329    	1.13686    
  2.7715  	19.878     	1.13754    
  2.7716  	19.9233    	1.13822    
  2.7717  	19.9687    	1.13889    
  2.7718  	20.0145    	1.13956    
  2.7719  	20.0604    	1.14022    
  2.772   	20.1066    	1.14087    
  2.7721  	20.153     	1.14153    
  2.7722  	20.1996    	1.14217    
  2.7723  	20.2465    	1.14281    
  2.7724  	20.2936    	1.14344    
  2.7725  	20.3409    	1.14407    
  2.7726  	20.3885    	1.1447     
  2.7727  	20.4364    	1.14531    
  2.7728  	20.4844    	1.14592    
  2.7729  	20.5327    	1.14653    
  2.773   	20.5813    	1.14713    
  2.7731  	20.6301    	1.14772    
  2.7732  	20.6792    	1.14831    
  2.7733  	20.7285    	1.14889    
  2.7734  	20.7781    	1.14946    
  2.7735  	20.8279    	1.15003    
  2.7736  	20.878     	1.15059    
  2.7737  	20.9284    	1.15114    
  2.7738  	20.979     	1.15169    
  2.7739  	21.0299    	1.15223    
  2.774   	21.081     	1.15277    
  2.7741  	21.1325    	1.15329    
  2.7742  	21.1841    	1.15381    
  2.7743  	21.2361    	1.15433    
  2.7744  	21.2884    	1.15483    
  2.7745  	21.3409    	1.15533    
  2.7746  	21.3937    	1.15582    
  2.7747  	21.4468    	1.15631    
  2.7748  	21.5002    	1.15678    
  2.7749  	21.5538    	1.15725    
  2.775   	21.6078    	1.15771    
  2.7751  	21.662     	1.15816    
  2.7752  	21.7165    	1.15861    
  2.7753  	21.7714    	1.15905    
  2.7754  	21.8265    	1.15947    
  2.7755  	21.882     	1.1599     
  2.7756  	21.9377    	1.16031    
  2.7757  	21.9937    	1.16071    
  2.7758  	22.0501    	1.16111    
  2.7759  	22.1068    	1.16149    
  2.776   	22.1638    	1.16187    
  2.7761  	22.2211    	1.16224    
  2.7762  	22.2787    	1.1626     
  2.7763  	22.3366    	1.16295    
  2.7764  	22.3949    	1.16329    
  2.7765  	22.4535    	1.16362    
  2.7766  	22.5124    	1.16395    
  2.7767  	22.5717    	1.16426    
  2.7768  	22.6313    	1.16456    
  2.7769  	22.6913    	1.16485    
  2.777   	22.7515    	1.16514    
  2.7771  	22.8122    	1.16541    
  2.7772  	22.8732    	1.16567    
  2.7773  	22.9345    	1.16593    
  2.7774  	22.9962    	1.16617    
  2.7775  	23.0582    	1.1664     
  2.7776  	23.1206    	1.16662    
  2.7777  	23.1834    	1.16683    
  2.7778  	23.2465    	1.16703    
  2.7779  	23.31      	1.16722    
  2.778   	23.3739    	1.16739    
  2.7781  	23.4382    	1.16756    
  2.7782  	23.5028    	1.16771    
  2.7783  	23.5678    	1.16785    
  2.7784  	23.6332    	1.16798    
  2.7785  	23.699     	1.1681     
  2.7786  	23.7652    	1.16821    
  2.7787  	23.8318    	1.1683     
  2.7788  	23.8988    	1.16838    
  2.7789  	23.9662    	1.16845    
  2.779   	24.034     	1.1685     
  2.7791  	24.1023    	1.16854    
  2.7792  	24.1709    	1.16857    
  2.7793  	24.24      	1.16858    
  2.7794  	24.3094    	1.16858    
  2.7795  	24.3793    	1.16857    
  2.7796  	24.4497    	1.16854    
  2.7797  	24.5205    	1.1685     
  2.7798  	24.5917    	1.16845    
  2.7799  	24.6633    	1.16838    
  2.78    	24.7354    	1.16829    
  2.7801  	24.808     	1.16819    
  2.7802  	24.881     	1.16808    
  2.7803  	24.9545    	1.16795    
  2.7804  	25.0284    	1.1678     
  2.7805  	25.1029    	1.16764    
  2.7806  	25.1777    	1.16746    
  2.7807  	25.2531    	1.16727    
  2.7808  	25.329     	1.16706    
  2.7809  	25.4053    	1.16683    
  2.781   	25.4821    	1.16659    
  2.7811  	25.5594    	1.16632    
  2.7812  	25.6373    	1.16605    
  2.7813  	25.7156    	1.16575    
  2.7814  	25.7945    	1.16543    
  2.7815  	25.8738    	1.1651     
  2.7816  	25.9537    	1.16475    
  2.7817  	26.0341    	1.16438    
  2.7818  	26.1151    	1.16399    
  2.7819  	26.1966    	1.16358    
  2.782   	26.2786    	1.16316    
  2.7821  	26.3612    	1.16271    
  2.7822  	26.4443    	1.16224    
  2.7823  	26.528     	1.16176    
  2.7824  	26.6123    	1.16125    
  2.7825  	26.6971    	1.16072    
  2.7826  	26.7825    	1.16017    
  2.7827  	26.8685    	1.1596     
  2.7828  	26.9551    	1.159      
  2.7829  	27.0422    	1.15839    
  2.783   	27.13      	1.15775    
  2.7831  	27.2184    	1.15709    
  2.7832  	27.3074    	1.1564     
  2.7833  	27.397     	1.15569    
  2.7834  	27.4873    	1.15496    
  2.7835  	27.5781    	1.15421    
  2.7836  	27.6697    	1.15343    
  2.7837  	27.7618    	1.15262    
  2.7838  	27.8546    	1.15179    
  2.7839  	27.9481    	1.15093    
  2.784   	28.0423    	1.15005    
  2.7841  	28.1371    	1.14914    
  2.7842  	28.2326    	1.1482     
  2.7843  	28.3288    	1.14724    
  2.7844  	28.4257    	1.14625    
  2.7845  	28.5233    	1.14523    
  2.7846  	28.6216    	1.14418    
  2.7847  	28.7206    	1.1431     
  2.7848  	28.8203    	1.142      
  2.7849  	28.9208    	1.14086    
  2.785   	29.022     	1.13969    
  2.7851  	29.124     	1.13849    
  2.7852  	29.2268    	1.13727    
  2.7853  	29.3303    	1.136      
  2.7854  	29.4346    	1.13471    
  2.7855  	29.5396    	1.13338    
  2.7856  	29.6455    	1.13202    
  2.7857  	29.7522    	1.13063    
  2.7858  	29.8597    	1.1292     
  2.7859  	29.968     	1.12774    
  2.786   	30.0771    	1.12624    
  2.7861  	30.1871    	1.1247     
  2.7862  	30.298     	1.12313    
  2.7863  	30.4097    	1.12152    
  2.7864  	30.5222    	1.11987    
  2.7865  	30.6357    	1.11818    
  2.7866  	30.75      	1.11646    
  2.7867  	30.8653    	1.11469    
  2.7868  	30.9814    	1.11289    
  2.7869  	31.0985    	1.11104    
  2.787   	31.2165    	1.10915    
  2.7871  	31.3355    	1.10722    
  2.7872  	31.4554    	1.10524    
  2.7873  	31.5763    	1.10322    
  2.7874  	31.6982    	1.10115    
  2.7875  	31.8211    	1.09904    
  2.7876  	31.9449    	1.09689    
  2.7877  	32.0698    	1.09468    
  2.7878  	32.1957    	1.09243    
  2.7879  	32.3227    	1.09013    
  2.788   	32.4507    	1.08777    
  2.7881  	32.5798    	1.08537    
  2.7882  	32.71      	1.08292    
  2.7883  	32.8412    	1.08041    
  2.7884  	32.9736    	1.07785    
  2.7885  	33.1071    	1.07524    
  2.7886  	33.2417    	1.07257    
  2.7887  	33.3775    	1.06984    
  2.7888  	33.5145    	1.06706    
  2.7889  	33.6526    	1.06422    
  2.789   	33.7919    	1.06131    
  2.7891  	33.9325    	1.05835    
  2.7892  	34.0742    	1.05533    
  2.7893  	34.2173    	1.05224    
  2.7894  	34.3616    	1.04909    
  2.7895  	34.5071    	1.04588    
  2.7896  	34.654     	1.0426     
  2.7897  	34.8021    	1.03925    
  2.7898  	34.9516    	1.03583    
  2.7899  	35.1025    	1.03234    
  2.79    	35.2547    	1.02878    
  2.7901  	35.4083    	1.02515    
  2.7902  	35.5633    	1.02144    
  2.7903  	35.7197    	1.01766    
  2.7904  	35.8776    	1.0138     
  2.7905  	36.0369    	1.00986    
  2.7906  	36.1977    	1.00584    
  2.7907  	36.36      	1.00174    
  2.7908  	36.5239    	0.997554   
  2.7909  	36.6893    	0.993284   
  2.791   	36.8562    	0.988928   
  2.7911  	37.0248    	0.984484   
  2.7912  	37.1949    	0.979949   
  2.7913  	37.3667    	0.975322   
  2.7914  	37.5402    	0.970602   
  2.7915  	37.7153    	0.965785   
  2.7916  	37.8921    	0.960871   
  2.7917  	38.0707    	0.955857   
  2.7918  	38.251     	0.950741   
  2.7919  	38.4332    	0.945521   
  2.792   	38.6171    	0.940195   
  2.7921  	38.8029    	0.934761   
  2.7922  	38.9905    	0.929216   
  2.7923  	39.18      	0.923558   
  2.7924  	39.3715    	0.917784   
  2.7925  	39.5649    	0.911893   
  2.7926  	39.7603    	0.905882   
  2.7927  	39.9577    	0.899747   
  2.7928  	40.1571    	0.893487   
  2.7929  	40.3586    	0.887099   
  2.793   	40.5623    	0.880579   
  2.7931  	40.768     	0.873926   
  2.7932  	40.976     	0.867136   
  2.7933  	41.1861    	0.860205   
  2.7934  	41.3985    	0.853131   
  2.7935  	41.6132    	0.845911   
  2.7936  	41.8302    	0.838542   
  2.7937  	42.0495    	0.831019   
  2.7938  	42.2712    	0.82334    
  2.7939  	42.4954    	0.8155     
  2.794   	42.722     	0.807497   
  2.7941  	42.9512    	0.799326   
  2.7942  	43.1829    	0.790984   
  2.7943  	43.4172    	0.782466   
  2.7944  	43.6541    	0.773768   
  2.7945  	43.8938    	0.764887   
  2.7946  	44.1361    	0.755817   
  2.7947  	44.3813    	0.746555   
  2.7948  	44.6292    	0.737094   
  2.7949  	44.8801    	0.727432   
  2.795   	45.1338    	0.717563   
  2.7951  	45.3906    	0.707481   
  2.7952  	45.6503    	0.697182   
  2.7953  	45.9132    	0.68666    
  2.7954  	46.1792    	0.67591    
  2.7955  	46.4484    	0.664925   
  2.7956  	46.7208    	0.653701   
  2.7957  	46.9965    	0.64223    
  2.7958  	47.2757    	0.630507   
  2.7959  	47.5582    	0.618525   
  2.796   	47.8442    	0.606278   
  2.7961  	48.1338    	0.593759   
  2.7962  	48.4271    	0.580959   
  2.7963  	48.724     	0.567873   
  2.7964  	49.0247    	0.554493   
  2.7965  	49.3292    	0.54081    
  2.7966  	49.6377    	0.526817   
  2.7967  	49.9501    	0.512505   
  2.7968  	50.2666    	0.497866   
  2.7969  	50.5872    	0.48289    
  2.797   	50.9121    	0.467569   
  2.7971  	51.2412    	0.451893   
  2.7972  	51.5748    	0.435851   
  2.7973  	51.9128    	0.419435   
  2.7974  	52.2555    	0.402633   
  2.7975  	52.6028    	0.385434   
  2.7976  	52.9548    	0.367827   
  2.7977  	53.3117    	0.349801   
  2.7978  	53.6736    	0.331342   
  2.7979  	54.0405    	0.312439   
  2.798   	54.4126    	0.293079   
  2.7981  	54.79      	0.273248   
  2.7982  	55.1728    	0.252931   
  2.7983  	55.5611    	0.232116   
  2.7984  	55.955     	0.210785   
  2.7985  	56.3547    	0.188924   
  2.7986  	56.7602    	0.166517   
  2.7987  	57.1718    	0.143547   
  2.7988  	57.5895    	0.119996   
  2.7989  	58.0134    	0.0958457  
  2.799   	58.4438    	0.071078   
  2.7991  	58.8808    	0.0456729  
  2.7992  	59.3245    	0.0196102  
  2.7993  	59.7751    	-0.00713146
  2.7994  	60.2327    	-0.034574  
  2.7995  	60.6975    	-0.0627403 
  2.7996  	61.1697    	-0.0916542 
  2.7997  	61.6494    	-0.121341  
  2.7998  	62.1368    	-0.151825  
  2.7999  	62.6322    	-0.183135  
  2.8     	63.1357    	-0.215298  
  2.8001  	63.6475    	-0.248344  
  2.8002  	64.1678    	-0.282302  
  2.8003  	64.6968    	-0.317206  
  2.8004  	65.2348    	-0.353087  
  2.8005  	65.782     	-0.389981  
  2.8006  	66.3386    	-0.427923  
  2.8007  	66.9048    	-0.466952  
  2.8008  	67.481     	-0.507106  
  2.8009  	68.0673    	-0.548428  
  2.801   	68.6641    	-0.590959  
  2.8011  	69.2716    	-0.634746  
  2.8012  	69.8902    	-0.679835  
  2.8013  	70.52      	-0.726276  
  2.8014  	71.1615    	-0.774121  
  2.8015  	71.8149    	-0.823423  
  2.8016  	72.4806    	-0.874239  
  2.8017  	73.159     	-0.926629  
  2.8018  	73.8503    	-0.980656  
  2.8019  	74.555     	-1.03638   
  2.802   	75.2735    	-1.09388   
  2.8021  	76.0062    	-1.15323   
  2.8022  	76.7534    	-1.21449   
  2.8023  	77.5157    	-1.27775   
  2.8024  	78.2935    	-1.34309   
  2.8025  	79.0872    	-1.41061   
  2.8026  	79.8974    	-1.48039   
  2.8027  	80.7246    	-1.55253   
  2.8028  	81.5692    	-1.62714   
  2.8029  	82.432     	-1.70432   
  2.803   	83.3134    	-1.78419   
  2.8031  	84.214     	-1.86688   
  2.8032  	85.1345    	-1.9525    
  2.8033  	86.0756    	-2.0412    
  2.8034  	87.038     	-2.13312   
  2.8035  	88.0223    	-2.22842   
  2.8036  	89.0293    	-2.32724   
  2.8037  	90.0599    	-2.42977   
  2.8038  	91.1149    	-2.53618   
  2.8039  	92.195     	-2.64667   
  2.804   	93.3013    	-2.76143   
  2.8041  	94.4347    	-2.8807    
  2.8042  	95.5962    	-3.00468   
  2.8043  	96.7868    	-3.13364   
  2.8044  	98.0077    	-3.26784   
  2.8045  	99.26      	-3.40754   
  2.8046  	100.545    	-3.55305   
  2.8047  	101.864    	-3.70468   
  2.8048  	103.218    	-3.86277   
  2.8049  	104.609    	-4.02769   
  2.805   	106.038    	-4.19982   
  2.8051  	107.506    	-4.37957   
  2.8052  	109.017    	-4.56739   
  2.8053  	110.57     	-4.76376   
  2.8054  	112.169    	-4.96919   
  2.8055  	113.814    	-5.18423   
  2.8056  	115.509    	-5.40948   
  2.8057  	117.256    	-5.64557   
  2.8058  	119.056    	-5.89319   
  2.8059  	120.912    	-6.15309   
  2.806   	122.827    	-6.42607   
  2.8061  	124.804    	-6.71301   
  2.8062  	126.846    	-7.01486   
  2.8063  	128.956    	-7.33263   
  2.8064  	131.137    	-7.66744   
  2.8065  	133.393    	-8.02051   
  2.8066  	135.728    	-8.39315   
  2.8067  	138.146    	-8.78682   
  2.8068  	140.652    	-9.20308   
  2.8069  	143.251    	-9.64367   
  2.807   	145.947    	-10.1105   
  2.8071  	148.746    	-10.6056   
  2.8072  	151.654    	-11.1312   
  2.8073  	154.677    	-11.69     
  2.8074  	157.824    	-12.2847   
  2.8075  	161.1      	-12.9183   
  2.8076  	164.514    	-13.5943   
  2.8077  	168.075    	-14.3164   
  2.8078  	171.793    	-15.089    
  2.8079  	175.677    	-15.9166   
  2.808   	179.739    	-16.8046   
  2.8081  	183.992    	-17.7588   
  2.8082  	188.449    	-18.7859   
  2.8083  	193.125    	-19.8934   
  2.8084  	198.035    	-21.0897   
  2.8085  	203.199    	-22.3843   
  2.8086  	208.634    	-23.7883   
  2.8087  	214.363    	-25.3139   
  2.8088  	220.411    	-26.9755   
  2.8089  	226.802    	-28.7893   
  2.809   	233.567    	-30.7741   
  2.8091  	240.739    	-32.9517   
  2.8092  	248.353    	-35.3475   
  2.8093  	256.452    	-37.991    
  2.8094  	265.08     	-40.9167   
  2.8095  	274.289    	-44.1656   
  2.8096  	284.137    	-47.7858   
  2.8097  	294.691    	-51.8351   
  2.8098  	306.022    	-56.3823   
  2.8099  	318.217    	-61.5103   
  2.81    	331.369    	-67.32     
  2.8101  	345.587    	-73.9343   
  2.8102  	360.995    	-81.5044   
  2.8103  	377.731    	-90.2177   
  2.8104  	395.953    	-100.308   
  2.8105  	415.839    	-112.071   
  2.8106  	437.585    	-125.882   
  2.8107  	461.407    	-142.221   
  2.8108  	487.531    	-161.711   
  2.8109  	516.18     	-185.168   
  2.811   	547.547    	-213.664   
  2.8111  	581.734    	-248.625   
  2.8112  	618.652    	-291.954   
  2.8113  	657.822    	-346.187   
  2.8114  	698.02     	-414.679   
  2.8115  	736.646    	-501.733   
  2.8116  	768.644    	-612.519   
  2.8117  	784.821    	-752.268   
  2.8118  	769.754    	-923.753   
  2.8119  	700.823    	-1121.54   
  2.812   	552.891    	-1322.82   
  2.8121  	314.835    	-1481.61   
  2.8122  	12.9829    	-1543.14   
  2.8123  	-288.049   	-1482.17   
  2.8124  	-524.674   	-1325.5    
  2.8125  	-672.204   	-1127.66   
  2.8126  	-742.272   	-933.418   
  2.8127  	-759.555   	-764.734   
  2.8128  	-746.034   	-626.822   
  2.8129  	-716.689   	-517.04    
  2.813   	-680.49    	-430.379   
  2.8131  	-642.417   	-361.875   
  2.8132  	-605.066   	-307.375   
  2.8133  	-569.688   	-263.63    
  2.8134  	-536.801   	-228.172   
  2.8135  	-506.533   	-199.141   
  2.8136  	-478.815   	-175.14    
  2.8137  	-453.484   	-155.113   
  2.8138  	-430.339   	-138.253   
  2.8139  	-409.175   	-123.945   
  2.814   	-389.792   	-111.71    
  2.8141  	-372.007   	-101.172   
  2.8142  	-355.653   	-92.038    
  2.8143  	-340.58    	-84.0719   
  2.8144  	-326.657   	-77.0854   
  2.8145  	-313.765   	-70.9259   
  2.8146  	-301.803   	-65.469    
  2.8147  	-290.679   	-60.6127   
  2.8148  	-280.311   	-56.2725   
  2.8149  	-270.629   	-52.3781   
  2.815   	-261.571   	-48.8708   
  2.8151  	-253.079   	-45.7012   
  2.8152  	-245.104   	-42.8273   
  2.8153  	-237.602   	-40.2135   
  2.8154  	-230.533   	-37.8294   
  2.8155  	-223.861   	-35.6489   
  2.8156  	-217.556   	-33.6495   
  2.8157  	-211.588   	-31.8115   
  2.8158  	-205.931   	-30.1181   
  2.8159  	-200.563   	-28.5544   
  2.816   	-195.462   	-27.1075   
  2.8161  	-190.609   	-25.766    
  2.8162  	-185.987   	-24.5199   
  2.8163  	-181.58    	-23.3603   
  2.8164  	-177.374   	-22.2794   
  2.8165  	-173.355   	-21.2701   
  2.8166  	-169.511   	-20.3262   
  2.8167  	-165.831   	-19.4422   
  2.8168  	-162.305   	-18.6131   
  2.8169  	-158.925   	-17.8344   
  2.817   	-155.68    	-17.102    
  2.8171  	-152.563   	-16.4124   
  2.8172  	-149.567   	-15.7622   
  2.8173  	-146.685   	-15.1485   
  2.8174  	-143.911   	-14.5685   
  2.8175  	-141.238   	-14.0199   
  2.8176  	-138.662   	-13.5003   
  2.8177  	-136.177   	-13.0078   
  2.8178  	-133.778   	-12.5405   
  2.8179  	-131.462   	-12.0966   
  2.818   	-129.224   	-11.6747   
  2.8181  	-127.06    	-11.2732   
  2.8182  	-124.966   	-10.8909   
  2.8183  	-122.94    	-10.5266   
  2.8184  	-120.977   	-10.1791   
  2.8185  	-119.076   	-9.84739   
  2.8186  	-117.233   	-9.53052   
  2.8187  	-115.446   	-9.22761   
  2.8188  	-113.712   	-8.93785   
  2.8189  	-112.028   	-8.66048   
  2.819   	-110.394   	-8.39478   
  2.8191  	-108.806   	-8.14011   
  2.8192  	-107.263   	-7.89586   
  2.8193  	-105.762   	-7.66145   
  2.8194  	-104.303   	-7.43636   
  2.8195  	-102.883   	-7.2201    
  2.8196  	-101.501   	-7.01221   
  2.8197  	-100.155   	-6.81224   
  2.8198  	-98.8441   	-6.6198    
  2.8199  	-97.5669   	-6.43452   
  2.82    	-96.322    	-6.25602   
  2.8201  	-95.1083   	-6.08399   
  2.8202  	-93.9245   	-5.91811   
  2.8203  	-92.7697   	-5.75808   
  2.8204  	-91.6427   	-5.60364   
  2.8205  	-90.5425   	-5.45451   
  2.8206  	-89.4683   	-5.31046   
  2.8207  	-88.4192   	-5.17124   
  2.8208  	-87.3941   	-5.03666   
  2.8209  	-86.3924   	-4.90649   
  2.821   	-85.4133   	-4.78055   
  2.8211  	-84.456    	-4.65865   
  2.8212  	-83.5198   	-4.54061   
  2.8213  	-82.6039   	-4.42628   
  2.8214  	-81.7078   	-4.3155    
  2.8215  	-80.8308   	-4.20812   
  2.8216  	-79.9724   	-4.10399   
  2.8217  	-79.1319   	-4.003     
  2.8218  	-78.3087   	-3.905     
  2.8219  	-77.5024   	-3.80989   
  2.822   	-76.7125   	-3.71754   
  2.8221  	-75.9384   	-3.62786   
  2.8222  	-75.1796   	-3.54073   
  2.8223  	-74.4359   	-3.45606   
  2.8224  	-73.7066   	-3.37376   
  2.8225  	-72.9913   	-3.29373   
  2.8226  	-72.2898   	-3.2159    
  2.8227  	-71.6015   	-3.14018   
  2.8228  	-70.9262   	-3.06649   
  2.8229  	-70.2634   	-2.99477   
  2.823   	-69.6128   	-2.92493   
  2.8231  	-68.9741   	-2.85693   
  2.8232  	-68.347    	-2.79068   
  2.8233  	-67.7311   	-2.72613   
  2.8234  	-67.1261   	-2.66322   
  2.8235  	-66.5319   	-2.6019    
  2.8236  	-65.948    	-2.54211   
  2.8237  	-65.3742   	-2.4838    
  2.8238  	-64.8102   	-2.42692   
  2.8239  	-64.2559   	-2.37143   
  2.824   	-63.7109   	-2.31727   
  2.8241  	-63.1751   	-2.2644    
  2.8242  	-62.6482   	-2.2128    
  2.8243  	-62.1299   	-2.1624    
  2.8244  	-61.6201   	-2.11318   
  2.8245  	-61.1186   	-2.0651    
  2.8246  	-60.6251   	-2.01812   
  2.8247  	-60.1396   	-1.97221   
  2.8248  	-59.6617   	-1.92734   
  2.8249  	-59.1913   	-1.88347   
  2.825   	-58.7282   	-1.84058   
  2.8251  	-58.2723   	-1.79863   
  2.8252  	-57.8234   	-1.7576    
  2.8253  	-57.3814   	-1.71747   
  2.8254  	-56.946    	-1.67819   
  2.8255  	-56.5172   	-1.63976   
  2.8256  	-56.0948   	-1.60215   
  2.8257  	-55.6786   	-1.56532   
  2.8258  	-55.2685   	-1.52927   
  2.8259  	-54.8644   	-1.49397   
  2.826   	-54.4661   	-1.45939   
  2.8261  	-54.0736   	-1.42552   
  2.8262  	-53.6867   	-1.39234   
  2.8263  	-53.3053   	-1.35983   
  2.8264  	-52.9292   	-1.32798   
  2.8265  	-52.5584   	-1.29675   
  2.8266  	-52.1927   	-1.26615   
  2.8267  	-51.8321   	-1.23615   
  2.8268  	-51.4764   	-1.20673   
  2.8269  	-51.1255   	-1.17788   
  2.827   	-50.7794   	-1.14959   
  2.8271  	-50.438    	-1.12183   
  2.8272  	-50.101    	-1.09461   
  2.8273  	-49.7686   	-1.0679    
  2.8274  	-49.4405   	-1.04169   
  2.8275  	-49.1167   	-1.01597   
  2.8276  	-48.7972   	-0.990724  
  2.8277  	-48.4817   	-0.965945  
  2.8278  	-48.1703   	-0.941618  
  2.8279  	-47.8629   	-0.917735  
  2.828   	-47.5593   	-0.894283  
  2.8281  	-47.2596   	-0.871252  
  2.8282  	-46.9636   	-0.848632  
  2.8283  	-46.6714   	-0.826414  
  2.8284  	-46.3827   	-0.804588  
  2.8285  	-46.0976   	-0.783145  
  2.8286  	-45.8159   	-0.762077  
  2.8287  	-45.5377   	-0.741373  
  2.8288  	-45.2628   	-0.721027  
  2.8289  	-44.9912   	-0.701029  
  2.829   	-44.7229   	-0.681372  
  2.8291  	-44.4577   	-0.662049  
  2.8292  	-44.1957   	-0.643052  
  2.8293  	-43.9367   	-0.624373  
  2.8294  	-43.6808   	-0.606006  
  2.8295  	-43.4278   	-0.587944  
  2.8296  	-43.1778   	-0.570179  
  2.8297  	-42.9306   	-0.552707  
  2.8298  	-42.6862   	-0.53552   
  2.8299  	-42.4446   	-0.518611  
  2.83    	-42.2057   	-0.501977  
  2.8301  	-41.9694   	-0.48561   
  2.8302  	-41.7359   	-0.469504  
  2.8303  	-41.5049   	-0.453655  
  2.8304  	-41.2764   	-0.438057  
  2.8305  	-41.0504   	-0.422705  
  2.8306  	-40.827    	-0.407594  
  2.8307  	-40.6059   	-0.392719  
  2.8308  	-40.3872   	-0.378075  
  2.8309  	-40.1709   	-0.363657  
  2.831   	-39.9568   	-0.349461  
  2.8311  	-39.7451   	-0.335483  
  2.8312  	-39.5356   	-0.321717  
  2.8313  	-39.3283   	-0.308161  
  2.8314  	-39.1231   	-0.294809  
  2.8315  	-38.9201   	-0.281659  
  2.8316  	-38.7192   	-0.268705  
  2.8317  	-38.5203   	-0.255944  
  2.8318  	-38.3235   	-0.243373  
  2.8319  	-38.1287   	-0.230987  
  2.832   	-37.9359   	-0.218783  
  2.8321  	-37.745    	-0.206759  
  2.8322  	-37.556    	-0.19491   
  2.8323  	-37.369    	-0.183232  
  2.8324  	-37.1837   	-0.171724  
  2.8325  	-37.0003   	-0.160382  
  2.8326  	-36.8188   	-0.149202  
  2.8327  	-36.639    	-0.138183  
  2.8328  	-36.4609   	-0.12732   
  2.8329  	-36.2846   	-0.116611  
  2.833   	-36.11     	-0.106053  
  2.8331  	-35.937    	-0.0956436 
  2.8332  	-35.7658   	-0.0853803 
  2.8333  	-35.5961   	-0.0752602 
  2.8334  	-35.4281   	-0.0652809 
  2.8335  	-35.2616   	-0.0554398 
  2.8336  	-35.0967   	-0.0457347 
  2.8337  	-34.9333   	-0.036163  
  2.8338  	-34.7715   	-0.0267224 
  2.8339  	-34.6112   	-0.0174108 
  2.834   	-34.4523   	-0.00822594
  2.8341  	-34.2949   	0.000834408
  2.8342  	-34.139    	0.00977233 
  2.8343  	-33.9844   	0.0185899  
  2.8344  	-33.8313   	0.0272891  
  2.8345  	-33.6795   	0.035872   
  2.8346  	-33.5291   	0.0443404  
  2.8347  	-33.3801   	0.0526963  
  2.8348  	-33.2323   	0.0609416  
  2.8349  	-33.0859   	0.069078   
  2.835   	-32.9408   	0.0771073  
  2.8351  	-32.7969   	0.0850313  
  2.8352  	-32.6543   	0.0928516  
  2.8353  	-32.513    	0.10057    
  2.8354  	-32.3729   	0.108188   
  2.8355  	-32.234    	0.115707   
  2.8356  	-32.0962   	0.12313    
  2.8357  	-31.9597   	0.130456   
  2.8358  	-31.8243   	0.137689   
  2.8359  	-31.6901   	0.144828   
  2.836   	-31.557    	0.151877   
  2.8361  	-31.425    	0.158836   
  2.8362  	-31.2941   	0.165706   
  2.8363  	-31.1644   	0.17249    
  2.8364  	-31.0357   	0.179187   
  2.8365  	-30.9081   	0.185801   
  2.8366  	-30.7815   	0.192331   
  2.8367  	-30.6559   	0.198779   
  2.8368  	-30.5314   	0.205147   
  2.8369  	-30.408    	0.211435   
  2.837   	-30.2855   	0.217645   
  2.8371  	-30.164    	0.223778   
  2.8372  	-30.0434   	0.229835   
  2.8373  	-29.9239   	0.235817   
  2.8374  	-29.8053   	0.241725   
  2.8375  	-29.6876   	0.247561   
  2.8376  	-29.5709   	0.253325   
  2.8377  	-29.4551   	0.259019   
  2.8378  	-29.3402   	0.264643   
  2.8379  	-29.2262   	0.270199   
  2.838   	-29.1132   	0.275687   
  2.8381  	-29.0009   	0.281108   
  2.8382  	-28.8896   	0.286464   
  2.8383  	-28.7791   	0.291755   
  2.8384  	-28.6695   	0.296982   
  2.8385  	-28.5607   	0.302146   
  2.8386  	-28.4527   	0.307248   
  2.8387  	-28.3456   	0.312289   
  2.8388  	-28.2392   	0.31727    
  2.8389  	-28.1337   	0.322191   
  2.839   	-28.0289   	0.327054   
  2.8391  	-27.925    	0.331858   
  2.8392  	-27.8218   	0.336605   
  2.8393  	-27.7194   	0.341296   
  2.8394  	-27.6178   	0.345932   
  2.8395  	-27.5168   	0.350513   
  2.8396  	-27.4167   	0.355039   
  2.8397  	-27.3173   	0.359512   
  2.8398  	-27.2186   	0.363933   
  2.8399  	-27.1206   	0.368301   
  2.84    	-27.0233   	0.372618   
  2.8401  	-26.9268   	0.376885   
  2.8402  	-26.8309   	0.381101   
  2.8403  	-26.7357   	0.385269   
  2.8404  	-26.6412   	0.389387   
  2.8405  	-26.5474   	0.393458   
  2.8406  	-26.4542   	0.397481   
  2.8407  	-26.3617   	0.401458   
  2.8408  	-26.2698   	0.405388   
  2.8409  	-26.1786   	0.409272   
  2.841   	-26.0881   	0.413112   
  2.8411  	-25.9981   	0.416907   
  2.8412  	-25.9088   	0.420658   
  2.8413  	-25.8201   	0.424365   
  2.8414  	-25.7321   	0.42803    
  2.8415  	-25.6446   	0.431653   
  2.8416  	-25.5577   	0.435234   
  2.8417  	-25.4714   	0.438773   
  2.8418  	-25.3857   	0.442272   
  2.8419  	-25.3006   	0.445731   
  2.842   	-25.2161   	0.44915    
  2.8421  	-25.1321   	0.452529   
  2.8422  	-25.0487   	0.45587    
  2.8423  	-24.9659   	0.459172   
  2.8424  	-24.8836   	0.462437   
  2.8425  	-24.8019   	0.465664   
  2.8426  	-24.7207   	0.468854   
  2.8427  	-24.64     	0.472008   
  2.8428  	-24.5599   	0.475125   
  2.8429  	-24.4803   	0.478207   
  2.843   	-24.4012   	0.481254   
  2.8431  	-24.3227   	0.484266   
  2.8432  	-24.2446   	0.487243   
  2.8433  	-24.1671   	0.490187   
  2.8434  	-24.09     	0.493097   
  2.8435  	-24.0135   	0.495973   
  2.8436  	-23.9374   	0.498817   
  2.8437  	-23.8619   	0.501628   
  2.8438  	-23.7868   	0.504408   
  2.8439  	-23.7122   	0.507155   
  2.844   	-23.6381   	0.509871   
  2.8441  	-23.5644   	0.512556   
  2.8442  	-23.4912   	0.515211   
  2.8443  	-23.4185   	0.517835   
  2.8444  	-23.3462   	0.520429   
  2.8445  	-23.2743   	0.522994   
  2.8446  	-23.203    	0.525529   
  2.8447  	-23.132    	0.528036   
  2.8448  	-23.0615   	0.530513   
  2.8449  	-22.9915   	0.532963   
  2.845   	-22.9218   	0.535384   
  2.8451  	-22.8526   	0.537778   
  2.8452  	-22.7838   	0.540144   
  2.8453  	-22.7155   	0.542483   
  2.8454  	-22.6475   	0.544795   
  2.8455  	-22.58     	0.547081   
  2.8456  	-22.5129   	0.549341   
  2.8457  	-22.4461   	0.551574   
  2.8458  	-22.3798   	0.553782   
  2.8459  	-22.3139   	0.555965   
  2.846   	-22.2484   	0.558122   
  2.8461  	-22.1832   	0.560255   
  2.8462  	-22.1185   	0.562363   
  2.8463  	-22.0541   	0.564447   
  2.8464  	-21.9901   	0.566506   
  2.8465  	-21.9265   	0.568542   
  2.8466  	-21.8632   	0.570555   
  2.8467  	-21.8004   	0.572544   
  2.8468  	-21.7379   	0.574509   
  2.8469  	-21.6757   	0.576453   
  2.847   	-21.6139   	0.578373   
  2.8471  	-21.5525   	0.580271   
  2.8472  	-21.4914   	0.582147   
  2.8473  	-21.4307   	0.584001   
  2.8474  	-21.3704   	0.585834   
  2.8475  	-21.3103   	0.587645   
  2.8476  	-21.2507   	0.589435   
  2.8477  	-21.1913   	0.591204   
  2.8478  	-21.1323   	0.592952   
  2.8479  	-21.0736   	0.594679   
  2.848   	-21.0153   	0.596386   
  2.8481  	-20.9573   	0.598073   
  2.8482  	-20.8996   	0.59974    
  2.8483  	-20.8422   	0.601387   
  2.8484  	-20.7852   	0.603015   
  2.8485  	-20.7284   	0.604623   
  2.8486  	-20.672    	0.606212   
  2.8487  	-20.6159   	0.607782   
  2.8488  	-20.5601   	0.609334   
  2.8489  	-20.5046   	0.610866   
  2.849   	-20.4495   	0.612381   
  2.8491  	-20.3946   	0.613877   
  2.8492  	-20.34     	0.615355   
  2.8493  	-20.2857   	0.616815   
  2.8494  	-20.2317   	0.618257   
  2.8495  	-20.178    	0.619682   
  2.8496  	-20.1246   	0.621089   
  2.8497  	-20.0715   	0.62248    
  2.8498  	-20.0187   	0.623853   
  2.8499  	-19.9661   	0.625209   
  2.85    	-19.9138   	0.626549   
  2.8501  	-19.8618   	0.627872   
  2.8502  	-19.8101   	0.629179   
  2.8503  	-19.7587   	0.630469   
  2.8504  	-19.7075   	0.631744   
  2.8505  	-19.6566   	0.633002   
  2.8506  	-19.606    	0.634245   
  2.8507  	-19.5556   	0.635472   
  2.8508  	-19.5055   	0.636683   
  2.8509  	-19.4557   	0.63788    
  2.851   	-19.4061   	0.639061   
  2.8511  	-19.3567   	0.640227   
  2.8512  	-19.3077   	0.641378   
  2.8513  	-19.2589   	0.642515   
  2.8514  	-19.2103   	0.643636   
  2.8515  	-19.162    	0.644744   
  2.8516  	-19.1139   	0.645837   
  2.8517  	-19.0661   	0.646915   
  2.8518  	-19.0185   	0.64798    
  2.8519  	-18.9711   	0.649031   
  2.852   	-18.924    	0.650068   
  2.8521  	-18.8772   	0.651091   
  2.8522  	-18.8306   	0.652101   
  2.8523  	-18.7842   	0.653097   
  2.8524  	-18.738    	0.65408    
  2.8525  	-18.6921   	0.655049   
  2.8526  	-18.6464   	0.656006   
  2.8527  	-18.6009   	0.656949   
  2.8528  	-18.5557   	0.65788    
  2.8529  	-18.5106   	0.658798   
  2.853   	-18.4658   	0.659704   
  2.8531  	-18.4213   	0.660596   
  2.8532  	-18.3769   	0.661477   
  2.8533  	-18.3328   	0.662345   
  2.8534  	-18.2888   	0.663201   
  2.8535  	-18.2451   	0.664045   
  2.8536  	-18.2016   	0.664877   
  2.8537  	-18.1583   	0.665698   
  2.8538  	-18.1153   	0.666506   
  2.8539  	-18.0724   	0.667303   
  2.854   	-18.0297   	0.668088   
  2.8541  	-17.9873   	0.668862   
  2.8542  	-17.945    	0.669625   
  2.8543  	-17.903    	0.670376   
  2.8544  	-17.8611   	0.671116   
  2.8545  	-17.8195   	0.671846   
  2.8546  	-17.778    	0.672564   
  2.8547  	-17.7368   	0.673271   
  2.8548  	-17.6957   	0.673968   
  2.8549  	-17.6548   	0.674654   
  2.855   	-17.6142   	0.67533    
  2.8551  	-17.5737   	0.675995   
  2.8552  	-17.5334   	0.676649   
  2.8553  	-17.4933   	0.677294   
  2.8554  	-17.4534   	0.677928   
  2.8555  	-17.4136   	0.678552   
  2.8556  	-17.3741   	0.679166   
  2.8557  	-17.3347   	0.67977    
  2.8558  	-17.2955   	0.680364   
  2.8559  	-17.2565   	0.680949   
  2.856   	-17.2177   	0.681524   
  2.8561  	-17.1791   	0.682089   
  2.8562  	-17.1406   	0.682645   
  2.8563  	-17.1023   	0.683191   
  2.8564  	-17.0642   	0.683728   
  2.8565  	-17.0262   	0.684256   
  2.8566  	-16.9885   	0.684774   
  2.8567  	-16.9509   	0.685284   
  2.8568  	-16.9134   	0.685784   
  2.8569  	-16.8762   	0.686276   
  2.857   	-16.8391   	0.686758   
  2.8571  	-16.8021   	0.687232   
  2.8572  	-16.7654   	0.687697   
  2.8573  	-16.7288   	0.688153   
  2.8574  	-16.6923   	0.688601   
  2.8575  	-16.6561   	0.68904    
  2.8576  	-16.6199   	0.689471   
  2.8577  	-16.584    	0.689894   
  2.8578  	-16.5482   	0.690308   
  2.8579  	-16.5126   	0.690714   
  2.858   	-16.4771   	0.691112   
  2.8581  	-16.4417   	0.691501   
  2.8582  	-16.4066   	0.691883   
  2.8583  	-16.3716   	0.692257   
  2.8584  	-16.3367   	0.692623   
  2.8585  	-16.302    	0.692981   
  2.8586  	-16.2674   	0.693331   
  2.8587  	-16.233    	0.693673   
  2.8588  	-16.1987   	0.694008   
  2.8589  	-16.1646   	0.694336   
  2.859   	-16.1306   	0.694655   
  2.8591  	-16.0968   	0.694968   
  2.8592  	-16.0631   	0.695273   
  2.8593  	-16.0296   	0.695571   
  2.8594  	-15.9962   	0.695861   
  2.8595  	-15.9629   	0.696144   
  2.8596  	-15.9298   	0.696421   
  2.8597  	-15.8968   	0.69669    
  2.8598  	-15.864    	0.696952   
  2.8599  	-15.8313   	0.697207   
  2.86    	-15.7988   	0.697455   
  2.8601  	-15.7663   	0.697696   
  2.8602  	-15.7341   	0.697931   
  2.8603  	-15.7019   	0.698158   
  2.8604  	-15.6699   	0.69838    
  2.8605  	-15.638    	0.698594   
  2.8606  	-15.6063   	0.698802   
  2.8607  	-15.5746   	0.699003   
  2.8608  	-15.5431   	0.699198   
  2.8609  	-15.5118   	0.699387   
  2.861   	-15.4806   	0.699569   
  2.8611  	-15.4494   	0.699745   
  2.8612  	-15.4185   	0.699914   
  2.8613  	-15.3876   	0.700078   
  2.8614  	-15.3569   	0.700235   
  2.8615  	-15.3263   	0.700386   
  2.8616  	-15.2958   	0.700531   
  2.8617  	-15.2655   	0.70067    
  2.8618  	-15.2353   	0.700803   
  2.8619  	-15.2052   	0.70093    
  2.862   	-15.1752   	0.701051   
  2.8621  	-15.1453   	0.701167   
  2.8622  	-15.1156   	0.701277   
  2.8623  	-15.0859   	0.701381   
  2.8624  	-15.0564   	0.701479   
  2.8625  	-15.027    	0.701572   
  2.8626  	-14.9978   	0.701659   
  2.8627  	-14.9686   	0.70174    
  2.8628  	-14.9396   	0.701816   
  2.8629  	-14.9107   	0.701887   
  2.863   	-14.8818   	0.701952   
  2.8631  	-14.8532   	0.702012   
  2.8632  	-14.8246   	0.702067   
  2.8633  	-14.7961   	0.702116   
  2.8634  	-14.7677   	0.70216    
  2.8635  	-14.7395   	0.702199   
  2.8636  	-14.7113   	0.702233   
  2.8637  	-14.6833   	0.702261   
  2.8638  	-14.6554   	0.702285   
  2.8639  	-14.6276   	0.702303   
  2.864   	-14.5999   	0.702317   
  2.8641  	-14.5723   	0.702325   
  2.8642  	-14.5448   	0.702329   
  2.8643  	-14.5174   	0.702328   
  2.8644  	-14.4901   	0.702322   
  2.8645  	-14.4629   	0.702311   
  2.8646  	-14.4359   	0.702295   
  2.8647  	-14.4089   	0.702275   
  2.8648  	-14.382    	0.70225    
  2.8649  	-14.3553   	0.702221   
  2.865   	-14.3286   	0.702186   
  2.8651  	-14.302    	0.702148   
  2.8652  	-14.2756   	0.702104   
  2.8653  	-14.2492   	0.702057   
  2.8654  	-14.2229   	0.702004   
  2.8655  	-14.1968   	0.701948   
  2.8656  	-14.1707   	0.701887   
  2.8657  	-14.1447   	0.701821   
  2.8658  	-14.1189   	0.701752   
  2.8659  	-14.0931   	0.701678   
  2.866   	-14.0674   	0.7016     
  2.8661  	-14.0418   	0.701517   
  2.8662  	-14.0163   	0.701431   
  2.8663  	-13.9909   	0.70134    
  2.8664  	-13.9656   	0.701245   
  2.8665  	-13.9404   	0.701146   
  2.8666  	-13.9153   	0.701044   
  2.8667  	-13.8903   	0.700937   
  2.8668  	-13.8654   	0.700826   
  2.8669  	-13.8405   	0.700711   
  2.867   	-13.8158   	0.700592   
  2.8671  	-13.7911   	0.700469   
  2.8672  	-13.7665   	0.700343   
  2.8673  	-13.742    	0.700213   
  2.8674  	-13.7176   	0.700079   
  2.8675  	-13.6933   	0.699941   
  2.8676  	-13.6691   	0.699799   
  2.8677  	-13.645    	0.699654   
  2.8678  	-13.6209   	0.699505   
  2.8679  	-13.597    	0.699352   
  2.868   	-13.5731   	0.699196   
  2.8681  	-13.5493   	0.699036   
  2.8682  	-13.5256   	0.698873   
  2.8683  	-13.502    	0.698706   
  2.8684  	-13.4785   	0.698536   
  2.8685  	-13.455    	0.698362   
  2.8686  	-13.4316   	0.698185   
  2.8687  	-13.4084   	0.698004   
  2.8688  	-13.3852   	0.69782    
  2.8689  	-13.362    	0.697633   
  2.869   	-13.339    	0.697442   
  2.8691  	-13.316    	0.697248   
  2.8692  	-13.2931   	0.697051   
  2.8693  	-13.2703   	0.69685    
  2.8694  	-13.2476   	0.696647   
  2.8695  	-13.225    	0.69644    
  2.8696  	-13.2024   	0.69623    
  2.8697  	-13.1799   	0.696016   
  2.8698  	-13.1575   	0.6958     
  2.8699  	-13.1352   	0.695581   
  2.87    	-13.1129   	0.695358   
  2.8701  	-13.0908   	0.695133   
  2.8702  	-13.0687   	0.694904   
  2.8703  	-13.0466   	0.694672   
  2.8704  	-13.0247   	0.694438   
  2.8705  	-13.0028   	0.6942     
  2.8706  	-12.981    	0.69396    
  2.8707  	-12.9593   	0.693717   
  2.8708  	-12.9376   	0.693471   
  2.8709  	-12.916    	0.693222   
  2.871   	-12.8945   	0.69297    
  2.8711  	-12.8731   	0.692715   
  2.8712  	-12.8517   	0.692458   
  2.8713  	-12.8305   	0.692198   
  2.8714  	-12.8092   	0.691935   
  2.8715  	-12.7881   	0.691669   
  2.8716  	-12.767    	0.691401   
  2.8717  	-12.746    	0.69113    
  2.8718  	-12.7251   	0.690856   
  2.8719  	-12.7042   	0.69058    
  2.872   	-12.6834   	0.690301   
  2.8721  	-12.6627   	0.69002    
  2.8722  	-12.642    	0.689736   
  2.8723  	-12.6214   	0.68945    
  2.8724  	-12.6009   	0.689161   
  2.8725  	-12.5805   	0.688869   
  2.8726  	-12.5601   	0.688575   
  2.8727  	-12.5398   	0.688279   
  2.8728  	-12.5195   	0.68798    
  2.8729  	-12.4993   	0.687679   
  2.873   	-12.4792   	0.687375   
  2.8731  	-12.4591   	0.687069   
  2.8732  	-12.4391   	0.686761   
  2.8733  	-12.4192   	0.68645    
  2.8734  	-12.3994   	0.686137   
  2.8735  	-12.3796   	0.685822   
  2.8736  	-12.3598   	0.685505   
  2.8737  	-12.3402   	0.685185   
  2.8738  	-12.3205   	0.684863   
  2.8739  	-12.301    	0.684539   
  2.874   	-12.2815   	0.684212   
  2.8741  	-12.2621   	0.683884   
  2.8742  	-12.2427   	0.683553   
  2.8743  	-12.2235   	0.68322    
  2.8744  	-12.2042   	0.682885   
  2.8745  	-12.185    	0.682548   
  2.8746  	-12.1659   	0.682209   
  2.8747  	-12.1469   	0.681867   
  2.8748  	-12.1279   	0.681524   
  2.8749  	-12.109    	0.681179   
  2.875   	-12.0901   	0.680831   
  2.8751  	-12.0713   	0.680482   
  2.8752  	-12.0525   	0.680131   
  2.8753  	-12.0338   	0.679777   
  2.8754  	-12.0152   	0.679422   
  2.8755  	-11.9966   	0.679065   
  2.8756  	-11.9781   	0.678706   
  2.8757  	-11.9596   	0.678345   
  2.8758  	-11.9412   	0.677982   
  2.8759  	-11.9229   	0.677618   
  2.876   	-11.9046   	0.677251   
  2.8761  	-11.8864   	0.676883   
  2.8762  	-11.8682   	0.676512   
  2.8763  	-11.8501   	0.676141   
  2.8764  	-11.832    	0.675767   
  2.8765  	-11.814    	0.675391   
  2.8766  	-11.7961   	0.675014   
  2.8767  	-11.7782   	0.674635   
  2.8768  	-11.7603   	0.674254   
  2.8769  	-11.7425   	0.673872   
  2.877   	-11.7248   	0.673488   
  2.8771  	-11.7071   	0.673102   
  2.8772  	-11.6895   	0.672715   
  2.8773  	-11.6719   	0.672326   
  2.8774  	-11.6544   	0.671935   
  2.8775  	-11.6369   	0.671543   
  2.8776  	-11.6195   	0.671149   
  2.8777  	-11.6021   	0.670753   
  2.8778  	-11.5848   	0.670356   
  2.8779  	-11.5676   	0.669958   
  2.878   	-11.5504   	0.669557   
  2.8781  	-11.5332   	0.669156   
  2.8782  	-11.5161   	0.668753   
  2.8783  	-11.4991   	0.668348   
  2.8784  	-11.4821   	0.667942   
  2.8785  	-11.4651   	0.667534   
  2.8786  	-11.4482   	0.667125   
  2.8787  	-11.4314   	0.666715   
  2.8788  	-11.4146   	0.666303   
  2.8789  	-11.3978   	0.665889   
  2.879   	-11.3811   	0.665475   
  2.8791  	-11.3645   	0.665058   
  2.8792  	-11.3479   	0.664641   
  2.8793  	-11.3313   	0.664222   
  2.8794  	-11.3148   	0.663802   
  2.8795  	-11.2983   	0.66338    
  2.8796  	-11.2819   	0.662957   
  2.8797  	-11.2656   	0.662533   
  2.8798  	-11.2492   	0.662108   
  2.8799  	-11.233    	0.661681   
  2.88    	-11.2168   	0.661253   
  2.8801  	-11.2006   	0.660823   
  2.8802  	-11.1845   	0.660393   
  2.8803  	-11.1684   	0.659961   
  2.8804  	-11.1524   	0.659528   
  2.8805  	-11.1364   	0.659094   
  2.8806  	-11.1204   	0.658658   
  2.8807  	-11.1045   	0.658222   
  2.8808  	-11.0887   	0.657784   
  2.8809  	-11.0729   	0.657345   
  2.881   	-11.0571   	0.656905   
  2.8811  	-11.0414   	0.656464   
  2.8812  	-11.0257   	0.656021   
  2.8813  	-11.0101   	0.655578   
  2.8814  	-10.9945   	0.655133   
  2.8815  	-10.979    	0.654687   
  2.8816  	-10.9635   	0.65424    
  2.8817  	-10.9481   	0.653793   
  2.8818  	-10.9327   	0.653344   
  2.8819  	-10.9173   	0.652894   
  2.882   	-10.902    	0.652443   
  2.8821  	-10.8867   	0.651991   
  2.8822  	-10.8715   	0.651537   
  2.8823  	-10.8563   	0.651083   
  2.8824  	-10.8411   	0.650628   
  2.8825  	-10.826    	0.650172   
  2.8826  	-10.811    	0.649715   
  2.8827  	-10.796    	0.649257   
  2.8828  	-10.781    	0.648798   
  2.8829  	-10.766    	0.648338   
  2.883   	-10.7512   	0.647877   
  2.8831  	-10.7363   	0.647416   
  2.8832  	-10.7215   	0.646953   
  2.8833  	-10.7067   	0.646489   
  2.8834  	-10.692    	0.646025   
  2.8835  	-10.6773   	0.645559   
  2.8836  	-10.6626   	0.645093   
  2.8837  	-10.648    	0.644626   
  2.8838  	-10.6335   	0.644158   
  2.8839  	-10.6189   	0.643689   
  2.884   	-10.6044   	0.643219   
  2.8841  	-10.59     	0.642749   
  2.8842  	-10.5756   	0.642277   
  2.8843  	-10.5612   	0.641805   
  2.8844  	-10.5469   	0.641332   
  2.8845  	-10.5326   	0.640859   
  2.8846  	-10.5183   	0.640384   
  2.8847  	-10.5041   	0.639909   
  2.8848  	-10.4899   	0.639433   
  2.8849  	-10.4758   	0.638956   
  2.885   	-10.4617   	0.638478   
  2.8851  	-10.4476   	0.638      
  2.8852  	-10.4336   	0.637521   
  2.8853  	-10.4196   	0.637041   
  2.8854  	-10.4056   	0.636561   
  2.8855  	-10.3917   	0.63608    
  2.8856  	-10.3778   	0.635598   
  2.8857  	-10.364    	0.635115   
  2.8858  	-10.3502   	0.634632   
  2.8859  	-10.3364   	0.634148   
  2.886   	-10.3227   	0.633664   
  2.8861  	-10.309    	0.633178   
  2.8862  	-10.2953   	0.632693   
  2.8863  	-10.2817   	0.632206   
  2.8864  	-10.2681   	0.631719   
  2.8865  	-10.2546   	0.631231   
  2.8866  	-10.2411   	0.630743   
  2.8867  	-10.2276   	0.630254   
  2.8868  	-10.2141   	0.629764   
  2.8869  	-10.2007   	0.629274   
  2.887   	-10.1874   	0.628783   
  2.8871  	-10.174    	0.628292   
  2.8872  	-10.1607   	0.6278     
  2.8873  	-10.1474   	0.627308   
  2.8874  	-10.1342   	0.626815   
  2.8875  	-10.121    	0.626321   
  2.8876  	-10.1078   	0.625827   
  2.8877  	-10.0947   	0.625333   
  2.8878  	-10.0816   	0.624838   
  2.8879  	-10.0685   	0.624342   
  2.888   	-10.0555   	0.623846   
  2.8881  	-10.0425   	0.623349   
  2.8882  	-10.0295   	0.622852   
  2.8883  	-10.0166   	0.622355   
  2.8884  	-10.0037   	0.621857   
  2.8885  	-9.99085   	0.621358   
  2.8886  	-9.97802   	0.620859   
  2.8887  	-9.96522   	0.62036    
  2.8888  	-9.95245   	0.61986    
  2.8889  	-9.93971   	0.619359   
  2.889   	-9.92701   	0.618859   
  2.8891  	-9.91434   	0.618357   
  2.8892  	-9.9017    	0.617856   
  2.8893  	-9.88909   	0.617354   
  2.8894  	-9.87652   	0.616851   
  2.8895  	-9.86397   	0.616348   
  2.8896  	-9.85146   	0.615845   
  2.8897  	-9.83898   	0.615341   
  2.8898  	-9.82653   	0.614837   
  2.8899  	-9.81411   	0.614333   
  2.89    	-9.80173   	0.613828   
  2.8901  	-9.78937   	0.613323   
  2.8902  	-9.77704   	0.612817   
  2.8903  	-9.76475   	0.612312   
  2.8904  	-9.75249   	0.611805   
  2.8905  	-9.74025   	0.611299   
  2.8906  	-9.72805   	0.610792   
  2.8907  	-9.71588   	0.610285   
  2.8908  	-9.70373   	0.609777   
  2.8909  	-9.69162   	0.609269   
  2.891   	-9.67954   	0.608761   
  2.8911  	-9.66748   	0.608253   
  2.8912  	-9.65546   	0.607744   
  2.8913  	-9.64347   	0.607235   
  2.8914  	-9.6315    	0.606726   
  2.8915  	-9.61957   	0.606216   
  2.8916  	-9.60766   	0.605706   
  2.8917  	-9.59578   	0.605196   
  2.8918  	-9.58394   	0.604686   
  2.8919  	-9.57212   	0.604175   
  2.892   	-9.56033   	0.603664   
  2.8921  	-9.54857   	0.603153   
  2.8922  	-9.53683   	0.602641   
  2.8923  	-9.52513   	0.60213    
  2.8924  	-9.51345   	0.601618   
  2.8925  	-9.5018    	0.601106   
  2.8926  	-9.49018   	0.600593   
  2.8927  	-9.47859   	0.600081   
  2.8928  	-9.46703   	0.599568   
  2.8929  	-9.45549   	0.599055   
  2.893   	-9.44398   	0.598542   
  2.8931  	-9.4325    	0.598029   
  2.8932  	-9.42105   	0.597515   
  2.8933  	-9.40962   	0.597002   
  2.8934  	-9.39822   	0.596488   
  2.8935  	-9.38685   	0.595974   
  2.8936  	-9.37551   	0.595459   
  2.8937  	-9.36419   	0.594945   
  2.8938  	-9.3529    	0.59443    
  2.8939  	-9.34164   	0.593916   
  2.894   	-9.3304    	0.593401   
  2.8941  	-9.31919   	0.592886   
  2.8942  	-9.308     	0.592371   
  2.8943  	-9.29685   	0.591856   
  2.8944  	-9.28571   	0.59134    
  2.8945  	-9.27461   	0.590825   
  2.8946  	-9.26353   	0.590309   
  2.8947  	-9.25248   	0.589793   
  2.8948  	-9.24145   	0.589277   
  2.8949  	-9.23045   	0.588761   
  2.895   	-9.21947   	0.588245   
  2.8951  	-9.20852   	0.587729   
  2.8952  	-9.1976    	0.587213   
  2.8953  	-9.1867    	0.586697   
  2.8954  	-9.17583   	0.58618    
  2.8955  	-9.16498   	0.585664   
  2.8956  	-9.15415   	0.585147   
  2.8957  	-9.14336   	0.58463    
  2.8958  	-9.13258   	0.584114   
  2.8959  	-9.12183   	0.583597   
  2.896   	-9.11111   	0.58308    
  2.8961  	-9.10041   	0.582563   
  2.8962  	-9.08974   	0.582046   
  2.8963  	-9.07909   	0.581529   
  2.8964  	-9.06846   	0.581012   
  2.8965  	-9.05786   	0.580495   
  2.8966  	-9.04729   	0.579978   
  2.8967  	-9.03673   	0.579461   
  2.8968  	-9.02621   	0.578944   
  2.8969  	-9.0157    	0.578426   
  2.897   	-9.00522   	0.577909   
  2.8971  	-8.99476   	0.577392   
  2.8972  	-8.98433   	0.576875   
  2.8973  	-8.97392   	0.576358   
  2.8974  	-8.96354   	0.57584    
  2.8975  	-8.95318   	0.575323   
  2.8976  	-8.94284   	0.574806   
  2.8977  	-8.93252   	0.574289   
  2.8978  	-8.92223   	0.573771   
  2.8979  	-8.91196   	0.573254   
  2.898   	-8.90172   	0.572737   
  2.8981  	-8.89149   	0.57222    
  2.8982  	-8.88129   	0.571703   
  2.8983  	-8.87112   	0.571186   
  2.8984  	-8.86096   	0.570669   
  2.8985  	-8.85083   	0.570152   
  2.8986  	-8.84072   	0.569635   
  2.8987  	-8.83064   	0.569118   
  2.8988  	-8.82057   	0.568601   
  2.8989  	-8.81053   	0.568084   
  2.899   	-8.80051   	0.567567   
  2.8991  	-8.79052   	0.567051   
  2.8992  	-8.78054   	0.566534   
  2.8993  	-8.77059   	0.566017   
  2.8994  	-8.76066   	0.565501   
  2.8995  	-8.75075   	0.564985   
  2.8996  	-8.74086   	0.564468   
  2.8997  	-8.731     	0.563952   
  2.8998  	-8.72116   	0.563436   
  2.8999  	-8.71133   	0.56292    
  2.9     	-8.70153   	0.562404   
  2.9001  	-8.69175   	0.561888   
  2.9002  	-8.682     	0.561372   
  2.9003  	-8.67226   	0.560856   
  2.9004  	-8.66255   	0.56034    
  2.9005  	-8.65285   	0.559825   
  2.9006  	-8.64318   	0.55931    
  2.9007  	-8.63353   	0.558794   
  2.9008  	-8.6239    	0.558279   
  2.9009  	-8.61429   	0.557764   
  2.901   	-8.6047    	0.557249   
  2.9011  	-8.59513   	0.556734   
  2.9012  	-8.58559   	0.556219   
  2.9013  	-8.57606   	0.555705   
  2.9014  	-8.56655   	0.55519    
  2.9015  	-8.55707   	0.554676   
  2.9016  	-8.5476    	0.554162   
  2.9017  	-8.53816   	0.553648   
  2.9018  	-8.52873   	0.553134   
  2.9019  	-8.51933   	0.55262    
  2.902   	-8.50995   	0.552107   
  2.9021  	-8.50058   	0.551593   
  2.9022  	-8.49124   	0.55108    
  2.9023  	-8.48191   	0.550567   
  2.9024  	-8.47261   	0.550054   
  2.9025  	-8.46332   	0.549541   
  2.9026  	-8.45406   	0.549028   
  2.9027  	-8.44481   	0.548516   
  2.9028  	-8.43559   	0.548003   
  2.9029  	-8.42638   	0.547491   
  2.903   	-8.4172    	0.546979   
  2.9031  	-8.40803   	0.546467   
  2.9032  	-8.39888   	0.545956   
  2.9033  	-8.38975   	0.545444   
  2.9034  	-8.38064   	0.544933   
  2.9035  	-8.37155   	0.544422   
  2.9036  	-8.36248   	0.543911   
  2.9037  	-8.35343   	0.5434     
  2.9038  	-8.3444    	0.54289    
  2.9039  	-8.33538   	0.54238    
  2.904   	-8.32639   	0.54187    
  2.9041  	-8.31741   	0.54136    
  2.9042  	-8.30845   	0.54085    
  2.9043  	-8.29952   	0.540341   
  2.9044  	-8.29059   	0.539831   
  2.9045  	-8.28169   	0.539322   
  2.9046  	-8.27281   	0.538813   
  2.9047  	-8.26394   	0.538305   
  2.9048  	-8.2551    	0.537796   
  2.9049  	-8.24627   	0.537288   
  2.905   	-8.23746   	0.53678    
  2.9051  	-8.22867   	0.536272   
  2.9052  	-8.21989   	0.535765   
  2.9053  	-8.21114   	0.535257   
  2.9054  	-8.2024    	0.53475    
  2.9055  	-8.19368   	0.534244   
  2.9056  	-8.18498   	0.533737   
  2.9057  	-8.17629   	0.533231   
  2.9058  	-8.16763   	0.532724   
  2.9059  	-8.15898   	0.532219   
  2.906   	-8.15035   	0.531713   
  2.9061  	-8.14174   	0.531207   
  2.9062  	-8.13314   	0.530702   
  2.9063  	-8.12456   	0.530197   
  2.9064  	-8.116     	0.529693   
  2.9065  	-8.10746   	0.529188   
  2.9066  	-8.09893   	0.528684   
  2.9067  	-8.09042   	0.52818    
  2.9068  	-8.08193   	0.527677   
  2.9069  	-8.07346   	0.527173   
  2.907   	-8.065     	0.52667    
  2.9071  	-8.05656   	0.526167   
  2.9072  	-8.04814   	0.525665   
  2.9073  	-8.03973   	0.525162   
  2.9074  	-8.03134   	0.52466    
  2.9075  	-8.02297   	0.524159   
  2.9076  	-8.01461   	0.523657   
  2.9077  	-8.00627   	0.523156   
  2.9078  	-7.99795   	0.522655   
  2.9079  	-7.98965   	0.522154   
  2.908   	-7.98136   	0.521654   
  2.9081  	-7.97309   	0.521154   
  2.9082  	-7.96483   	0.520654   
  2.9083  	-7.95659   	0.520154   
  2.9084  	-7.94837   	0.519655   
  2.9085  	-7.94016   	0.519156   
  2.9086  	-7.93197   	0.518657   
  2.9087  	-7.92379   	0.518159   
  2.9088  	-7.91564   	0.517661   
  2.9089  	-7.90749   	0.517163   
  2.909   	-7.89937   	0.516666   
  2.9091  	-7.89126   	0.516168   
  2.9092  	-7.88316   	0.515671   
  2.9093  	-7.87509   	0.515175   
  2.9094  	-7.86702   	0.514679   
  2.9095  	-7.85898   	0.514183   
  2.9096  	-7.85095   	0.513687   
  2.9097  	-7.84293   	0.513191   
  2.9098  	-7.83493   	0.512696   
  2.9099  	-7.82695   	0.512202   
  2.91    	-7.81898   	0.511707   
  2.9101  	-7.81103   	0.511213   
  2.9102  	-7.80309   	0.510719   
  2.9103  	-7.79517   	0.510226   
  2.9104  	-7.78727   	0.509732   
  2.9105  	-7.77938   	0.50924    
  2.9106  	-7.7715    	0.508747   
  2.9107  	-7.76364   	0.508255   
  2.9108  	-7.7558    	0.507763   
  2.9109  	-7.74797   	0.507271   
  2.911   	-7.74015   	0.50678    
  2.9111  	-7.73235   	0.506289   
  2.9112  	-7.72457   	0.505799   
  2.9113  	-7.7168    	0.505308   
  2.9114  	-7.70904   	0.504818   
  2.9115  	-7.7013    	0.504329   
  2.9116  	-7.69358   	0.503839   
  2.9117  	-7.68587   	0.50335    
  2.9118  	-7.67817   	0.502862   
  2.9119  	-7.67049   	0.502374   
  2.912   	-7.66283   	0.501886   
  2.9121  	-7.65518   	0.501398   
  2.9122  	-7.64754   	0.500911   
  2.9123  	-7.63992   	0.500424   
  2.9124  	-7.63231   	0.499937   
  2.9125  	-7.62472   	0.499451   
  2.9126  	-7.61714   	0.498965   
  2.9127  	-7.60958   	0.49848    
  2.9128  	-7.60203   	0.497995   
  2.9129  	-7.59449   	0.49751    
  2.913   	-7.58697   	0.497025   
  2.9131  	-7.57946   	0.496541   
  2.9132  	-7.57197   	0.496057   
  2.9133  	-7.56449   	0.495574   
  2.9134  	-7.55703   	0.495091   
  2.9135  	-7.54958   	0.494608   
  2.9136  	-7.54214   	0.494126   
  2.9137  	-7.53472   	0.493644   
  2.9138  	-7.52731   	0.493162   
  2.9139  	-7.51991   	0.492681   
  2.914   	-7.51253   	0.4922     
  2.9141  	-7.50516   	0.491719   
  2.9142  	-7.49781   	0.491239   
  2.9143  	-7.49047   	0.490759   
  2.9144  	-7.48315   	0.49028    
  2.9145  	-7.47583   	0.489801   
  2.9146  	-7.46853   	0.489322   
  2.9147  	-7.46125   	0.488844   
  2.9148  	-7.45398   	0.488366   
  2.9149  	-7.44672   	0.487888   
  2.915   	-7.43947   	0.487411   
  2.9151  	-7.43224   	0.486934   
  2.9152  	-7.42502   	0.486457   
  2.9153  	-7.41782   	0.485981   
  2.9154  	-7.41063   	0.485505   
  2.9155  	-7.40345   	0.48503    
  2.9156  	-7.39628   	0.484555   
  2.9157  	-7.38913   	0.48408    
  2.9158  	-7.38199   	0.483606   
  2.9159  	-7.37487   	0.483132   
  2.916   	-7.36776   	0.482659   
  2.9161  	-7.36066   	0.482186   
  2.9162  	-7.35357   	0.481713   
  2.9163  	-7.3465    	0.48124    
  2.9164  	-7.33944   	0.480768   
  2.9165  	-7.33239   	0.480297   
  2.9166  	-7.32535   	0.479826   
  2.9167  	-7.31833   	0.479355   
  2.9168  	-7.31132   	0.478884   
  2.9169  	-7.30432   	0.478414   
  2.917   	-7.29734   	0.477945   
  2.9171  	-7.29037   	0.477475   
  2.9172  	-7.28341   	0.477006   
  2.9173  	-7.27646   	0.476538   
  2.9174  	-7.26953   	0.47607    
  2.9175  	-7.26261   	0.475602   
  2.9176  	-7.2557    	0.475135   
  2.9177  	-7.24881   	0.474668   
  2.9178  	-7.24192   	0.474201   
  2.9179  	-7.23505   	0.473735   
  2.918   	-7.22819   	0.473269   
  2.9181  	-7.22135   	0.472804   
  2.9182  	-7.21451   	0.472339   
  2.9183  	-7.20769   	0.471874   
  2.9184  	-7.20088   	0.47141    
  2.9185  	-7.19408   	0.470946   
  2.9186  	-7.1873    	0.470483   
  2.9187  	-7.18052   	0.47002    
  2.9188  	-7.17376   	0.469557   
  2.9189  	-7.16701   	0.469095   
  2.919   	-7.16027   	0.468633   
  2.9191  	-7.15355   	0.468172   
  2.9192  	-7.14683   	0.467711   
  2.9193  	-7.14013   	0.46725    
  2.9194  	-7.13344   	0.46679    
  2.9195  	-7.12677   	0.46633    
  2.9196  	-7.1201    	0.465871   
  2.9197  	-7.11345   	0.465412   
  2.9198  	-7.1068    	0.464953   
  2.9199  	-7.10017   	0.464495   
  2.92    	-7.09355   	0.464038   
  2.9201  	-7.08695   	0.46358    
  2.9202  	-7.08035   	0.463123   
  2.9203  	-7.07376   	0.462667   
  2.9204  	-7.06719   	0.462211   
  2.9205  	-7.06063   	0.461755   
  2.9206  	-7.05408   	0.461299   
  2.9207  	-7.04754   	0.460845   
  2.9208  	-7.04102   	0.46039    
  2.9209  	-7.0345    	0.459936   
  2.921   	-7.028     	0.459482   
  2.9211  	-7.0215    	0.459029   
  2.9212  	-7.01502   	0.458576   
  2.9213  	-7.00855   	0.458124   
  2.9214  	-7.00209   	0.457672   
  2.9215  	-6.99565   	0.45722    
  2.9216  	-6.98921   	0.456769   
  2.9217  	-6.98278   	0.456318   
  2.9218  	-6.97637   	0.455868   
  2.9219  	-6.96997   	0.455418   
  2.922   	-6.96357   	0.454968   
  2.9221  	-6.95719   	0.454519   
  2.9222  	-6.95082   	0.45407    
  2.9223  	-6.94446   	0.453622   
  2.9224  	-6.93811   	0.453174   
  2.9225  	-6.93178   	0.452727   
  2.9226  	-6.92545   	0.45228    
  2.9227  	-6.91914   	0.451833   
  2.9228  	-6.91283   	0.451387   
  2.9229  	-6.90654   	0.450941   
  2.923   	-6.90025   	0.450495   
  2.9231  	-6.89398   	0.450051   
  2.9232  	-6.88772   	0.449606   
  2.9233  	-6.88147   	0.449162   
  2.9234  	-6.87523   	0.448718   
  2.9235  	-6.869     	0.448275   
  2.9236  	-6.86278   	0.447832   
  2.9237  	-6.85657   	0.44739    
  2.9238  	-6.85037   	0.446948   
  2.9239  	-6.84419   	0.446506   
  2.924   	-6.83801   	0.446065   
  2.9241  	-6.83184   	0.445624   
  2.9242  	-6.82569   	0.445184   
  2.9243  	-6.81954   	0.444744   
  2.9244  	-6.8134    	0.444304   
  2.9245  	-6.80728   	0.443865   
  2.9246  	-6.80116   	0.443426   
  2.9247  	-6.79506   	0.442988   
  2.9248  	-6.78897   	0.44255    
  2.9249  	-6.78288   	0.442113   
  2.925   	-6.77681   	0.441676   
  2.9251  	-6.77075   	0.44124    
  2.9252  	-6.76469   	0.440803   
  2.9253  	-6.75865   	0.440368   
  2.9254  	-6.75262   	0.439932   
  2.9255  	-6.74659   	0.439498   
  2.9256  	-6.74058   	0.439063   
  2.9257  	-6.73458   	0.438629   
  2.9258  	-6.72858   	0.438196   
  2.9259  	-6.7226    	0.437763   
  2.926   	-6.71663   	0.43733    
  2.9261  	-6.71067   	0.436898   
  2.9262  	-6.70471   	0.436466   
  2.9263  	-6.69877   	0.436034   
  2.9264  	-6.69284   	0.435603   
  2.9265  	-6.68691   	0.435173   
  2.9266  	-6.681     	0.434743   
  2.9267  	-6.67509   	0.434313   
  2.9268  	-6.6692    	0.433884   
  2.9269  	-6.66332   	0.433455   
  2.927   	-6.65744   	0.433026   
  2.9271  	-6.65158   	0.432598   
  2.9272  	-6.64572   	0.432171   
  2.9273  	-6.63987   	0.431743   
  2.9274  	-6.63404   	0.431317   
  2.9275  	-6.62821   	0.43089    
  2.9276  	-6.62239   	0.430465   
  2.9277  	-6.61659   	0.430039   
  2.9278  	-6.61079   	0.429614   
  2.9279  	-6.605     	0.42919    
  2.928   	-6.59922   	0.428765   
  2.9281  	-6.59345   	0.428342   
  2.9282  	-6.58769   	0.427918   
  2.9283  	-6.58194   	0.427495   
  2.9284  	-6.5762    	0.427073   
  2.9285  	-6.57047   	0.426651   
  2.9286  	-6.56474   	0.426229   
  2.9287  	-6.55903   	0.425808   
  2.9288  	-6.55333   	0.425388   
  2.9289  	-6.54763   	0.424967   
  2.929   	-6.54194   	0.424547   
  2.9291  	-6.53627   	0.424128   
  2.9292  	-6.5306    	0.423709   
  2.9293  	-6.52494   	0.42329    
  2.9294  	-6.51929   	0.422872   
  2.9295  	-6.51365   	0.422455   
  2.9296  	-6.50802   	0.422037   
  2.9297  	-6.5024    	0.42162    
  2.9298  	-6.49679   	0.421204   
  2.9299  	-6.49118   	0.420788   
  2.93    	-6.48559   	0.420372   
  2.9301  	-6.48      	0.419957   
  2.9302  	-6.47443   	0.419542   
  2.9303  	-6.46886   	0.419128   
  2.9304  	-6.4633    	0.418714   
  2.9305  	-6.45775   	0.418301   
  2.9306  	-6.45221   	0.417888   
  2.9307  	-6.44667   	0.417475   
  2.9308  	-6.44115   	0.417063   
  2.9309  	-6.43564   	0.416652   
  2.931   	-6.43013   	0.41624    
  2.9311  	-6.42463   	0.415829   
  2.9312  	-6.41914   	0.415419   
  2.9313  	-6.41366   	0.415009   
  2.9314  	-6.40819   	0.414599   
  2.9315  	-6.40273   	0.41419    
  2.9316  	-6.39728   	0.413782   
  2.9317  	-6.39183   	0.413373   
  2.9318  	-6.38639   	0.412966   
  2.9319  	-6.38096   	0.412558   
  2.932   	-6.37555   	0.412151   
  2.9321  	-6.37013   	0.411745   
  2.9322  	-6.36473   	0.411338   
  2.9323  	-6.35934   	0.410933   
  2.9324  	-6.35395   	0.410528   
  2.9325  	-6.34858   	0.410123   
  2.9326  	-6.34321   	0.409718   
  2.9327  	-6.33785   	0.409314   
  2.9328  	-6.33249   	0.408911   
  2.9329  	-6.32715   	0.408508   
  2.933   	-6.32182   	0.408105   
  2.9331  	-6.31649   	0.407703   
  2.9332  	-6.31117   	0.407301   
  2.9333  	-6.30586   	0.406899   
  2.9334  	-6.30056   	0.406499   
  2.9335  	-6.29526   	0.406098   
  2.9336  	-6.28998   	0.405698   
  2.9337  	-6.2847    	0.405298   
  2.9338  	-6.27943   	0.404899   
  2.9339  	-6.27417   	0.4045     
  2.934   	-6.26892   	0.404102   
  2.9341  	-6.26368   	0.403704   
  2.9342  	-6.25844   	0.403306   
  2.9343  	-6.25321   	0.402909   
  2.9344  	-6.24799   	0.402512   
  2.9345  	-6.24278   	0.402116   
  2.9346  	-6.23757   	0.40172    
  2.9347  	-6.23238   	0.401325   
  2.9348  	-6.22719   	0.40093    
  2.9349  	-6.22201   	0.400535   
  2.935   	-6.21684   	0.400141   
  2.9351  	-6.21167   	0.399747   
  2.9352  	-6.20652   	0.399354   
  2.9353  	-6.20137   	0.398961   
  2.9354  	-6.19623   	0.398569   
  2.9355  	-6.1911    	0.398177   
  2.9356  	-6.18597   	0.397785   
  2.9357  	-6.18085   	0.397394   
  2.9358  	-6.17575   	0.397003   
  2.9359  	-6.17064   	0.396613   
  2.936   	-6.16555   	0.396223   
  2.9361  	-6.16046   	0.395834   
  2.9362  	-6.15539   	0.395445   
  2.9363  	-6.15032   	0.395056   
  2.9364  	-6.14525   	0.394668   
  2.9365  	-6.1402    	0.39428    
  2.9366  	-6.13515   	0.393893   
  2.9367  	-6.13011   	0.393506   
  2.9368  	-6.12508   	0.39312    
  2.9369  	-6.12006   	0.392734   
  2.937   	-6.11504   	0.392348   
  2.9371  	-6.11003   	0.391963   
  2.9372  	-6.10503   	0.391578   
  2.9373  	-6.10003   	0.391194   
  2.9374  	-6.09505   	0.39081    
  2.9375  	-6.09007   	0.390426   
  2.9376  	-6.0851    	0.390043   
  2.9377  	-6.08013   	0.38966    
  2.9378  	-6.07518   	0.389278   
  2.9379  	-6.07023   	0.388896   
  2.938   	-6.06529   	0.388515   
  2.9381  	-6.06035   	0.388134   
  2.9382  	-6.05542   	0.387753   
  2.9383  	-6.0505    	0.387373   
  2.9384  	-6.04559   	0.386993   
  2.9385  	-6.04069   	0.386614   
  2.9386  	-6.03579   	0.386235   
  2.9387  	-6.0309    	0.385857   
  2.9388  	-6.02602   	0.385479   
  2.9389  	-6.02114   	0.385101   
  2.939   	-6.01627   	0.384724   
  2.9391  	-6.01141   	0.384347   
  2.9392  	-6.00656   	0.383971   
  2.9393  	-6.00171   	0.383595   
  2.9394  	-5.99687   	0.383219   
  2.9395  	-5.99204   	0.382844   
  2.9396  	-5.98721   	0.38247    
  2.9397  	-5.9824    	0.382095   
  2.9398  	-5.97759   	0.381722   
  2.9399  	-5.97278   	0.381348   
  2.94    	-5.96798   	0.380975   
  2.9401  	-5.96319   	0.380603   
  2.9402  	-5.95841   	0.38023    
  2.9403  	-5.95364   	0.379859   
  2.9404  	-5.94887   	0.379487   
  2.9405  	-5.94411   	0.379116   
  2.9406  	-5.93935   	0.378746   
  2.9407  	-5.9346    	0.378376   
  2.9408  	-5.92986   	0.378006   
  2.9409  	-5.92513   	0.377637   
  2.941   	-5.9204    	0.377268   
  2.9411  	-5.91568   	0.376899   
  2.9412  	-5.91097   	0.376531   
  2.9413  	-5.90626   	0.376164   
  2.9414  	-5.90157   	0.375797   
  2.9415  	-5.89687   	0.37543    
  2.9416  	-5.89219   	0.375063   
  2.9417  	-5.88751   	0.374698   
  2.9418  	-5.88284   	0.374332   
  2.9419  	-5.87817   	0.373967   
  2.942   	-5.87351   	0.373602   
  2.9421  	-5.86886   	0.373238   
  2.9422  	-5.86422   	0.372874   
  2.9423  	-5.85958   	0.37251    
  2.9424  	-5.85495   	0.372147   
  2.9425  	-5.85032   	0.371785   
  2.9426  	-5.84571   	0.371423   
  2.9427  	-5.84109   	0.371061   
  2.9428  	-5.83649   	0.370699   
  2.9429  	-5.83189   	0.370338   
  2.943   	-5.8273    	0.369978   
  2.9431  	-5.82272   	0.369617   
  2.9432  	-5.81814   	0.369258   
  2.9433  	-5.81357   	0.368898   
  2.9434  	-5.809     	0.368539   
  2.9435  	-5.80444   	0.368181   
  2.9436  	-5.79989   	0.367823   
  2.9437  	-5.79535   	0.367465   
  2.9438  	-5.79081   	0.367108   
  2.9439  	-5.78627   	0.366751   
  2.944   	-5.78175   	0.366394   
  2.9441  	-5.77723   	0.366038   
  2.9442  	-5.77272   	0.365682   
  2.9443  	-5.76821   	0.365327   
  2.9444  	-5.76371   	0.364972   
  2.9445  	-5.75922   	0.364618   
  2.9446  	-5.75473   	0.364263   
  2.9447  	-5.75025   	0.36391    
  2.9448  	-5.74577   	0.363557   
  2.9449  	-5.74131   	0.363204   
  2.945   	-5.73684   	0.362851   
  2.9451  	-5.73239   	0.362499   
  2.9452  	-5.72794   	0.362147   
  2.9453  	-5.7235    	0.361796   
  2.9454  	-5.71906   	0.361445   
  2.9455  	-5.71463   	0.361095   
  2.9456  	-5.71021   	0.360745   
  2.9457  	-5.70579   	0.360395   
  2.9458  	-5.70138   	0.360046   
  2.9459  	-5.69697   	0.359697   
  2.946   	-5.69257   	0.359349   
  2.9461  	-5.68818   	0.359001   
  2.9462  	-5.68379   	0.358653   
  2.9463  	-5.67941   	0.358306   
  2.9464  	-5.67504   	0.357959   
  2.9465  	-5.67067   	0.357612   
  2.9466  	-5.66631   	0.357266   
  2.9467  	-5.66195   	0.356921   
  2.9468  	-5.6576    	0.356575   
  2.9469  	-5.65326   	0.356231   
  2.947   	-5.64892   	0.355886   
  2.9471  	-5.64459   	0.355542   
  2.9472  	-5.64026   	0.355198   
  2.9473  	-5.63594   	0.354855   
  2.9474  	-5.63163   	0.354512   
  2.9475  	-5.62732   	0.35417    
  2.9476  	-5.62302   	0.353828   
  2.9477  	-5.61872   	0.353486   
  2.9478  	-5.61443   	0.353145   
  2.9479  	-5.61015   	0.352804   
  2.948   	-5.60587   	0.352463   
  2.9481  	-5.6016    	0.352123   
  2.9482  	-5.59733   	0.351784   
  2.9483  	-5.59307   	0.351444   
  2.9484  	-5.58882   	0.351105   
  2.9485  	-5.58457   	0.350767   
  2.9486  	-5.58033   	0.350429   
  2.9487  	-5.57609   	0.350091   
  2.9488  	-5.57186   	0.349754   
  2.9489  	-5.56764   	0.349417   
  2.949   	-5.56342   	0.34908    
  2.9491  	-5.55921   	0.348744   
  2.9492  	-5.555     	0.348408   
  2.9493  	-5.5508    	0.348073   
  2.9494  	-5.5466    	0.347738   
  2.9495  	-5.54241   	0.347403   
  2.9496  	-5.53823   	0.347069   
  2.9497  	-5.53405   	0.346735   
  2.9498  	-5.52987   	0.346401   
  2.9499  	-5.52571   	0.346068   
  2.95    	-5.52155   	0.345736   
  2.9501  	-5.51739   	0.345403   
  2.9502  	-5.51324   	0.345071   
  2.9503  	-5.5091    	0.34474    
  2.9504  	-5.50496   	0.344409   
  2.9505  	-5.50082   	0.344078   
  2.9506  	-5.4967    	0.343748   
  2.9507  	-5.49257   	0.343418   
  2.9508  	-5.48846   	0.343088   
  2.9509  	-5.48435   	0.342759   
  2.951   	-5.48024   	0.34243    
  2.9511  	-5.47614   	0.342102   
  2.9512  	-5.47205   	0.341774   
  2.9513  	-5.46796   	0.341446   
  2.9514  	-5.46388   	0.341119   
  2.9515  	-5.4598    	0.340792   
  2.9516  	-5.45573   	0.340465   
  2.9517  	-5.45166   	0.340139   
  2.9518  	-5.4476    	0.339813   
  2.9519  	-5.44355   	0.339488   
  2.952   	-5.4395    	0.339163   
  2.9521  	-5.43545   	0.338838   
  2.9522  	-5.43141   	0.338514   
  2.9523  	-5.42738   	0.33819    
  2.9524  	-5.42335   	0.337867   
  2.9525  	-5.41933   	0.337544   
  2.9526  	-5.41531   	0.337221   
  2.9527  	-5.4113    	0.336899   
  2.9528  	-5.40729   	0.336577   
  2.9529  	-5.40329   	0.336255   
  2.953   	-5.39929   	0.335934   
  2.9531  	-5.3953    	0.335613   
  2.9532  	-5.39132   	0.335292   
  2.9533  	-5.38734   	0.334972   
  2.9534  	-5.38336   	0.334653   
  2.9535  	-5.37939   	0.334333   
  2.9536  	-5.37543   	0.334014   
  2.9537  	-5.37147   	0.333696   
  2.9538  	-5.36752   	0.333377   
  2.9539  	-5.36357   	0.33306    
  2.954   	-5.35963   	0.332742   
  2.9541  	-5.35569   	0.332425   
  2.9542  	-5.35176   	0.332108   
  2.9543  	-5.34783   	0.331792   
  2.9544  	-5.34391   	0.331476   
  2.9545  	-5.33999   	0.33116    
  2.9546  	-5.33608   	0.330845   
  2.9547  	-5.33217   	0.33053    
  2.9548  	-5.32827   	0.330216   
  2.9549  	-5.32437   	0.329902   
  2.955   	-5.32048   	0.329588   
  2.9551  	-5.3166    	0.329275   
  2.9552  	-5.31272   	0.328962   
  2.9553  	-5.30884   	0.328649   
  2.9554  	-5.30497   	0.328337   
  2.9555  	-5.30111   	0.328025   
  2.9556  	-5.29724   	0.327713   
  2.9557  	-5.29339   	0.327402   
  2.9558  	-5.28954   	0.327091   
  2.9559  	-5.28569   	0.326781   
  2.956   	-5.28185   	0.326471   
  2.9561  	-5.27802   	0.326161   
  2.9562  	-5.27419   	0.325852   
  2.9563  	-5.27036   	0.325543   
  2.9564  	-5.26654   	0.325234   
  2.9565  	-5.26273   	0.324926   
  2.9566  	-5.25892   	0.324618   
  2.9567  	-5.25511   	0.32431    
  2.9568  	-5.25131   	0.324003   
  2.9569  	-5.24752   	0.323696   
  2.957   	-5.24373   	0.32339    
  2.9571  	-5.23994   	0.323084   
  2.9572  	-5.23616   	0.322778   
  2.9573  	-5.23238   	0.322473   
  2.9574  	-5.22861   	0.322168   
  2.9575  	-5.22485   	0.321863   
  2.9576  	-5.22109   	0.321559   
  2.9577  	-5.21733   	0.321255   
  2.9578  	-5.21358   	0.320951   
  2.9579  	-5.20983   	0.320648   
  2.958   	-5.20609   	0.320345   
  2.9581  	-5.20236   	0.320043   
  2.9582  	-5.19862   	0.319741   
  2.9583  	-5.1949    	0.319439   
  2.9584  	-5.19117   	0.319137   
  2.9585  	-5.18746   	0.318836   
  2.9586  	-5.18374   	0.318536   
  2.9587  	-5.18004   	0.318235   
  2.9588  	-5.17633   	0.317935   
  2.9589  	-5.17263   	0.317636   
  2.959   	-5.16894   	0.317336   
  2.9591  	-5.16525   	0.317038   
  2.9592  	-5.16157   	0.316739   
  2.9593  	-5.15789   	0.316441   
  2.9594  	-5.15421   	0.316143   
  2.9595  	-5.15054   	0.315845   
  2.9596  	-5.14688   	0.315548   
  2.9597  	-5.14322   	0.315251   
  2.9598  	-5.13956   	0.314955   
  2.9599  	-5.13591   	0.314659   
  2.96    	-5.13226   	0.314363   
  2.9601  	-5.12862   	0.314068   
  2.9602  	-5.12498   	0.313773   
  2.9603  	-5.12135   	0.313478   
  2.9604  	-5.11772   	0.313184   
  2.9605  	-5.1141    	0.31289    
  2.9606  	-5.11048   	0.312596   
  2.9607  	-5.10687   	0.312303   
  2.9608  	-5.10326   	0.31201    
  2.9609  	-5.09965   	0.311717   
  2.961   	-5.09605   	0.311425   
  2.9611  	-5.09246   	0.311133   
  2.9612  	-5.08886   	0.310841   
  2.9613  	-5.08528   	0.31055    
  2.9614  	-5.08169   	0.310259   
  2.9615  	-5.07812   	0.309969   
  2.9616  	-5.07454   	0.309678   
  2.9617  	-5.07097   	0.309389   
  2.9618  	-5.06741   	0.309099   
  2.9619  	-5.06385   	0.30881    
  2.962   	-5.06029   	0.308521   
  2.9621  	-5.05674   	0.308233   
  2.9622  	-5.0532    	0.307944   
  2.9623  	-5.04965   	0.307657   
  2.9624  	-5.04612   	0.307369   
  2.9625  	-5.04258   	0.307082   
  2.9626  	-5.03906   	0.306795   
  2.9627  	-5.03553   	0.306509   
  2.9628  	-5.03201   	0.306223   
  2.9629  	-5.0285    	0.305937   
  2.963   	-5.02498   	0.305652   
  2.9631  	-5.02148   	0.305366   
  2.9632  	-5.01798   	0.305082   
  2.9633  	-5.01448   	0.304797   
  2.9634  	-5.01098   	0.304513   
  2.9635  	-5.00749   	0.30423    
  2.9636  	-5.00401   	0.303946   
  2.9637  	-5.00053   	0.303663   
  2.9638  	-4.99705   	0.30338    
  2.9639  	-4.99358   	0.303098   
  2.964   	-4.99011   	0.302816   
  2.9641  	-4.98665   	0.302534   
  2.9642  	-4.98319   	0.302253   
  2.9643  	-4.97974   	0.301972   
  2.9644  	-4.97629   	0.301691   
  2.9645  	-4.97284   	0.301411   
  2.9646  	-4.9694    	0.301131   
  2.9647  	-4.96596   	0.300851   
  2.9648  	-4.96253   	0.300572   
  2.9649  	-4.9591    	0.300293   
  2.965   	-4.95567   	0.300014   
  2.9651  	-4.95225   	0.299736   
  2.9652  	-4.94884   	0.299458   
  2.9653  	-4.94542   	0.29918    
  2.9654  	-4.94202   	0.298902   
  2.9655  	-4.93861   	0.298625   
  2.9656  	-4.93521   	0.298349   
  2.9657  	-4.93182   	0.298072   
  2.9658  	-4.92842   	0.297796   
  2.9659  	-4.92504   	0.29752    
  2.966   	-4.92165   	0.297245   
  2.9661  	-4.91828   	0.29697    
  2.9662  	-4.9149    	0.296695   
  2.9663  	-4.91153   	0.296421   
  2.9664  	-4.90816   	0.296147   
  2.9665  	-4.9048    	0.295873   
  2.9666  	-4.90144   	0.295599   
  2.9667  	-4.89809   	0.295326   
  2.9668  	-4.89474   	0.295053   
  2.9669  	-4.89139   	0.294781   
  2.967   	-4.88805   	0.294509   
  2.9671  	-4.88471   	0.294237   
  2.9672  	-4.88138   	0.293965   
  2.9673  	-4.87805   	0.293694   
  2.9674  	-4.87472   	0.293423   
  2.9675  	-4.8714    	0.293153   
  2.9676  	-4.86808   	0.292883   
  2.9677  	-4.86477   	0.292613   
  2.9678  	-4.86146   	0.292343   
  2.9679  	-4.85815   	0.292074   
  2.968   	-4.85485   	0.291805   
  2.9681  	-4.85156   	0.291536   
  2.9682  	-4.84826   	0.291268   
  2.9683  	-4.84497   	0.291      
  2.9684  	-4.84169   	0.290732   
  2.9685  	-4.8384    	0.290465   
  2.9686  	-4.83513   	0.290198   
  2.9687  	-4.83185   	0.289931   
  2.9688  	-4.82858   	0.289665   
  2.9689  	-4.82532   	0.289399   
  2.969   	-4.82206   	0.289133   
  2.9691  	-4.8188    	0.288868   
  2.9692  	-4.81554   	0.288602   
  2.9693  	-4.81229   	0.288338   
  2.9694  	-4.80905   	0.288073   
  2.9695  	-4.8058    	0.287809   
  2.9696  	-4.80257   	0.287545   
  2.9697  	-4.79933   	0.287282   
  2.9698  	-4.7961    	0.287018   
  2.9699  	-4.79287   	0.286755   
  2.97    	-4.78965   	0.286493   
  2.9701  	-4.78643   	0.28623    
  2.9702  	-4.78322   	0.285968   
  2.9703  	-4.78      	0.285707   
  2.9704  	-4.7768    	0.285445   
  2.9705  	-4.77359   	0.285184   
  2.9706  	-4.77039   	0.284924   
  2.9707  	-4.7672    	0.284663   
  2.9708  	-4.764     	0.284403   
  2.9709  	-4.76081   	0.284143   
  2.971   	-4.75763   	0.283884   
  2.9711  	-4.75445   	0.283624   
  2.9712  	-4.75127   	0.283366   
  2.9713  	-4.7481    	0.283107   
  2.9714  	-4.74493   	0.282849   
  2.9715  	-4.74176   	0.282591   
  2.9716  	-4.7386    	0.282333   
  2.9717  	-4.73544   	0.282076   
  2.9718  	-4.73229   	0.281819   
  2.9719  	-4.72913   	0.281562   
  2.972   	-4.72599   	0.281305   
  2.9721  	-4.72284   	0.281049   
  2.9722  	-4.7197    	0.280793   
  2.9723  	-4.71657   	0.280538   
  2.9724  	-4.71343   	0.280283   
  2.9725  	-4.7103    	0.280028   
  2.9726  	-4.70718   	0.279773   
  2.9727  	-4.70406   	0.279519   
  2.9728  	-4.70094   	0.279265   
  2.9729  	-4.69783   	0.279011   
  2.973   	-4.69472   	0.278758   
  2.9731  	-4.69161   	0.278504   
  2.9732  	-4.6885    	0.278252   
  2.9733  	-4.68541   	0.277999   
  2.9734  	-4.68231   	0.277747   
  2.9735  	-4.67922   	0.277495   
  2.9736  	-4.67613   	0.277243   
  2.9737  	-4.67304   	0.276992   
  2.9738  	-4.66996   	0.276741   
  2.9739  	-4.66688   	0.27649    
  2.974   	-4.66381   	0.27624    
  2.9741  	-4.66074   	0.27599    
  2.9742  	-4.65767   	0.27574    
  2.9743  	-4.65461   	0.27549    
  2.9744  	-4.65155   	0.275241   
  2.9745  	-4.64849   	0.274992   
  2.9746  	-4.64544   	0.274744   
  2.9747  	-4.64239   	0.274495   
  2.9748  	-4.63934   	0.274247   
  2.9749  	-4.6363    	0.273999   
  2.975   	-4.63326   	0.273752   
  2.9751  	-4.63023   	0.273505   
  2.9752  	-4.62719   	0.273258   
  2.9753  	-4.62417   	0.273011   
  2.9754  	-4.62114   	0.272765   
  2.9755  	-4.61812   	0.272519   
  2.9756  	-4.6151    	0.272273   
  2.9757  	-4.61209   	0.272028   
  2.9758  	-4.60908   	0.271783   
  2.9759  	-4.60607   	0.271538   
  2.976   	-4.60306   	0.271293   
  2.9761  	-4.60006   	0.271049   
  2.9762  	-4.59707   	0.270805   
  2.9763  	-4.59407   	0.270561   
  2.9764  	-4.59108   	0.270318   
  2.9765  	-4.5881    	0.270075   
  2.9766  	-4.58511   	0.269832   
  2.9767  	-4.58213   	0.26959    
  2.9768  	-4.57916   	0.269347   
  2.9769  	-4.57618   	0.269105   
  2.977   	-4.57321   	0.268864   
  2.9771  	-4.57025   	0.268622   
  2.9772  	-4.56729   	0.268381   
  2.9773  	-4.56433   	0.26814    
  2.9774  	-4.56137   	0.2679     
  2.9775  	-4.55842   	0.26766    
  2.9776  	-4.55547   	0.26742    
  2.9777  	-4.55252   	0.26718    
  2.9778  	-4.54958   	0.266941   
  2.9779  	-4.54664   	0.266702   
  2.978   	-4.5437    	0.266463   
  2.9781  	-4.54077   	0.266224   
  2.9782  	-4.53784   	0.265986   
  2.9783  	-4.53492   	0.265748   
  2.9784  	-4.53199   	0.26551    
  2.9785  	-4.52907   	0.265273   
  2.9786  	-4.52616   	0.265036   
  2.9787  	-4.52325   	0.264799   
  2.9788  	-4.52034   	0.264562   
  2.9789  	-4.51743   	0.264326   
  2.979   	-4.51453   	0.26409    
  2.9791  	-4.51163   	0.263854   
  2.9792  	-4.50873   	0.263619   
  2.9793  	-4.50584   	0.263384   
  2.9794  	-4.50295   	0.263149   
  2.9795  	-4.50006   	0.262914   
  2.9796  	-4.49718   	0.26268    
  2.9797  	-4.4943    	0.262446   
  2.9798  	-4.49142   	0.262212   
  2.9799  	-4.48855   	0.261978   
  2.98    	-4.48568   	0.261745   
  2.9801  	-4.48281   	0.261512   
  2.9802  	-4.47995   	0.261279   
  2.9803  	-4.47709   	0.261047   
  2.9804  	-4.47423   	0.260815   
  2.9805  	-4.47138   	0.260583   
  2.9806  	-4.46853   	0.260352   
  2.9807  	-4.46568   	0.26012    
  2.9808  	-4.46283   	0.259889   
  2.9809  	-4.45999   	0.259658   
  2.981   	-4.45716   	0.259428   
  2.9811  	-4.45432   	0.259198   
  2.9812  	-4.45149   	0.258968   
  2.9813  	-4.44866   	0.258738   
  2.9814  	-4.44583   	0.258509   
  2.9815  	-4.44301   	0.258279   
  2.9816  	-4.44019   	0.258051   
  2.9817  	-4.43738   	0.257822   
  2.9818  	-4.43456   	0.257594   
  2.9819  	-4.43175   	0.257366   
  2.982   	-4.42895   	0.257138   
  2.9821  	-4.42614   	0.25691    
  2.9822  	-4.42334   	0.256683   
  2.9823  	-4.42055   	0.256456   
  2.9824  	-4.41775   	0.256229   
  2.9825  	-4.41496   	0.256003   
  2.9826  	-4.41217   	0.255777   
  2.9827  	-4.40939   	0.255551   
  2.9828  	-4.40661   	0.255325   
  2.9829  	-4.40383   	0.2551     
  2.983   	-4.40105   	0.254875   
  2.9831  	-4.39828   	0.25465    
  2.9832  	-4.39551   	0.254425   
  2.9833  	-4.39274   	0.254201   
  2.9834  	-4.38998   	0.253977   
  2.9835  	-4.38722   	0.253753   
  2.9836  	-4.38446   	0.253529   
  2.9837  	-4.38171   	0.253306   
  2.9838  	-4.37896   	0.253083   
  2.9839  	-4.37621   	0.25286    
  2.984   	-4.37346   	0.252638   
  2.9841  	-4.37072   	0.252416   
  2.9842  	-4.36798   	0.252194   
  2.9843  	-4.36525   	0.251972   
  2.9844  	-4.36251   	0.251751   
  2.9845  	-4.35978   	0.251529   
  2.9846  	-4.35706   	0.251309   
  2.9847  	-4.35433   	0.251088   
  2.9848  	-4.35161   	0.250867   
  2.9849  	-4.34889   	0.250647   
  2.985   	-4.34618   	0.250427   
  2.9851  	-4.34346   	0.250208   
  2.9852  	-4.34076   	0.249988   
  2.9853  	-4.33805   	0.249769   
  2.9854  	-4.33535   	0.249551   
  2.9855  	-4.33264   	0.249332   
  2.9856  	-4.32995   	0.249114   
  2.9857  	-4.32725   	0.248896   
  2.9858  	-4.32456   	0.248678   
  2.9859  	-4.32187   	0.24846    
  2.986   	-4.31919   	0.248243   
  2.9861  	-4.3165    	0.248026   
  2.9862  	-4.31382   	0.247809   
  2.9863  	-4.31115   	0.247592   
  2.9864  	-4.30847   	0.247376   
  2.9865  	-4.3058    	0.24716    
  2.9866  	-4.30313   	0.246944   
  2.9867  	-4.30047   	0.246729   
  2.9868  	-4.2978    	0.246513   
  2.9869  	-4.29515   	0.246298   
  2.987   	-4.29249   	0.246084   
  2.9871  	-4.28983   	0.245869   
  2.9872  	-4.28718   	0.245655   
  2.9873  	-4.28454   	0.245441   
  2.9874  	-4.28189   	0.245227   
  2.9875  	-4.27925   	0.245014   
  2.9876  	-4.27661   	0.2448     
  2.9877  	-4.27397   	0.244587   
  2.9878  	-4.27134   	0.244374   
  2.9879  	-4.26871   	0.244162   
  2.988   	-4.26608   	0.24395    
  2.9881  	-4.26345   	0.243738   
  2.9882  	-4.26083   	0.243526   
  2.9883  	-4.25821   	0.243314   
  2.9884  	-4.25559   	0.243103   
  2.9885  	-4.25298   	0.242892   
  2.9886  	-4.25037   	0.242681   
  2.9887  	-4.24776   	0.242471   
  2.9888  	-4.24515   	0.24226    
  2.9889  	-4.24255   	0.24205    
  2.989   	-4.23995   	0.241841   
  2.9891  	-4.23735   	0.241631   
  2.9892  	-4.23476   	0.241422   
  2.9893  	-4.23216   	0.241213   
  2.9894  	-4.22958   	0.241004   
  2.9895  	-4.22699   	0.240795   
  2.9896  	-4.22441   	0.240587   
  2.9897  	-4.22182   	0.240379   
  2.9898  	-4.21925   	0.240171   
  2.9899  	-4.21667   	0.239963   
  2.99    	-4.2141    	0.239756   
  2.9901  	-4.21153   	0.239549   
  2.9902  	-4.20896   	0.239342   
  2.9903  	-4.2064    	0.239135   
  2.9904  	-4.20384   	0.238929   
  2.9905  	-4.20128   	0.238723   
  2.9906  	-4.19872   	0.238517   
  2.9907  	-4.19617   	0.238311   
  2.9908  	-4.19362   	0.238106   
  2.9909  	-4.19107   	0.237901   
  2.991   	-4.18852   	0.237696   
  2.9911  	-4.18598   	0.237491   
  2.9912  	-4.18344   	0.237286   
  2.9913  	-4.1809    	0.237082   
  2.9914  	-4.17837   	0.236878   
  2.9915  	-4.17583   	0.236674   
  2.9916  	-4.1733    	0.236471   
  2.9917  	-4.17078   	0.236268   
  2.9918  	-4.16825   	0.236065   
  2.9919  	-4.16573   	0.235862   
  2.992   	-4.16321   	0.235659   
  2.9921  	-4.1607    	0.235457   
  2.9922  	-4.15818   	0.235255   
  2.9923  	-4.15567   	0.235053   
  2.9924  	-4.15316   	0.234851   
  2.9925  	-4.15066   	0.23465    
  2.9926  	-4.14816   	0.234449   
  2.9927  	-4.14566   	0.234248   
  2.9928  	-4.14316   	0.234047   
  2.9929  	-4.14066   	0.233846   
  2.993   	-4.13817   	0.233646   
  2.9931  	-4.13568   	0.233446   
  2.9932  	-4.13319   	0.233246   
  2.9933  	-4.13071   	0.233047   
  2.9934  	-4.12823   	0.232848   
  2.9935  	-4.12575   	0.232648   
  2.9936  	-4.12327   	0.23245    
  2.9937  	-4.1208    	0.232251   
  2.9938  	-4.11832   	0.232053   
  2.9939  	-4.11586   	0.231854   
  2.994   	-4.11339   	0.231657   
  2.9941  	-4.11092   	0.231459   
  2.9942  	-4.10846   	0.231261   
  2.9943  	-4.106     	0.231064   
  2.9944  	-4.10355   	0.230867   
  2.9945  	-4.10109   	0.23067    
  2.9946  	-4.09864   	0.230474   
  2.9947  	-4.09619   	0.230277   
  2.9948  	-4.09375   	0.230081   
  2.9949  	-4.0913    	0.229885   
  2.995   	-4.08886   	0.22969    
  2.9951  	-4.08642   	0.229494   
  2.9952  	-4.08399   	0.229299   
  2.9953  	-4.08155   	0.229104   
  2.9954  	-4.07912   	0.22891    
  2.9955  	-4.0767    	0.228715   
  2.9956  	-4.07427   	0.228521   
  2.9957  	-4.07185   	0.228327   
  2.9958  	-4.06942   	0.228133   
  2.9959  	-4.06701   	0.227939   
  2.996   	-4.06459   	0.227746   
  2.9961  	-4.06218   	0.227553   
  2.9962  	-4.05977   	0.22736    
  2.9963  	-4.05736   	0.227167   
  2.9964  	-4.05495   	0.226974   
  2.9965  	-4.05255   	0.226782   
  2.9966  	-4.05015   	0.22659    
  2.9967  	-4.04775   	0.226398   
  2.9968  	-4.04535   	0.226207   
  2.9969  	-4.04296   	0.226015   
  2.997   	-4.04057   	0.225824   
  2.9971  	-4.03818   	0.225633   
  2.9972  	-4.03579   	0.225442   
  2.9973  	-4.03341   	0.225252   
  2.9974  	-4.03102   	0.225062   
  2.9975  	-4.02865   	0.224872   
  2.9976  	-4.02627   	0.224682   
  2.9977  	-4.02389   	0.224492   
  2.9978  	-4.02152   	0.224303   
  2.9979  	-4.01915   	0.224114   
  2.998   	-4.01679   	0.223925   
  2.9981  	-4.01442   	0.223736   
  2.9982  	-4.01206   	0.223547   
  2.9983  	-4.0097    	0.223359   
  2.9984  	-4.00734   	0.223171   
  2.9985  	-4.00499   	0.222983   
  2.9986  	-4.00263   	0.222795   
  2.9987  	-4.00028   	0.222608   
  2.9988  	-3.99794   	0.222421   
  2.9989  	-3.99559   	0.222234   
  2.999   	-3.99325   	0.222047   
  2.9991  	-3.99091   	0.22186    
  2.9992  	-3.98857   	0.221674   
  2.9993  	-3.98623   	0.221488   
  2.9994  	-3.9839    	0.221302   
  2.9995  	-3.98157   	0.221116   
  2.9996  	-3.97924   	0.22093    
  2.9997  	-3.97691   	0.220745   
  2.9998  	-3.97459   	0.22056    
  2.9999  	-3.97227   	0.220375   
  3       	-3.96995   	0.22019    
  3.0001  	-3.96763   	0.220006   
  3.0002  	-3.96532   	0.219822   
  3.0003  	-3.963     	0.219638   
  3.0004  	-3.96069   	0.219454   
  3.0005  	-3.95839   	0.21927    
  3.0006  	-3.95608   	0.219087   
  3.0007  	-3.95378   	0.218904   
  3.0008  	-3.95148   	0.218721   
  3.0009  	-3.94918   	0.218538   
  3.001   	-3.94688   	0.218355   
  3.0011  	-3.94459   	0.218173   
  3.0012  	-3.9423    	0.217991   
  3.0013  	-3.94001   	0.217809   
  3.0014  	-3.93772   	0.217627   
  3.0015  	-3.93543   	0.217446   
  3.0016  	-3.93315   	0.217264   
  3.0017  	-3.93087   	0.217083   
  3.0018  	-3.92859   	0.216902   
  3.0019  	-3.92632   	0.216722   
  3.002   	-3.92404   	0.216541   
  3.0021  	-3.92177   	0.216361   
  3.0022  	-3.9195    	0.216181   
  3.0023  	-3.91724   	0.216001   
  3.0024  	-3.91497   	0.215821   
  3.0025  	-3.91271   	0.215642   
  3.0026  	-3.91045   	0.215463   
  3.0027  	-3.90819   	0.215284   
  3.0028  	-3.90594   	0.215105   
  3.0029  	-3.90369   	0.214926   
  3.003   	-3.90143   	0.214748   
  3.0031  	-3.89919   	0.214569   
  3.0032  	-3.89694   	0.214391   
  3.0033  	-3.8947    	0.214214   
  3.0034  	-3.89245   	0.214036   
  3.0035  	-3.89021   	0.213858   
  3.0036  	-3.88798   	0.213681   
  3.0037  	-3.88574   	0.213504   
  3.0038  	-3.88351   	0.213327   
  3.0039  	-3.88128   	0.213151   
  3.004   	-3.87905   	0.212974   
  3.0041  	-3.87682   	0.212798   
  3.0042  	-3.8746    	0.212622   
  3.0043  	-3.87238   	0.212446   
  3.0044  	-3.87016   	0.212271   
  3.0045  	-3.86794   	0.212095   
  3.0046  	-3.86572   	0.21192    
  3.0047  	-3.86351   	0.211745   
  3.0048  	-3.8613    	0.21157    
  3.0049  	-3.85909   	0.211396   
  3.005   	-3.85688   	0.211221   
  3.0051  	-3.85468   	0.211047   
  3.0052  	-3.85248   	0.210873   
  3.0053  	-3.85028   	0.210699   
  3.0054  	-3.84808   	0.210526   
  3.0055  	-3.84588   	0.210352   
  3.0056  	-3.84369   	0.210179   
  3.0057  	-3.8415    	0.210006   
  3.0058  	-3.83931   	0.209833   
  3.0059  	-3.83712   	0.209661   
  3.006   	-3.83493   	0.209488   
  3.0061  	-3.83275   	0.209316   
  3.0062  	-3.83057   	0.209144   
  3.0063  	-3.82839   	0.208972   
  3.0064  	-3.82621   	0.2088     
  3.0065  	-3.82404   	0.208629   
  3.0066  	-3.82187   	0.208458   
  3.0067  	-3.8197    	0.208287   
  3.0068  	-3.81753   	0.208116   
  3.0069  	-3.81536   	0.207945   
  3.007   	-3.8132    	0.207775   
  3.0071  	-3.81104   	0.207604   
  3.0072  	-3.80888   	0.207434   
  3.0073  	-3.80672   	0.207264   
  3.0074  	-3.80456   	0.207094   
  3.0075  	-3.80241   	0.206925   
  3.0076  	-3.80026   	0.206756   
  3.0077  	-3.79811   	0.206586   
  3.0078  	-3.79596   	0.206418   
  3.0079  	-3.79382   	0.206249   
  3.008   	-3.79167   	0.20608    
  3.0081  	-3.78953   	0.205912   
  3.0082  	-3.78739   	0.205744   
  3.0083  	-3.78526   	0.205576   
  3.0084  	-3.78312   	0.205408   
  3.0085  	-3.78099   	0.20524    
  3.0086  	-3.77886   	0.205073   
  3.0087  	-3.77673   	0.204906   
  3.0088  	-3.7746    	0.204738   
  3.0089  	-3.77248   	0.204572   
  3.009   	-3.77036   	0.204405   
  3.0091  	-3.76824   	0.204238   
  3.0092  	-3.76612   	0.204072   
  3.0093  	-3.764     	0.203906   
  3.0094  	-3.76189   	0.20374    
  3.0095  	-3.75978   	0.203574   
  3.0096  	-3.75766   	0.203409   
  3.0097  	-3.75556   	0.203243   
  3.0098  	-3.75345   	0.203078   
  3.0099  	-3.75135   	0.202913   
  3.01    	-3.74924   	0.202748   
  3.0101  	-3.74714   	0.202584   
  3.0102  	-3.74505   	0.202419   
  3.0103  	-3.74295   	0.202255   
  3.0104  	-3.74086   	0.202091   
  3.0105  	-3.73876   	0.201927   
  3.0106  	-3.73667   	0.201764   
  3.0107  	-3.73459   	0.2016     
  3.0108  	-3.7325    	0.201437   
  3.0109  	-3.73042   	0.201274   
  3.011   	-3.72833   	0.201111   
  3.0111  	-3.72625   	0.200948   
  3.0112  	-3.72418   	0.200785   
  3.0113  	-3.7221    	0.200623   
  3.0114  	-3.72002   	0.200461   
  3.0115  	-3.71795   	0.200299   
  3.0116  	-3.71588   	0.200137   
  3.0117  	-3.71381   	0.199975   
  3.0118  	-3.71175   	0.199813   
  3.0119  	-3.70968   	0.199652   
  3.012   	-3.70762   	0.199491   
  3.0121  	-3.70556   	0.19933    
  3.0122  	-3.7035    	0.199169   
  3.0123  	-3.70145   	0.199009   
  3.0124  	-3.69939   	0.198848   
  3.0125  	-3.69734   	0.198688   
  3.0126  	-3.69529   	0.198528   
  3.0127  	-3.69324   	0.198368   
  3.0128  	-3.69119   	0.198208   
  3.0129  	-3.68915   	0.198049   
  3.013   	-3.6871    	0.19789    
  3.0131  	-3.68506   	0.19773    
  3.0132  	-3.68302   	0.197571   
  3.0133  	-3.68099   	0.197413   
  3.0134  	-3.67895   	0.197254   
  3.0135  	-3.67692   	0.197095   
  3.0136  	-3.67489   	0.196937   
  3.0137  	-3.67286   	0.196779   
  3.0138  	-3.67083   	0.196621   
  3.0139  	-3.66881   	0.196463   
  3.014   	-3.66678   	0.196306   
  3.0141  	-3.66476   	0.196148   
  3.0142  	-3.66274   	0.195991   
  3.0143  	-3.66072   	0.195834   
  3.0144  	-3.65871   	0.195677   
  3.0145  	-3.65669   	0.195521   
  3.0146  	-3.65468   	0.195364   
  3.0147  	-3.65267   	0.195208   
  3.0148  	-3.65066   	0.195052   
  3.0149  	-3.64865   	0.194896   
  3.015   	-3.64665   	0.19474    
  3.0151  	-3.64465   	0.194584   
  3.0152  	-3.64264   	0.194429   
  3.0153  	-3.64065   	0.194273   
  3.0154  	-3.63865   	0.194118   
  3.0155  	-3.63665   	0.193963   
  3.0156  	-3.63466   	0.193808   
  3.0157  	-3.63267   	0.193654   
  3.0158  	-3.63068   	0.193499   
  3.0159  	-3.62869   	0.193345   
  3.016   	-3.6267    	0.193191   
  3.0161  	-3.62472   	0.193037   
  3.0162  	-3.62274   	0.192883   
  3.0163  	-3.62076   	0.19273    
  3.0164  	-3.61878   	0.192576   
  3.0165  	-3.6168    	0.192423   
  3.0166  	-3.61483   	0.19227    
  3.0167  	-3.61285   	0.192117   
  3.0168  	-3.61088   	0.191964   
  3.0169  	-3.60891   	0.191812   
  3.017   	-3.60694   	0.191659   
  3.0171  	-3.60498   	0.191507   
  3.0172  	-3.60301   	0.191355   
  3.0173  	-3.60105   	0.191203   
  3.0174  	-3.59909   	0.191052   
  3.0175  	-3.59713   	0.1909     
  3.0176  	-3.59517   	0.190749   
  3.0177  	-3.59322   	0.190597   
  3.0178  	-3.59127   	0.190446   
  3.0179  	-3.58931   	0.190296   
  3.018   	-3.58737   	0.190145   
  3.0181  	-3.58542   	0.189994   
  3.0182  	-3.58347   	0.189844   
  3.0183  	-3.58153   	0.189694   
  3.0184  	-3.57958   	0.189544   
  3.0185  	-3.57764   	0.189394   
  3.0186  	-3.57571   	0.189244   
  3.0187  	-3.57377   	0.189094   
  3.0188  	-3.57183   	0.188945   
  3.0189  	-3.5699    	0.188796   
  3.019   	-3.56797   	0.188647   
  3.0191  	-3.56604   	0.188498   
  3.0192  	-3.56411   	0.188349   
  3.0193  	-3.56218   	0.188201   
  3.0194  	-3.56026   	0.188052   
  3.0195  	-3.55834   	0.187904   
  3.0196  	-3.55641   	0.187756   
  3.0197  	-3.55449   	0.187608   
  3.0198  	-3.55258   	0.18746    
  3.0199  	-3.55066   	0.187313   
  3.02    	-3.54875   	0.187165   
  3.0201  	-3.54683   	0.187018   
  3.0202  	-3.54492   	0.186871   
  3.0203  	-3.54302   	0.186724   
  3.0204  	-3.54111   	0.186577   
  3.0205  	-3.5392    	0.186431   
  3.0206  	-3.5373    	0.186284   
  3.0207  	-3.5354    	0.186138   
  3.0208  	-3.5335    	0.185992   
  3.0209  	-3.5316    	0.185846   
  3.021   	-3.5297    	0.1857     
  3.0211  	-3.52781   	0.185554   
  3.0212  	-3.52591   	0.185409   
  3.0213  	-3.52402   	0.185264   
  3.0214  	-3.52213   	0.185118   
  3.0215  	-3.52024   	0.184973   
  3.0216  	-3.51836   	0.184829   
  3.0217  	-3.51647   	0.184684   
  3.0218  	-3.51459   	0.184539   
  3.0219  	-3.51271   	0.184395   
  3.022   	-3.51083   	0.184251   
  3.0221  	-3.50895   	0.184107   
  3.0222  	-3.50708   	0.183963   
  3.0223  	-3.5052    	0.183819   
  3.0224  	-3.50333   	0.183676   
  3.0225  	-3.50146   	0.183532   
  3.0226  	-3.49959   	0.183389   
  3.0227  	-3.49772   	0.183246   
  3.0228  	-3.49585   	0.183103   
  3.0229  	-3.49399   	0.18296    
  3.023   	-3.49213   	0.182817   
  3.0231  	-3.49027   	0.182675   
  3.0232  	-3.48841   	0.182533   
  3.0233  	-3.48655   	0.18239    
  3.0234  	-3.48469   	0.182248   
  3.0235  	-3.48284   	0.182107   
  3.0236  	-3.48099   	0.181965   
  3.0237  	-3.47914   	0.181823   
  3.0238  	-3.47729   	0.181682   
  3.0239  	-3.47544   	0.181541   
  3.024   	-3.47359   	0.1814     
  3.0241  	-3.47175   	0.181259   
  3.0242  	-3.46991   	0.181118   
  3.0243  	-3.46806   	0.180977   
  3.0244  	-3.46623   	0.180837   
  3.0245  	-3.46439   	0.180697   
  3.0246  	-3.46255   	0.180556   
  3.0247  	-3.46072   	0.180416   
  3.0248  	-3.45888   	0.180276   
  3.0249  	-3.45705   	0.180137   
  3.025   	-3.45522   	0.179997   
  3.0251  	-3.4534    	0.179858   
  3.0252  	-3.45157   	0.179719   
  3.0253  	-3.44975   	0.179579   
  3.0254  	-3.44792   	0.179441   
  3.0255  	-3.4461    	0.179302   
  3.0256  	-3.44428   	0.179163   
  3.0257  	-3.44246   	0.179025   
  3.0258  	-3.44065   	0.178886   
  3.0259  	-3.43883   	0.178748   
  3.026   	-3.43702   	0.17861    
  3.0261  	-3.43521   	0.178472   
  3.0262  	-3.4334    	0.178334   
  3.0263  	-3.43159   	0.178197   
  3.0264  	-3.42978   	0.178059   
  3.0265  	-3.42798   	0.177922   
  3.0266  	-3.42617   	0.177785   
  3.0267  	-3.42437   	0.177648   
  3.0268  	-3.42257   	0.177511   
  3.0269  	-3.42077   	0.177374   
  3.027   	-3.41897   	0.177238   
  3.0271  	-3.41718   	0.177101   
  3.0272  	-3.41539   	0.176965   
  3.0273  	-3.41359   	0.176829   
  3.0274  	-3.4118    	0.176693   
  3.0275  	-3.41001   	0.176557   
  3.0276  	-3.40823   	0.176422   
  3.0277  	-3.40644   	0.176286   
  3.0278  	-3.40465   	0.176151   
  3.0279  	-3.40287   	0.176016   
  3.028   	-3.40109   	0.175881   
  3.0281  	-3.39931   	0.175746   
  3.0282  	-3.39753   	0.175611   
  3.0283  	-3.39576   	0.175476   
  3.0284  	-3.39398   	0.175342   
  3.0285  	-3.39221   	0.175207   
  3.0286  	-3.39043   	0.175073   
  3.0287  	-3.38866   	0.174939   
  3.0288  	-3.3869    	0.174805   
  3.0289  	-3.38513   	0.174671   
  3.029   	-3.38336   	0.174538   
  3.0291  	-3.3816    	0.174404   
  3.0292  	-3.37984   	0.174271   
  3.0293  	-3.37807   	0.174138   
  3.0294  	-3.37632   	0.174005   
  3.0295  	-3.37456   	0.173872   
  3.0296  	-3.3728    	0.173739   
  3.0297  	-3.37105   	0.173606   
  3.0298  	-3.36929   	0.173474   
  3.0299  	-3.36754   	0.173342   
  3.03    	-3.36579   	0.173209   
  3.0301  	-3.36404   	0.173077   
  3.0302  	-3.36229   	0.172946   
  3.0303  	-3.36055   	0.172814   
  3.0304  	-3.3588    	0.172682   
  3.0305  	-3.35706   	0.172551   
  3.0306  	-3.35532   	0.172419   
  3.0307  	-3.35358   	0.172288   
  3.0308  	-3.35184   	0.172157   
  3.0309  	-3.35011   	0.172026   
  3.031   	-3.34837   	0.171895   
  3.0311  	-3.34664   	0.171765   
  3.0312  	-3.3449    	0.171634   
  3.0313  	-3.34317   	0.171504   
  3.0314  	-3.34144   	0.171374   
  3.0315  	-3.33972   	0.171244   
  3.0316  	-3.33799   	0.171114   
  3.0317  	-3.33627   	0.170984   
  3.0318  	-3.33454   	0.170854   
  3.0319  	-3.33282   	0.170725   
  3.032   	-3.3311    	0.170595   
  3.0321  	-3.32938   	0.170466   
  3.0322  	-3.32767   	0.170337   
  3.0323  	-3.32595   	0.170208   
  3.0324  	-3.32424   	0.170079   
  3.0325  	-3.32252   	0.169951   
  3.0326  	-3.32081   	0.169822   
  3.0327  	-3.3191    	0.169694   
  3.0328  	-3.31739   	0.169565   
  3.0329  	-3.31569   	0.169437   
  3.033   	-3.31398   	0.169309   
  3.0331  	-3.31228   	0.169181   
  3.0332  	-3.31058   	0.169054   
  3.0333  	-3.30887   	0.168926   
  3.0334  	-3.30718   	0.168799   
  3.0335  	-3.30548   	0.168671   
  3.0336  	-3.30378   	0.168544   
  3.0337  	-3.30209   	0.168417   
  3.0338  	-3.30039   	0.16829    
  3.0339  	-3.2987    	0.168163   
  3.034   	-3.29701   	0.168037   
  3.0341  	-3.29532   	0.16791    
  3.0342  	-3.29363   	0.167784   
  3.0343  	-3.29195   	0.167658   
  3.0344  	-3.29026   	0.167532   
  3.0345  	-3.28858   	0.167406   
  3.0346  	-3.2869    	0.16728    
  3.0347  	-3.28521   	0.167154   
  3.0348  	-3.28354   	0.167029   
  3.0349  	-3.28186   	0.166903   
  3.035   	-3.28018   	0.166778   
  3.0351  	-3.27851   	0.166653   
  3.0352  	-3.27683   	0.166528   
  3.0353  	-3.27516   	0.166403   
  3.0354  	-3.27349   	0.166278   
  3.0355  	-3.27182   	0.166153   
  3.0356  	-3.27015   	0.166029   
  3.0357  	-3.26849   	0.165905   
  3.0358  	-3.26682   	0.16578    
  3.0359  	-3.26516   	0.165656   
  3.036   	-3.2635    	0.165532   
  3.0361  	-3.26184   	0.165408   
  3.0362  	-3.26018   	0.165285   
  3.0363  	-3.25852   	0.165161   
  3.0364  	-3.25686   	0.165038   
  3.0365  	-3.25521   	0.164914   
  3.0366  	-3.25356   	0.164791   
  3.0367  	-3.2519    	0.164668   
  3.0368  	-3.25025   	0.164545   
  3.0369  	-3.2486    	0.164422   
  3.037   	-3.24696   	0.1643     
  3.0371  	-3.24531   	0.164177   
  3.0372  	-3.24366   	0.164055   
  3.0373  	-3.24202   	0.163933   
  3.0374  	-3.24038   	0.16381    
  3.0375  	-3.23874   	0.163688   
  3.0376  	-3.2371    	0.163567   
  3.0377  	-3.23546   	0.163445   
  3.0378  	-3.23382   	0.163323   
  3.0379  	-3.23219   	0.163202   
  3.038   	-3.23055   	0.16308    
  3.0381  	-3.22892   	0.162959   
  3.0382  	-3.22729   	0.162838   
  3.0383  	-3.22566   	0.162717   
  3.0384  	-3.22403   	0.162596   
  3.0385  	-3.2224    	0.162475   
  3.0386  	-3.22078   	0.162355   
  3.0387  	-3.21915   	0.162234   
  3.0388  	-3.21753   	0.162114   
  3.0389  	-3.21591   	0.161994   
  3.039   	-3.21429   	0.161874   
  3.0391  	-3.21267   	0.161754   
  3.0392  	-3.21105   	0.161634   
  3.0393  	-3.20943   	0.161514   
  3.0394  	-3.20782   	0.161395   
  3.0395  	-3.20621   	0.161275   
  3.0396  	-3.20459   	0.161156   
  3.0397  	-3.20298   	0.161037   
  3.0398  	-3.20137   	0.160918   
  3.0399  	-3.19976   	0.160799   
  3.04    	-3.19816   	0.16068    
  3.0401  	-3.19655   	0.160561   
  3.0402  	-3.19495   	0.160442   
  3.0403  	-3.19335   	0.160324   
  3.0404  	-3.19174   	0.160206   
  3.0405  	-3.19014   	0.160087   
  3.0406  	-3.18855   	0.159969   
  3.0407  	-3.18695   	0.159851   
  3.0408  	-3.18535   	0.159734   
  3.0409  	-3.18376   	0.159616   
  3.041   	-3.18216   	0.159498   
  3.0411  	-3.18057   	0.159381   
  3.0412  	-3.17898   	0.159264   
  3.0413  	-3.17739   	0.159146   
  3.0414  	-3.1758    	0.159029   
  3.0415  	-3.17422   	0.158912   
  3.0416  	-3.17263   	0.158795   
  3.0417  	-3.17105   	0.158679   
  3.0418  	-3.16946   	0.158562   
  3.0419  	-3.16788   	0.158446   
  3.042   	-3.1663    	0.158329   
  3.0421  	-3.16472   	0.158213   
  3.0422  	-3.16315   	0.158097   
  3.0423  	-3.16157   	0.157981   
  3.0424  	-3.15999   	0.157865   
  3.0425  	-3.15842   	0.157749   
  3.0426  	-3.15685   	0.157634   
  3.0427  	-3.15528   	0.157518   
  3.0428  	-3.15371   	0.157403   
  3.0429  	-3.15214   	0.157287   
  3.043   	-3.15057   	0.157172   
  3.0431  	-3.14901   	0.157057   
  3.0432  	-3.14744   	0.156942   
  3.0433  	-3.14588   	0.156828   
  3.0434  	-3.14432   	0.156713   
  3.0435  	-3.14275   	0.156598   
  3.0436  	-3.1412    	0.156484   
  3.0437  	-3.13964   	0.15637    
  3.0438  	-3.13808   	0.156255   
  3.0439  	-3.13652   	0.156141   
  3.044   	-3.13497   	0.156027   
  3.0441  	-3.13342   	0.155913   
  3.0442  	-3.13187   	0.1558     
  3.0443  	-3.13031   	0.155686   
  3.0444  	-3.12877   	0.155573   
  3.0445  	-3.12722   	0.155459   
  3.0446  	-3.12567   	0.155346   
  3.0447  	-3.12413   	0.155233   
  3.0448  	-3.12258   	0.15512    
  3.0449  	-3.12104   	0.155007   
  3.045   	-3.1195    	0.154894   
  3.0451  	-3.11796   	0.154782   
  3.0452  	-3.11642   	0.154669   
  3.0453  	-3.11488   	0.154557   
  3.0454  	-3.11334   	0.154444   
  3.0455  	-3.11181   	0.154332   
  3.0456  	-3.11027   	0.15422    
  3.0457  	-3.10874   	0.154108   
  3.0458  	-3.10721   	0.153996   
  3.0459  	-3.10568   	0.153885   
  3.046   	-3.10415   	0.153773   
  3.0461  	-3.10262   	0.153661   
  3.0462  	-3.1011    	0.15355    
  3.0463  	-3.09957   	0.153439   
  3.0464  	-3.09805   	0.153328   
  3.0465  	-3.09652   	0.153217   
  3.0466  	-3.095     	0.153106   
  3.0467  	-3.09348   	0.152995   
  3.0468  	-3.09196   	0.152884   
  3.0469  	-3.09044   	0.152774   
  3.047   	-3.08893   	0.152663   
  3.0471  	-3.08741   	0.152553   
  3.0472  	-3.0859    	0.152443   
  3.0473  	-3.08439   	0.152332   
  3.0474  	-3.08287   	0.152222   
  3.0475  	-3.08136   	0.152113   
  3.0476  	-3.07985   	0.152003   
  3.0477  	-3.07835   	0.151893   
  3.0478  	-3.07684   	0.151784   
  3.0479  	-3.07533   	0.151674   
  3.048   	-3.07383   	0.151565   
  3.0481  	-3.07233   	0.151456   
  3.0482  	-3.07082   	0.151346   
  3.0483  	-3.06932   	0.151237   
  3.0484  	-3.06782   	0.151129   
  3.0485  	-3.06633   	0.15102    
  3.0486  	-3.06483   	0.150911   
  3.0487  	-3.06333   	0.150803   
  3.0488  	-3.06184   	0.150694   
  3.0489  	-3.06034   	0.150586   
  3.049   	-3.05885   	0.150478   
  3.0491  	-3.05736   	0.15037    
  3.0492  	-3.05587   	0.150262   
  3.0493  	-3.05438   	0.150154   
  3.0494  	-3.0529    	0.150046   
  3.0495  	-3.05141   	0.149938   
  3.0496  	-3.04992   	0.149831   
  3.0497  	-3.04844   	0.149723   
  3.0498  	-3.04696   	0.149616   
  3.0499  	-3.04548   	0.149509   
  3.05    	-3.044     	0.149402   
  3.0501  	-3.04252   	0.149295   
  3.0502  	-3.04104   	0.149188   
  3.0503  	-3.03956   	0.149081   
  3.0504  	-3.03809   	0.148974   
  3.0505  	-3.03661   	0.148868   
  3.0506  	-3.03514   	0.148761   
  3.0507  	-3.03367   	0.148655   
  3.0508  	-3.0322    	0.148549   
  3.0509  	-3.03073   	0.148443   
  3.051   	-3.02926   	0.148337   
  3.0511  	-3.02779   	0.148231   
  3.0512  	-3.02632   	0.148125   
  3.0513  	-3.02486   	0.148019   
  3.0514  	-3.0234    	0.147914   
  3.0515  	-3.02193   	0.147808   
  3.0516  	-3.02047   	0.147703   
  3.0517  	-3.01901   	0.147598   
  3.0518  	-3.01755   	0.147493   
  3.0519  	-3.01609   	0.147388   
  3.052   	-3.01464   	0.147283   
  3.0521  	-3.01318   	0.147178   
  3.0522  	-3.01173   	0.147073   
  3.0523  	-3.01027   	0.146969   
  3.0524  	-3.00882   	0.146864   
  3.0525  	-3.00737   	0.14676    
  3.0526  	-3.00592   	0.146655   
  3.0527  	-3.00447   	0.146551   
  3.0528  	-3.00302   	0.146447   
  3.0529  	-3.00158   	0.146343   
  3.053   	-3.00013   	0.146239   
  3.0531  	-2.99869   	0.146136   
  3.0532  	-2.99725   	0.146032   
  3.0533  	-2.9958    	0.145928   
  3.0534  	-2.99436   	0.145825   
  3.0535  	-2.99292   	0.145722   
  3.0536  	-2.99148   	0.145618   
  3.0537  	-2.99005   	0.145515   
  3.0538  	-2.98861   	0.145412   
  3.0539  	-2.98718   	0.145309   
  3.054   	-2.98574   	0.145207   
  3.0541  	-2.98431   	0.145104   
  3.0542  	-2.98288   	0.145001   
  3.0543  	-2.98145   	0.144899   
  3.0544  	-2.98002   	0.144796   
  3.0545  	-2.97859   	0.144694   
  3.0546  	-2.97716   	0.144592   
  3.0547  	-2.97574   	0.14449    
  3.0548  	-2.97431   	0.144388   
  3.0549  	-2.97289   	0.144286   
  3.055   	-2.97147   	0.144184   
  3.0551  	-2.97004   	0.144082   
  3.0552  	-2.96862   	0.143981   
  3.0553  	-2.9672    	0.143879   
  3.0554  	-2.96579   	0.143778   
  3.0555  	-2.96437   	0.143677   
  3.0556  	-2.96295   	0.143576   
  3.0557  	-2.96154   	0.143475   
  3.0558  	-2.96012   	0.143374   
  3.0559  	-2.95871   	0.143273   
  3.056   	-2.9573    	0.143172   
  3.0561  	-2.95589   	0.143071   
  3.0562  	-2.95448   	0.142971   
  3.0563  	-2.95307   	0.14287    
  3.0564  	-2.95167   	0.14277    
  3.0565  	-2.95026   	0.14267    
  3.0566  	-2.94886   	0.14257    
  3.0567  	-2.94745   	0.14247    
  3.0568  	-2.94605   	0.14237    
  3.0569  	-2.94465   	0.14227    
  3.057   	-2.94325   	0.14217    
  3.0571  	-2.94185   	0.142071   
  3.0572  	-2.94045   	0.141971   
  3.0573  	-2.93905   	0.141872   
  3.0574  	-2.93766   	0.141772   
  3.0575  	-2.93626   	0.141673   
  3.0576  	-2.93487   	0.141574   
  3.0577  	-2.93347   	0.141475   
  3.0578  	-2.93208   	0.141376   
  3.0579  	-2.93069   	0.141277   
  3.058   	-2.9293    	0.141178   
  3.0581  	-2.92791   	0.14108    
  3.0582  	-2.92653   	0.140981   
  3.0583  	-2.92514   	0.140883   
  3.0584  	-2.92375   	0.140785   
  3.0585  	-2.92237   	0.140686   
  3.0586  	-2.92099   	0.140588   
  3.0587  	-2.9196    	0.14049    
  3.0588  	-2.91822   	0.140392   
  3.0589  	-2.91684   	0.140294   
  3.059   	-2.91546   	0.140197   
  3.0591  	-2.91409   	0.140099   
  3.0592  	-2.91271   	0.140001   
  3.0593  	-2.91133   	0.139904   
  3.0594  	-2.90996   	0.139807   
  3.0595  	-2.90859   	0.139709   
  3.0596  	-2.90721   	0.139612   
  3.0597  	-2.90584   	0.139515   
  3.0598  	-2.90447   	0.139418   
  3.0599  	-2.9031    	0.139321   
  3.06    	-2.90173   	0.139225   
  3.0601  	-2.90037   	0.139128   
  3.0602  	-2.899     	0.139031   
  3.0603  	-2.89764   	0.138935   
  3.0604  	-2.89627   	0.138838   
  3.0605  	-2.89491   	0.138742   
  3.0606  	-2.89355   	0.138646   
  3.0607  	-2.89219   	0.13855    
  3.0608  	-2.89083   	0.138454   
  3.0609  	-2.88947   	0.138358   
  3.061   	-2.88811   	0.138262   
  3.0611  	-2.88675   	0.138166   
  3.0612  	-2.8854    	0.138071   
  3.0613  	-2.88404   	0.137975   
  3.0614  	-2.88269   	0.13788    
  3.0615  	-2.88134   	0.137785   
  3.0616  	-2.87999   	0.137689   
  3.0617  	-2.87864   	0.137594   
  3.0618  	-2.87729   	0.137499   
  3.0619  	-2.87594   	0.137404   
  3.062   	-2.87459   	0.137309   
  3.0621  	-2.87324   	0.137215   
  3.0622  	-2.8719    	0.13712    
  3.0623  	-2.87055   	0.137025   
  3.0624  	-2.86921   	0.136931   
  3.0625  	-2.86787   	0.136837   
  3.0626  	-2.86653   	0.136742   
  3.0627  	-2.86519   	0.136648   
  3.0628  	-2.86385   	0.136554   
  3.0629  	-2.86251   	0.13646    
  3.063   	-2.86117   	0.136366   
  3.0631  	-2.85984   	0.136272   
  3.0632  	-2.8585    	0.136178   
  3.0633  	-2.85717   	0.136085   
  3.0634  	-2.85583   	0.135991   
  3.0635  	-2.8545    	0.135898   
  3.0636  	-2.85317   	0.135804   
  3.0637  	-2.85184   	0.135711   
  3.0638  	-2.85051   	0.135618   
  3.0639  	-2.84918   	0.135525   
  3.064   	-2.84786   	0.135432   
  3.0641  	-2.84653   	0.135339   
  3.0642  	-2.84521   	0.135246   
  3.0643  	-2.84388   	0.135154   
  3.0644  	-2.84256   	0.135061   
  3.0645  	-2.84124   	0.134968   
  3.0646  	-2.83992   	0.134876   
  3.0647  	-2.8386    	0.134784   
  3.0648  	-2.83728   	0.134691   
  3.0649  	-2.83596   	0.134599   
  3.065   	-2.83464   	0.134507   
  3.0651  	-2.83333   	0.134415   
  3.0652  	-2.83201   	0.134323   
  3.0653  	-2.8307    	0.134232   
  3.0654  	-2.82939   	0.13414    
  3.0655  	-2.82807   	0.134048   
  3.0656  	-2.82676   	0.133957   
  3.0657  	-2.82545   	0.133865   
  3.0658  	-2.82414   	0.133774   
  3.0659  	-2.82284   	0.133683   
  3.066   	-2.82153   	0.133591   
  3.0661  	-2.82022   	0.1335     
  3.0662  	-2.81892   	0.133409   
  3.0663  	-2.81761   	0.133319   
  3.0664  	-2.81631   	0.133228   
  3.0665  	-2.81501   	0.133137   
  3.0666  	-2.81371   	0.133046   
  3.0667  	-2.81241   	0.132956   
  3.0668  	-2.81111   	0.132865   
  3.0669  	-2.80981   	0.132775   
  3.067   	-2.80851   	0.132685   
  3.0671  	-2.80722   	0.132595   
  3.0672  	-2.80592   	0.132504   
  3.0673  	-2.80463   	0.132414   
  3.0674  	-2.80333   	0.132325   
  3.0675  	-2.80204   	0.132235   
  3.0676  	-2.80075   	0.132145   
  3.0677  	-2.79946   	0.132055   
  3.0678  	-2.79817   	0.131966   
  3.0679  	-2.79688   	0.131876   
  3.068   	-2.79559   	0.131787   
  3.0681  	-2.79431   	0.131698   
  3.0682  	-2.79302   	0.131608   
  3.0683  	-2.79174   	0.131519   
  3.0684  	-2.79045   	0.13143    
  3.0685  	-2.78917   	0.131341   
  3.0686  	-2.78789   	0.131252   
  3.0687  	-2.78661   	0.131164   
  3.0688  	-2.78533   	0.131075   
  3.0689  	-2.78405   	0.130986   
  3.069   	-2.78277   	0.130898   
  3.0691  	-2.78149   	0.130809   
  3.0692  	-2.78022   	0.130721   
  3.0693  	-2.77894   	0.130633   
  3.0694  	-2.77767   	0.130545   
  3.0695  	-2.77639   	0.130457   
  3.0696  	-2.77512   	0.130369   
  3.0697  	-2.77385   	0.130281   
  3.0698  	-2.77258   	0.130193   
  3.0699  	-2.77131   	0.130105   
  3.07    	-2.77004   	0.130017   
  3.0701  	-2.76878   	0.12993    
  3.0702  	-2.76751   	0.129842   
  3.0703  	-2.76624   	0.129755   
  3.0704  	-2.76498   	0.129668   
  3.0705  	-2.76371   	0.12958    
  3.0706  	-2.76245   	0.129493   
  3.0707  	-2.76119   	0.129406   
  3.0708  	-2.75993   	0.129319   
  3.0709  	-2.75867   	0.129232   
  3.071   	-2.75741   	0.129146   
  3.0711  	-2.75615   	0.129059   
  3.0712  	-2.75489   	0.128972   
  3.0713  	-2.75364   	0.128886   
  3.0714  	-2.75238   	0.128799   
  3.0715  	-2.75113   	0.128713   
  3.0716  	-2.74987   	0.128627   
  3.0717  	-2.74862   	0.12854    
  3.0718  	-2.74737   	0.128454   
  3.0719  	-2.74612   	0.128368   
  3.072   	-2.74487   	0.128282   
  3.0721  	-2.74362   	0.128196   
  3.0722  	-2.74237   	0.128111   
  3.0723  	-2.74112   	0.128025   
  3.0724  	-2.73988   	0.127939   
  3.0725  	-2.73863   	0.127854   
  3.0726  	-2.73739   	0.127768   
  3.0727  	-2.73615   	0.127683   
  3.0728  	-2.7349    	0.127598   
  3.0729  	-2.73366   	0.127512   
  3.073   	-2.73242   	0.127427   
  3.0731  	-2.73118   	0.127342   
  3.0732  	-2.72994   	0.127257   
  3.0733  	-2.7287    	0.127172   
  3.0734  	-2.72747   	0.127088   
  3.0735  	-2.72623   	0.127003   
  3.0736  	-2.725     	0.126918   
  3.0737  	-2.72376   	0.126834   
  3.0738  	-2.72253   	0.126749   
  3.0739  	-2.7213    	0.126665   
  3.074   	-2.72006   	0.12658    
  3.0741  	-2.71883   	0.126496   
  3.0742  	-2.7176    	0.126412   
  3.0743  	-2.71637   	0.126328   
  3.0744  	-2.71515   	0.126244   
  3.0745  	-2.71392   	0.12616    
  3.0746  	-2.71269   	0.126076   
  3.0747  	-2.71147   	0.125993   
  3.0748  	-2.71024   	0.125909   
  3.0749  	-2.70902   	0.125825   
  3.075   	-2.7078    	0.125742   
  3.0751  	-2.70657   	0.125658   
  3.0752  	-2.70535   	0.125575   
  3.0753  	-2.70413   	0.125492   
  3.0754  	-2.70291   	0.125409   
  3.0755  	-2.7017    	0.125326   
  3.0756  	-2.70048   	0.125242   
  3.0757  	-2.69926   	0.12516    
  3.0758  	-2.69805   	0.125077   
  3.0759  	-2.69683   	0.124994   
  3.076   	-2.69562   	0.124911   
  3.0761  	-2.69441   	0.124829   
  3.0762  	-2.69319   	0.124746   
  3.0763  	-2.69198   	0.124664   
  3.0764  	-2.69077   	0.124581   
  3.0765  	-2.68956   	0.124499   
  3.0766  	-2.68835   	0.124417   
  3.0767  	-2.68715   	0.124335   
  3.0768  	-2.68594   	0.124252   
  3.0769  	-2.68473   	0.12417    
  3.077   	-2.68353   	0.124089   
  3.0771  	-2.68232   	0.124007   
  3.0772  	-2.68112   	0.123925   
  3.0773  	-2.67992   	0.123843   
  3.0774  	-2.67872   	0.123762   
  3.0775  	-2.67752   	0.12368    
  3.0776  	-2.67632   	0.123599   
  3.0777  	-2.67512   	0.123517   
  3.0778  	-2.67392   	0.123436   
  3.0779  	-2.67272   	0.123355   
  3.078   	-2.67153   	0.123274   
  3.0781  	-2.67033   	0.123193   
  3.0782  	-2.66914   	0.123112   
  3.0783  	-2.66794   	0.123031   
  3.0784  	-2.66675   	0.12295    
  3.0785  	-2.66556   	0.122869   
  3.0786  	-2.66437   	0.122789   
  3.0787  	-2.66318   	0.122708   
  3.0788  	-2.66199   	0.122628   
  3.0789  	-2.6608    	0.122547   
  3.079   	-2.65961   	0.122467   
  3.0791  	-2.65842   	0.122387   
  3.0792  	-2.65724   	0.122306   
  3.0793  	-2.65605   	0.122226   
  3.0794  	-2.65487   	0.122146   
  3.0795  	-2.65368   	0.122066   
  3.0796  	-2.6525    	0.121986   
  3.0797  	-2.65132   	0.121906   
  3.0798  	-2.65014   	0.121827   
  3.0799  	-2.64896   	0.121747   
  3.08    	-2.64778   	0.121667   
  3.0801  	-2.6466    	0.121588   
  3.0802  	-2.64542   	0.121509   
  3.0803  	-2.64424   	0.121429   
  3.0804  	-2.64307   	0.12135    
  3.0805  	-2.64189   	0.121271   
  3.0806  	-2.64072   	0.121192   
  3.0807  	-2.63955   	0.121112   
  3.0808  	-2.63837   	0.121033   
  3.0809  	-2.6372    	0.120955   
  3.081   	-2.63603   	0.120876   
  3.0811  	-2.63486   	0.120797   
  3.0812  	-2.63369   	0.120718   
  3.0813  	-2.63252   	0.12064    
  3.0814  	-2.63136   	0.120561   
  3.0815  	-2.63019   	0.120483   
  3.0816  	-2.62902   	0.120404   
  3.0817  	-2.62786   	0.120326   
  3.0818  	-2.62669   	0.120248   
  3.0819  	-2.62553   	0.12017    
  3.082   	-2.62437   	0.120091   
  3.0821  	-2.6232    	0.120013   
  3.0822  	-2.62204   	0.119936   
  3.0823  	-2.62088   	0.119858   
  3.0824  	-2.61972   	0.11978    
  3.0825  	-2.61857   	0.119702   
  3.0826  	-2.61741   	0.119624   
  3.0827  	-2.61625   	0.119547   
  3.0828  	-2.6151    	0.119469   
  3.0829  	-2.61394   	0.119392   
  3.083   	-2.61279   	0.119315   
  3.0831  	-2.61163   	0.119237   
  3.0832  	-2.61048   	0.11916    
  3.0833  	-2.60933   	0.119083   
  3.0834  	-2.60818   	0.119006   
  3.0835  	-2.60703   	0.118929   
  3.0836  	-2.60588   	0.118852   
  3.0837  	-2.60473   	0.118775   
  3.0838  	-2.60358   	0.118698   
  3.0839  	-2.60243   	0.118622   
  3.084   	-2.60129   	0.118545   
  3.0841  	-2.60014   	0.118468   
  3.0842  	-2.599     	0.118392   
  3.0843  	-2.59785   	0.118316   
  3.0844  	-2.59671   	0.118239   
  3.0845  	-2.59557   	0.118163   
  3.0846  	-2.59443   	0.118087   
  3.0847  	-2.59328   	0.118011   
  3.0848  	-2.59214   	0.117935   
  3.0849  	-2.59101   	0.117859   
  3.085   	-2.58987   	0.117783   
  3.0851  	-2.58873   	0.117707   
  3.0852  	-2.58759   	0.117631   
  3.0853  	-2.58646   	0.117555   
  3.0854  	-2.58532   	0.11748    
  3.0855  	-2.58419   	0.117404   
  3.0856  	-2.58305   	0.117329   
  3.0857  	-2.58192   	0.117253   
  3.0858  	-2.58079   	0.117178   
  3.0859  	-2.57966   	0.117103   
  3.086   	-2.57853   	0.117028   
  3.0861  	-2.5774    	0.116952   
  3.0862  	-2.57627   	0.116877   
  3.0863  	-2.57514   	0.116802   
  3.0864  	-2.57402   	0.116727   
  3.0865  	-2.57289   	0.116653   
  3.0866  	-2.57176   	0.116578   
  3.0867  	-2.57064   	0.116503   
  3.0868  	-2.56951   	0.116428   
  3.0869  	-2.56839   	0.116354   
  3.087   	-2.56727   	0.116279   
  3.0871  	-2.56615   	0.116205   
  3.0872  	-2.56503   	0.116131   
  3.0873  	-2.56391   	0.116056   
  3.0874  	-2.56279   	0.115982   
  3.0875  	-2.56167   	0.115908   
  3.0876  	-2.56055   	0.115834   
  3.0877  	-2.55943   	0.11576    
  3.0878  	-2.55832   	0.115686   
  3.0879  	-2.5572    	0.115612   
  3.088   	-2.55609   	0.115538   
  3.0881  	-2.55497   	0.115465   
  3.0882  	-2.55386   	0.115391   
  3.0883  	-2.55275   	0.115317   
  3.0884  	-2.55164   	0.115244   
  3.0885  	-2.55053   	0.11517    
  3.0886  	-2.54942   	0.115097   
  3.0887  	-2.54831   	0.115024   
  3.0888  	-2.5472    	0.11495    
  3.0889  	-2.54609   	0.114877   
  3.089   	-2.54498   	0.114804   
  3.0891  	-2.54388   	0.114731   
  3.0892  	-2.54277   	0.114658   
  3.0893  	-2.54167   	0.114585   
  3.0894  	-2.54056   	0.114512   
  3.0895  	-2.53946   	0.114439   
  3.0896  	-2.53836   	0.114367   
  3.0897  	-2.53726   	0.114294   
  3.0898  	-2.53616   	0.114221   
  3.0899  	-2.53506   	0.114149   
  3.09    	-2.53396   	0.114077   
  3.0901  	-2.53286   	0.114004   
  3.0902  	-2.53176   	0.113932   
  3.0903  	-2.53066   	0.11386    
  3.0904  	-2.52957   	0.113787   
  3.0905  	-2.52847   	0.113715   
  3.0906  	-2.52738   	0.113643   
  3.0907  	-2.52628   	0.113571   
  3.0908  	-2.52519   	0.113499   
  3.0909  	-2.5241    	0.113428   
  3.091   	-2.523     	0.113356   
  3.0911  	-2.52191   	0.113284   
  3.0912  	-2.52082   	0.113212   
  3.0913  	-2.51973   	0.113141   
  3.0914  	-2.51864   	0.113069   
  3.0915  	-2.51756   	0.112998   
  3.0916  	-2.51647   	0.112927   
  3.0917  	-2.51538   	0.112855   
  3.0918  	-2.5143    	0.112784   
  3.0919  	-2.51321   	0.112713   
  3.092   	-2.51213   	0.112642   
  3.0921  	-2.51104   	0.112571   
  3.0922  	-2.50996   	0.1125     
  3.0923  	-2.50888   	0.112429   
  3.0924  	-2.5078    	0.112358   
  3.0925  	-2.50672   	0.112287   
  3.0926  	-2.50564   	0.112216   
  3.0927  	-2.50456   	0.112146   
  3.0928  	-2.50348   	0.112075   
  3.0929  	-2.5024    	0.112005   
  3.093   	-2.50133   	0.111934   
  3.0931  	-2.50025   	0.111864   
  3.0932  	-2.49917   	0.111794   
  3.0933  	-2.4981    	0.111723   
  3.0934  	-2.49703   	0.111653   
  3.0935  	-2.49595   	0.111583   
  3.0936  	-2.49488   	0.111513   
  3.0937  	-2.49381   	0.111443   
  3.0938  	-2.49274   	0.111373   
  3.0939  	-2.49167   	0.111303   
  3.094   	-2.4906    	0.111233   
  3.0941  	-2.48953   	0.111163   
  3.0942  	-2.48846   	0.111094   
  3.0943  	-2.48739   	0.111024   
  3.0944  	-2.48633   	0.110955   
  3.0945  	-2.48526   	0.110885   
  3.0946  	-2.48419   	0.110816   
  3.0947  	-2.48313   	0.110746   
  3.0948  	-2.48207   	0.110677   
  3.0949  	-2.481     	0.110608   
  3.095   	-2.47994   	0.110539   
  3.0951  	-2.47888   	0.11047    
  3.0952  	-2.47782   	0.1104     
  3.0953  	-2.47676   	0.110331   
  3.0954  	-2.4757    	0.110263   
  3.0955  	-2.47464   	0.110194   
  3.0956  	-2.47358   	0.110125   
  3.0957  	-2.47252   	0.110056   
  3.0958  	-2.47147   	0.109988   
  3.0959  	-2.47041   	0.109919   
  3.096   	-2.46936   	0.10985    
  3.0961  	-2.4683    	0.109782   
  3.0962  	-2.46725   	0.109714   
  3.0963  	-2.4662    	0.109645   
  3.0964  	-2.46514   	0.109577   
  3.0965  	-2.46409   	0.109509   
  3.0966  	-2.46304   	0.10944    
  3.0967  	-2.46199   	0.109372   
  3.0968  	-2.46094   	0.109304   
  3.0969  	-2.45989   	0.109236   
  3.097   	-2.45884   	0.109168   
  3.0971  	-2.4578    	0.109101   
  3.0972  	-2.45675   	0.109033   
  3.0973  	-2.4557    	0.108965   
  3.0974  	-2.45466   	0.108897   
  3.0975  	-2.45361   	0.10883    
  3.0976  	-2.45257   	0.108762   
  3.0977  	-2.45153   	0.108695   
  3.0978  	-2.45048   	0.108627   
  3.0979  	-2.44944   	0.10856    
  3.098   	-2.4484    	0.108493   
  3.0981  	-2.44736   	0.108425   
  3.0982  	-2.44632   	0.108358   
  3.0983  	-2.44528   	0.108291   
  3.0984  	-2.44424   	0.108224   
  3.0985  	-2.44321   	0.108157   
  3.0986  	-2.44217   	0.10809    
  3.0987  	-2.44113   	0.108023   
  3.0988  	-2.4401    	0.107956   
  3.0989  	-2.43906   	0.10789    
  3.099   	-2.43803   	0.107823   
  3.0991  	-2.437     	0.107756   
  3.0992  	-2.43596   	0.10769    
  3.0993  	-2.43493   	0.107623   
  3.0994  	-2.4339    	0.107557   
  3.0995  	-2.43287   	0.107491   
  3.0996  	-2.43184   	0.107424   
  3.0997  	-2.43081   	0.107358   
  3.0998  	-2.42978   	0.107292   
  3.0999  	-2.42875   	0.107226   
  3.1     	-2.42773   	0.107159   
  3.1001  	-2.4267    	0.107093   
  3.1002  	-2.42567   	0.107027   
  3.1003  	-2.42465   	0.106962   
  3.1004  	-2.42362   	0.106896   
  3.1005  	-2.4226    	0.10683    
  3.1006  	-2.42158   	0.106764   
  3.1007  	-2.42055   	0.106699   
  3.1008  	-2.41953   	0.106633   
  3.1009  	-2.41851   	0.106567   
  3.101   	-2.41749   	0.106502   
  3.1011  	-2.41647   	0.106436   
  3.1012  	-2.41545   	0.106371   
  3.1013  	-2.41443   	0.106306   
  3.1014  	-2.41342   	0.106241   
  3.1015  	-2.4124    	0.106175   
  3.1016  	-2.41138   	0.10611    
  3.1017  	-2.41037   	0.106045   
  3.1018  	-2.40935   	0.10598    
  3.1019  	-2.40834   	0.105915   
  3.102   	-2.40732   	0.10585    
  3.1021  	-2.40631   	0.105785   
  3.1022  	-2.4053    	0.105721   
  3.1023  	-2.40429   	0.105656   
  3.1024  	-2.40328   	0.105591   
  3.1025  	-2.40227   	0.105527   
  3.1026  	-2.40126   	0.105462   
  3.1027  	-2.40025   	0.105398   
  3.1028  	-2.39924   	0.105333   
  3.1029  	-2.39823   	0.105269   
  3.103   	-2.39722   	0.105204   
  3.1031  	-2.39622   	0.10514    
  3.1032  	-2.39521   	0.105076   
  3.1033  	-2.39421   	0.105012   
  3.1034  	-2.3932    	0.104948   
  3.1035  	-2.3922    	0.104884   
  3.1036  	-2.3912    	0.10482    
  3.1037  	-2.39019   	0.104756   
  3.1038  	-2.38919   	0.104692   
  3.1039  	-2.38819   	0.104628   
  3.104   	-2.38719   	0.104564   
  3.1041  	-2.38619   	0.104501   
  3.1042  	-2.38519   	0.104437   
  3.1043  	-2.38419   	0.104374   
  3.1044  	-2.3832    	0.10431    
  3.1045  	-2.3822    	0.104247   
  3.1046  	-2.3812    	0.104183   
  3.1047  	-2.38021   	0.10412    
  3.1048  	-2.37921   	0.104057   
  3.1049  	-2.37822   	0.103993   
  3.105   	-2.37722   	0.10393    
  3.1051  	-2.37623   	0.103867   
  3.1052  	-2.37524   	0.103804   
  3.1053  	-2.37425   	0.103741   
  3.1054  	-2.37325   	0.103678   
  3.1055  	-2.37226   	0.103615   
  3.1056  	-2.37127   	0.103552   
  3.1057  	-2.37028   	0.103489   
  3.1058  	-2.3693    	0.103427   
  3.1059  	-2.36831   	0.103364   
  3.106   	-2.36732   	0.103301   
  3.1061  	-2.36633   	0.103239   
  3.1062  	-2.36535   	0.103176   
  3.1063  	-2.36436   	0.103114   
  3.1064  	-2.36338   	0.103052   
  3.1065  	-2.36239   	0.102989   
  3.1066  	-2.36141   	0.102927   
  3.1067  	-2.36043   	0.102865   
  3.1068  	-2.35944   	0.102803   
  3.1069  	-2.35846   	0.102741   
  3.107   	-2.35748   	0.102678   
  3.1071  	-2.3565    	0.102616   
  3.1072  	-2.35552   	0.102555   
  3.1073  	-2.35454   	0.102493   
  3.1074  	-2.35356   	0.102431   
  3.1075  	-2.35259   	0.102369   
  3.1076  	-2.35161   	0.102307   
  3.1077  	-2.35063   	0.102246   
  3.1078  	-2.34966   	0.102184   
  3.1079  	-2.34868   	0.102122   
  3.108   	-2.34771   	0.102061   
  3.1081  	-2.34673   	0.101999   
  3.1082  	-2.34576   	0.101938   
  3.1083  	-2.34479   	0.101877   
  3.1084  	-2.34382   	0.101815   
  3.1085  	-2.34284   	0.101754   
  3.1086  	-2.34187   	0.101693   
  3.1087  	-2.3409    	0.101632   
  3.1088  	-2.33993   	0.101571   
  3.1089  	-2.33896   	0.10151    
  3.109   	-2.338     	0.101449   
  3.1091  	-2.33703   	0.101388   
  3.1092  	-2.33606   	0.101327   
  3.1093  	-2.33509   	0.101266   
  3.1094  	-2.33413   	0.101206   
  3.1095  	-2.33316   	0.101145   
  3.1096  	-2.3322    	0.101084   
  3.1097  	-2.33124   	0.101024   
  3.1098  	-2.33027   	0.100963   
  3.1099  	-2.32931   	0.100903   
  3.11    	-2.32835   	0.100842   
  3.1101  	-2.32739   	0.100782   
  3.1102  	-2.32642   	0.100722   
  3.1103  	-2.32546   	0.100661   
  3.1104  	-2.32451   	0.100601   
  3.1105  	-2.32355   	0.100541   
  3.1106  	-2.32259   	0.100481   
  3.1107  	-2.32163   	0.100421   
  3.1108  	-2.32067   	0.100361   
  3.1109  	-2.31972   	0.100301   
  3.111   	-2.31876   	0.100241   
  3.1111  	-2.31781   	0.100181   
  3.1112  	-2.31685   	0.100121   
  3.1113  	-2.3159    	0.100062   
  3.1114  	-2.31494   	0.100002   
  3.1115  	-2.31399   	0.0999423  
  3.1116  	-2.31304   	0.0998827  
  3.1117  	-2.31209   	0.0998232  
  3.1118  	-2.31114   	0.0997637  
  3.1119  	-2.31018   	0.0997043  
  3.112   	-2.30923   	0.099645   
  3.1121  	-2.30829   	0.0995857  
  3.1122  	-2.30734   	0.0995264  
  3.1123  	-2.30639   	0.0994672  
  3.1124  	-2.30544   	0.099408   
  3.1125  	-2.30449   	0.0993489  
  3.1126  	-2.30355   	0.0992899  
  3.1127  	-2.3026    	0.0992309  
  3.1128  	-2.30166   	0.0991719  
  3.1129  	-2.30071   	0.099113   
  3.113   	-2.29977   	0.0990542  
  3.1131  	-2.29883   	0.0989954  
  3.1132  	-2.29788   	0.0989367  
  3.1133  	-2.29694   	0.098878   
  3.1134  	-2.296     	0.0988193  
  3.1135  	-2.29506   	0.0987607  
  3.1136  	-2.29412   	0.0987022  
  3.1137  	-2.29318   	0.0986437  
  3.1138  	-2.29224   	0.0985853  
  3.1139  	-2.2913    	0.0985269  
  3.114   	-2.29037   	0.0984686  
  3.1141  	-2.28943   	0.0984103  
  3.1142  	-2.28849   	0.0983521  
  3.1143  	-2.28756   	0.0982939  
  3.1144  	-2.28662   	0.0982358  
  3.1145  	-2.28569   	0.0981777  
  3.1146  	-2.28475   	0.0981197  
  3.1147  	-2.28382   	0.0980617  
  3.1148  	-2.28288   	0.0980038  
  3.1149  	-2.28195   	0.0979459  
  3.115   	-2.28102   	0.0978881  
  3.1151  	-2.28009   	0.0978303  
  3.1152  	-2.27916   	0.0977726  
  3.1153  	-2.27823   	0.0977149  
  3.1154  	-2.2773    	0.0976573  
  3.1155  	-2.27637   	0.0975997  
  3.1156  	-2.27544   	0.0975422  
  3.1157  	-2.27451   	0.0974847  
  3.1158  	-2.27359   	0.0974273  
  3.1159  	-2.27266   	0.09737    
  3.116   	-2.27173   	0.0973126  
  3.1161  	-2.27081   	0.0972554  
  3.1162  	-2.26988   	0.0971981  
  3.1163  	-2.26896   	0.097141   
  3.1164  	-2.26804   	0.0970839  
  3.1165  	-2.26711   	0.0970268  
  3.1166  	-2.26619   	0.0969698  
  3.1167  	-2.26527   	0.0969128  
  3.1168  	-2.26435   	0.0968559  
  3.1169  	-2.26343   	0.096799   
  3.117   	-2.26251   	0.0967422  
  3.1171  	-2.26159   	0.0966854  
  3.1172  	-2.26067   	0.0966287  
  3.1173  	-2.25975   	0.096572   
  3.1174  	-2.25883   	0.0965154  
  3.1175  	-2.25792   	0.0964588  
  3.1176  	-2.257     	0.0964023  
  3.1177  	-2.25608   	0.0963458  
  3.1178  	-2.25517   	0.0962894  
  3.1179  	-2.25425   	0.096233   
  3.118   	-2.25334   	0.0961767  
  3.1181  	-2.25242   	0.0961204  
  3.1182  	-2.25151   	0.0960642  
  3.1183  	-2.2506    	0.096008   
  3.1184  	-2.24969   	0.0959519  
  3.1185  	-2.24877   	0.0958958  
  3.1186  	-2.24786   	0.0958397  
  3.1187  	-2.24695   	0.0957838  
  3.1188  	-2.24604   	0.0957278  
  3.1189  	-2.24513   	0.0956719  
  3.119   	-2.24423   	0.0956161  
  3.1191  	-2.24332   	0.0955603  
  3.1192  	-2.24241   	0.0955045  
  3.1193  	-2.2415    	0.0954488  
  3.1194  	-2.2406    	0.0953932  
  3.1195  	-2.23969   	0.0953376  
  3.1196  	-2.23879   	0.095282   
  3.1197  	-2.23788   	0.0952265  
  3.1198  	-2.23698   	0.0951711  
  3.1199  	-2.23607   	0.0951157  
  3.12    	-2.23517   	0.0950603  
  3.1201  	-2.23427   	0.095005   
  3.1202  	-2.23337   	0.0949497  
  3.1203  	-2.23246   	0.0948945  
  3.1204  	-2.23156   	0.0948393  
  3.1205  	-2.23066   	0.0947842  
  3.1206  	-2.22976   	0.0947291  
  3.1207  	-2.22886   	0.0946741  
  3.1208  	-2.22797   	0.0946191  
  3.1209  	-2.22707   	0.0945642  
  3.121   	-2.22617   	0.0945093  
  3.1211  	-2.22527   	0.0944545  
  3.1212  	-2.22438   	0.0943997  
  3.1213  	-2.22348   	0.0943449  
  3.1214  	-2.22259   	0.0942902  
  3.1215  	-2.22169   	0.0942356  
  3.1216  	-2.2208    	0.094181   
  3.1217  	-2.2199    	0.0941264  
  3.1218  	-2.21901   	0.0940719  
  3.1219  	-2.21812   	0.0940175  
  3.122   	-2.21723   	0.093963   
  3.1221  	-2.21634   	0.0939087  
  3.1222  	-2.21545   	0.0938544  
  3.1223  	-2.21455   	0.0938001  
  3.1224  	-2.21367   	0.0937459  
  3.1225  	-2.21278   	0.0936917  
  3.1226  	-2.21189   	0.0936375  
  3.1227  	-2.211     	0.0935834  
  3.1228  	-2.21011   	0.0935294  
  3.1229  	-2.20923   	0.0934754  
  3.123   	-2.20834   	0.0934215  
  3.1231  	-2.20745   	0.0933676  
  3.1232  	-2.20657   	0.0933137  
  3.1233  	-2.20568   	0.0932599  
  3.1234  	-2.2048    	0.0932061  
  3.1235  	-2.20392   	0.0931524  
  3.1236  	-2.20303   	0.0930987  
  3.1237  	-2.20215   	0.0930451  
  3.1238  	-2.20127   	0.0929915  
  3.1239  	-2.20039   	0.092938   
  3.124   	-2.19951   	0.0928845  
  3.1241  	-2.19862   	0.0928311  
  3.1242  	-2.19775   	0.0927777  
  3.1243  	-2.19687   	0.0927243  
  3.1244  	-2.19599   	0.092671   
  3.1245  	-2.19511   	0.0926177  
  3.1246  	-2.19423   	0.0925645  
  3.1247  	-2.19335   	0.0925114  
  3.1248  	-2.19248   	0.0924582  
  3.1249  	-2.1916    	0.0924052  
  3.125   	-2.19073   	0.0923521  
  3.1251  	-2.18985   	0.0922991  
  3.1252  	-2.18898   	0.0922462  
  3.1253  	-2.1881    	0.0921933  
  3.1254  	-2.18723   	0.0921404  
  3.1255  	-2.18636   	0.0920876  
  3.1256  	-2.18548   	0.0920349  
  3.1257  	-2.18461   	0.0919822  
  3.1258  	-2.18374   	0.0919295  
  3.1259  	-2.18287   	0.0918769  
  3.126   	-2.182     	0.0918243  
  3.1261  	-2.18113   	0.0917717  
  3.1262  	-2.18026   	0.0917192  
  3.1263  	-2.17939   	0.0916668  
  3.1264  	-2.17852   	0.0916144  
  3.1265  	-2.17766   	0.091562   
  3.1266  	-2.17679   	0.0915097  
  3.1267  	-2.17592   	0.0914574  
  3.1268  	-2.17506   	0.0914052  
  3.1269  	-2.17419   	0.091353   
  3.127   	-2.17333   	0.0913009  
  3.1271  	-2.17246   	0.0912488  
  3.1272  	-2.1716    	0.0911968  
  3.1273  	-2.17074   	0.0911448  
  3.1274  	-2.16987   	0.0910928  
  3.1275  	-2.16901   	0.0910409  
  3.1276  	-2.16815   	0.090989   
  3.1277  	-2.16729   	0.0909372  
  3.1278  	-2.16643   	0.0908854  
  3.1279  	-2.16557   	0.0908337  
  3.128   	-2.16471   	0.090782   
  3.1281  	-2.16385   	0.0907303  
  3.1282  	-2.16299   	0.0906787  
  3.1283  	-2.16213   	0.0906271  
  3.1284  	-2.16127   	0.0905756  
  3.1285  	-2.16042   	0.0905241  
  3.1286  	-2.15956   	0.0904727  
  3.1287  	-2.15871   	0.0904213  
  3.1288  	-2.15785   	0.09037    
  3.1289  	-2.15699   	0.0903187  
  3.129   	-2.15614   	0.0902674  
  3.1291  	-2.15529   	0.0902162  
  3.1292  	-2.15443   	0.090165   
  3.1293  	-2.15358   	0.0901139  
  3.1294  	-2.15273   	0.0900628  
  3.1295  	-2.15188   	0.0900117  
  3.1296  	-2.15102   	0.0899607  
  3.1297  	-2.15017   	0.0899098  
  3.1298  	-2.14932   	0.0898589  
  3.1299  	-2.14847   	0.089808   
  3.13    	-2.14762   	0.0897572  
  3.1301  	-2.14678   	0.0897064  
  3.1302  	-2.14593   	0.0896556  
  3.1303  	-2.14508   	0.0896049  
  3.1304  	-2.14423   	0.0895543  
  3.1305  	-2.14339   	0.0895037  
  3.1306  	-2.14254   	0.0894531  
  3.1307  	-2.14169   	0.0894026  
  3.1308  	-2.14085   	0.0893521  
  3.1309  	-2.14      	0.0893016  
  3.131   	-2.13916   	0.0892512  
  3.1311  	-2.13832   	0.0892009  
  3.1312  	-2.13747   	0.0891506  
  3.1313  	-2.13663   	0.0891003  
  3.1314  	-2.13579   	0.0890501  
  3.1315  	-2.13495   	0.0889999  
  3.1316  	-2.13411   	0.0889497  
  3.1317  	-2.13326   	0.0888996  
  3.1318  	-2.13242   	0.0888495  
  3.1319  	-2.13158   	0.0887995  
  3.132   	-2.13075   	0.0887495  
  3.1321  	-2.12991   	0.0886996  
  3.1322  	-2.12907   	0.0886497  
  3.1323  	-2.12823   	0.0885999  
  3.1324  	-2.12739   	0.08855    
  3.1325  	-2.12656   	0.0885003  
  3.1326  	-2.12572   	0.0884505  
  3.1327  	-2.12489   	0.0884009  
  3.1328  	-2.12405   	0.0883512  
  3.1329  	-2.12322   	0.0883016  
  3.133   	-2.12238   	0.088252   
  3.1331  	-2.12155   	0.0882025  
  3.1332  	-2.12072   	0.088153   
  3.1333  	-2.11988   	0.0881036  
  3.1334  	-2.11905   	0.0880542  
  3.1335  	-2.11822   	0.0880049  
  3.1336  	-2.11739   	0.0879555  
  3.1337  	-2.11656   	0.0879063  
  3.1338  	-2.11573   	0.087857   
  3.1339  	-2.1149    	0.0878079  
  3.134   	-2.11407   	0.0877587  
  3.1341  	-2.11324   	0.0877096  
  3.1342  	-2.11241   	0.0876605  
  3.1343  	-2.11158   	0.0876115  
  3.1344  	-2.11076   	0.0875625  
  3.1345  	-2.10993   	0.0875136  
  3.1346  	-2.1091    	0.0874647  
  3.1347  	-2.10828   	0.0874158  
  3.1348  	-2.10745   	0.087367   
  3.1349  	-2.10663   	0.0873182  
  3.135   	-2.1058    	0.0872695  
  3.1351  	-2.10498   	0.0872208  
  3.1352  	-2.10416   	0.0871721  
  3.1353  	-2.10333   	0.0871235  
  3.1354  	-2.10251   	0.0870749  
  3.1355  	-2.10169   	0.0870264  
  3.1356  	-2.10087   	0.0869779  
  3.1357  	-2.10005   	0.0869294  
  3.1358  	-2.09923   	0.086881   
  3.1359  	-2.09841   	0.0868326  
  3.136   	-2.09759   	0.0867843  
  3.1361  	-2.09677   	0.086736   
  3.1362  	-2.09595   	0.0866878  
  3.1363  	-2.09513   	0.0866395  
  3.1364  	-2.09432   	0.0865914  
  3.1365  	-2.0935    	0.0865432  
  3.1366  	-2.09268   	0.0864951  
  3.1367  	-2.09187   	0.0864471  
  3.1368  	-2.09105   	0.0863991  
  3.1369  	-2.09024   	0.0863511  
  3.137   	-2.08942   	0.0863032  
  3.1371  	-2.08861   	0.0862553  
  3.1372  	-2.08779   	0.0862074  
  3.1373  	-2.08698   	0.0861596  
  3.1374  	-2.08617   	0.0861118  
  3.1375  	-2.08536   	0.0860641  
  3.1376  	-2.08454   	0.0860164  
  3.1377  	-2.08373   	0.0859687  
  3.1378  	-2.08292   	0.0859211  
  3.1379  	-2.08211   	0.0858735  
  3.138   	-2.0813    	0.085826   
  3.1381  	-2.08049   	0.0857785  
  3.1382  	-2.07969   	0.085731   
  3.1383  	-2.07888   	0.0856836  
  3.1384  	-2.07807   	0.0856362  
  3.1385  	-2.07726   	0.0855889  
  3.1386  	-2.07645   	0.0855416  
  3.1387  	-2.07565   	0.0854943  
  3.1388  	-2.07484   	0.0854471  
  3.1389  	-2.07404   	0.0853999  
  3.139   	-2.07323   	0.0853528  
  3.1391  	-2.07243   	0.0853057  
  3.1392  	-2.07162   	0.0852586  
  3.1393  	-2.07082   	0.0852116  
  3.1394  	-2.07002   	0.0851646  
  3.1395  	-2.06921   	0.0851176  
  3.1396  	-2.06841   	0.0850707  
  3.1397  	-2.06761   	0.0850238  
  3.1398  	-2.06681   	0.084977   
  3.1399  	-2.06601   	0.0849302  
  3.14    	-2.06521   	0.0848834  
  3.1401  	-2.06441   	0.0848367  
  3.1402  	-2.06361   	0.08479    
  3.1403  	-2.06281   	0.0847434  
  3.1404  	-2.06201   	0.0846968  
  3.1405  	-2.06121   	0.0846502  
  3.1406  	-2.06042   	0.0846037  
  3.1407  	-2.05962   	0.0845572  
  3.1408  	-2.05882   	0.0845108  
  3.1409  	-2.05803   	0.0844643  
  3.141   	-2.05723   	0.084418   
  3.1411  	-2.05644   	0.0843716  
  3.1412  	-2.05564   	0.0843253  
  3.1413  	-2.05485   	0.0842791  
  3.1414  	-2.05405   	0.0842329  
  3.1415  	-2.05326   	0.0841867  
  3.1416  	-2.05247   	0.0841405  
  3.1417  	-2.05167   	0.0840944  
  3.1418  	-2.05088   	0.0840483  
  3.1419  	-2.05009   	0.0840023  
  3.142   	-2.0493    	0.0839563  
  3.1421  	-2.04851   	0.0839104  
  3.1422  	-2.04772   	0.0838644  
  3.1423  	-2.04693   	0.0838186  
  3.1424  	-2.04614   	0.0837727  
  3.1425  	-2.04535   	0.0837269  
  3.1426  	-2.04456   	0.0836811  
  3.1427  	-2.04378   	0.0836354  
  3.1428  	-2.04299   	0.0835897  
  3.1429  	-2.0422    	0.083544   
  3.143   	-2.04142   	0.0834984  
  3.1431  	-2.04063   	0.0834528  
  3.1432  	-2.03984   	0.0834073  
  3.1433  	-2.03906   	0.0833618  
  3.1434  	-2.03827   	0.0833163  
  3.1435  	-2.03749   	0.0832709  
  3.1436  	-2.03671   	0.0832255  
  3.1437  	-2.03592   	0.0831801  
  3.1438  	-2.03514   	0.0831348  
  3.1439  	-2.03436   	0.0830895  
  3.144   	-2.03358   	0.0830443  
  3.1441  	-2.03279   	0.0829991  
  3.1442  	-2.03201   	0.0829539  
  3.1443  	-2.03123   	0.0829088  
  3.1444  	-2.03045   	0.0828637  
  3.1445  	-2.02967   	0.0828186  
  3.1446  	-2.02889   	0.0827736  
  3.1447  	-2.02812   	0.0827286  
  3.1448  	-2.02734   	0.0826836  
  3.1449  	-2.02656   	0.0826387  
  3.145   	-2.02578   	0.0825938  
  3.1451  	-2.02501   	0.082549   
  3.1452  	-2.02423   	0.0825042  
  3.1453  	-2.02345   	0.0824594  
  3.1454  	-2.02268   	0.0824147  
  3.1455  	-2.0219    	0.08237    
  3.1456  	-2.02113   	0.0823253  
  3.1457  	-2.02035   	0.0822807  
  3.1458  	-2.01958   	0.0822361  
  3.1459  	-2.01881   	0.0821916  
  3.146   	-2.01803   	0.082147   
  3.1461  	-2.01726   	0.0821026  
  3.1462  	-2.01649   	0.0820581  
  3.1463  	-2.01572   	0.0820137  
  3.1464  	-2.01495   	0.0819693  
  3.1465  	-2.01418   	0.081925   
  3.1466  	-2.0134    	0.0818807  
  3.1467  	-2.01263   	0.0818364  
  3.1468  	-2.01187   	0.0817922  
  3.1469  	-2.0111    	0.081748   
  3.147   	-2.01033   	0.0817039  
  3.1471  	-2.00956   	0.0816598  
  3.1472  	-2.00879   	0.0816157  
  3.1473  	-2.00803   	0.0815716  
  3.1474  	-2.00726   	0.0815276  
  3.1475  	-2.00649   	0.0814836  
  3.1476  	-2.00573   	0.0814397  
  3.1477  	-2.00496   	0.0813958  
  3.1478  	-2.0042    	0.0813519  
  3.1479  	-2.00343   	0.0813081  
  3.148   	-2.00267   	0.0812643  
  3.1481  	-2.0019    	0.0812205  
  3.1482  	-2.00114   	0.0811768  
  3.1483  	-2.00038   	0.0811331  
  3.1484  	-1.99962   	0.0810895  
  3.1485  	-1.99885   	0.0810458  
  3.1486  	-1.99809   	0.0810022  
  3.1487  	-1.99733   	0.0809587  
  3.1488  	-1.99657   	0.0809152  
  3.1489  	-1.99581   	0.0808717  
  3.149   	-1.99505   	0.0808283  
  3.1491  	-1.99429   	0.0807848  
  3.1492  	-1.99353   	0.0807415  
  3.1493  	-1.99277   	0.0806981  
  3.1494  	-1.99202   	0.0806548  
  3.1495  	-1.99126   	0.0806116  
  3.1496  	-1.9905    	0.0805683  
  3.1497  	-1.98974   	0.0805251  
  3.1498  	-1.98899   	0.080482   
  3.1499  	-1.98823   	0.0804388  
  3.15    	-1.98748   	0.0803957  
  3.1501  	-1.98672   	0.0803527  
  3.1502  	-1.98597   	0.0803096  
  3.1503  	-1.98521   	0.0802666  
  3.1504  	-1.98446   	0.0802237  
  3.1505  	-1.9837    	0.0801808  
  3.1506  	-1.98295   	0.0801379  
  3.1507  	-1.9822    	0.080095   
  3.1508  	-1.98145   	0.0800522  
  3.1509  	-1.9807    	0.0800094  
  3.151   	-1.97994   	0.0799667  
  3.1511  	-1.97919   	0.079924   
  3.1512  	-1.97844   	0.0798813  
  3.1513  	-1.97769   	0.0798386  
  3.1514  	-1.97694   	0.079796   
  3.1515  	-1.97619   	0.0797534  
  3.1516  	-1.97545   	0.0797109  
  3.1517  	-1.9747    	0.0796684  
  3.1518  	-1.97395   	0.0796259  
  3.1519  	-1.9732    	0.0795835  
  3.152   	-1.97246   	0.0795411  
  3.1521  	-1.97171   	0.0794987  
  3.1522  	-1.97096   	0.0794563  
  3.1523  	-1.97022   	0.079414   
  3.1524  	-1.96947   	0.0793718  
  3.1525  	-1.96873   	0.0793295  
  3.1526  	-1.96798   	0.0792873  
  3.1527  	-1.96724   	0.0792452  
  3.1528  	-1.9665    	0.079203   
  3.1529  	-1.96575   	0.0791609  
  3.153   	-1.96501   	0.0791189  
  3.1531  	-1.96427   	0.0790768  
  3.1532  	-1.96352   	0.0790348  
  3.1533  	-1.96278   	0.0789928  
  3.1534  	-1.96204   	0.0789509  
  3.1535  	-1.9613    	0.078909   
  3.1536  	-1.96056   	0.0788671  
  3.1537  	-1.95982   	0.0788253  
  3.1538  	-1.95908   	0.0787835  
  3.1539  	-1.95834   	0.0787417  
  3.154   	-1.9576    	0.0787     
  3.1541  	-1.95687   	0.0786583  
  3.1542  	-1.95613   	0.0786166  
  3.1543  	-1.95539   	0.078575   
  3.1544  	-1.95465   	0.0785334  
  3.1545  	-1.95392   	0.0784918  
  3.1546  	-1.95318   	0.0784503  
  3.1547  	-1.95245   	0.0784088  
  3.1548  	-1.95171   	0.0783673  
  3.1549  	-1.95098   	0.0783259  
  3.155   	-1.95024   	0.0782845  
  3.1551  	-1.94951   	0.0782431  
  3.1552  	-1.94877   	0.0782018  
  3.1553  	-1.94804   	0.0781605  
  3.1554  	-1.94731   	0.0781192  
  3.1555  	-1.94657   	0.078078   
  3.1556  	-1.94584   	0.0780368  
  3.1557  	-1.94511   	0.0779956  
  3.1558  	-1.94438   	0.0779545  
  3.1559  	-1.94365   	0.0779134  
  3.156   	-1.94292   	0.0778723  
  3.1561  	-1.94219   	0.0778313  
  3.1562  	-1.94146   	0.0777903  
  3.1563  	-1.94073   	0.0777493  
  3.1564  	-1.94      	0.0777083  
  3.1565  	-1.93927   	0.0776674  
  3.1566  	-1.93854   	0.0776266  
  3.1567  	-1.93782   	0.0775857  
  3.1568  	-1.93709   	0.0775449  
  3.1569  	-1.93636   	0.0775041  
  3.157   	-1.93564   	0.0774634  
  3.1571  	-1.93491   	0.0774227  
  3.1572  	-1.93419   	0.077382   
  3.1573  	-1.93346   	0.0773413  
  3.1574  	-1.93274   	0.0773007  
  3.1575  	-1.93201   	0.0772601  
  3.1576  	-1.93129   	0.0772196  
  3.1577  	-1.93056   	0.077179   
  3.1578  	-1.92984   	0.0771386  
  3.1579  	-1.92912   	0.0770981  
  3.158   	-1.9284    	0.0770577  
  3.1581  	-1.92767   	0.0770173  
  3.1582  	-1.92695   	0.0769769  
  3.1583  	-1.92623   	0.0769366  
  3.1584  	-1.92551   	0.0768963  
  3.1585  	-1.92479   	0.076856   
  3.1586  	-1.92407   	0.0768158  
  3.1587  	-1.92335   	0.0767756  
  3.1588  	-1.92263   	0.0767354  
  3.1589  	-1.92191   	0.0766953  
  3.159   	-1.92119   	0.0766552  
  3.1591  	-1.92048   	0.0766151  
  3.1592  	-1.91976   	0.0765751  
  3.1593  	-1.91904   	0.076535   
  3.1594  	-1.91832   	0.0764951  
  3.1595  	-1.91761   	0.0764551  
  3.1596  	-1.91689   	0.0764152  
  3.1597  	-1.91618   	0.0763753  
  3.1598  	-1.91546   	0.0763355  
  3.1599  	-1.91475   	0.0762956  
  3.16    	-1.91403   	0.0762558  
  3.1601  	-1.91332   	0.0762161  
  3.1602  	-1.9126    	0.0761764  
  3.1603  	-1.91189   	0.0761367  
  3.1604  	-1.91118   	0.076097   
  3.1605  	-1.91047   	0.0760574  
  3.1606  	-1.90975   	0.0760178  
  3.1607  	-1.90904   	0.0759782  
  3.1608  	-1.90833   	0.0759386  
  3.1609  	-1.90762   	0.0758991  
  3.161   	-1.90691   	0.0758597  
  3.1611  	-1.9062    	0.0758202  
  3.1612  	-1.90549   	0.0757808  
  3.1613  	-1.90478   	0.0757414  
  3.1614  	-1.90407   	0.075702   
  3.1615  	-1.90336   	0.0756627  
  3.1616  	-1.90265   	0.0756234  
  3.1617  	-1.90195   	0.0755842  
  3.1618  	-1.90124   	0.0755449  
  3.1619  	-1.90053   	0.0755057  
  3.162   	-1.89983   	0.0754666  
  3.1621  	-1.89912   	0.0754274  
  3.1622  	-1.89841   	0.0753883  
  3.1623  	-1.89771   	0.0753492  
  3.1624  	-1.897     	0.0753102  
  3.1625  	-1.8963    	0.0752712  
  3.1626  	-1.89559   	0.0752322  
  3.1627  	-1.89489   	0.0751932  
  3.1628  	-1.89419   	0.0751543  
  3.1629  	-1.89348   	0.0751154  
  3.163   	-1.89278   	0.0750766  
  3.1631  	-1.89208   	0.0750377  
  3.1632  	-1.89138   	0.0749989  
  3.1633  	-1.89068   	0.0749602  
  3.1634  	-1.88997   	0.0749214  
  3.1635  	-1.88927   	0.0748827  
  3.1636  	-1.88857   	0.074844   
  3.1637  	-1.88787   	0.0748054  
  3.1638  	-1.88717   	0.0747668  
  3.1639  	-1.88647   	0.0747282  
  3.164   	-1.88577   	0.0746896  
  3.1641  	-1.88508   	0.0746511  
  3.1642  	-1.88438   	0.0746126  
  3.1643  	-1.88368   	0.0745741  
  3.1644  	-1.88298   	0.0745357  
  3.1645  	-1.88229   	0.0744973  
  3.1646  	-1.88159   	0.0744589  
  3.1647  	-1.88089   	0.0744205  
  3.1648  	-1.8802    	0.0743822  
  3.1649  	-1.8795    	0.0743439  
  3.165   	-1.87881   	0.0743057  
  3.1651  	-1.87811   	0.0742674  
  3.1652  	-1.87742   	0.0742292  
  3.1653  	-1.87672   	0.0741911  
  3.1654  	-1.87603   	0.0741529  
  3.1655  	-1.87534   	0.0741148  
  3.1656  	-1.87464   	0.0740767  
  3.1657  	-1.87395   	0.0740387  
  3.1658  	-1.87326   	0.0740006  
  3.1659  	-1.87257   	0.0739627  
  3.166   	-1.87188   	0.0739247  
  3.1661  	-1.87118   	0.0738868  
  3.1662  	-1.87049   	0.0738489  
  3.1663  	-1.8698    	0.073811   
  3.1664  	-1.86911   	0.0737731  
  3.1665  	-1.86842   	0.0737353  
  3.1666  	-1.86773   	0.0736975  
  3.1667  	-1.86705   	0.0736598  
  3.1668  	-1.86636   	0.0736221  
  3.1669  	-1.86567   	0.0735844  
  3.167   	-1.86498   	0.0735467  
  3.1671  	-1.86429   	0.073509   
  3.1672  	-1.86361   	0.0734714  
  3.1673  	-1.86292   	0.0734339  
  3.1674  	-1.86224   	0.0733963  
  3.1675  	-1.86155   	0.0733588  
  3.1676  	-1.86086   	0.0733213  
  3.1677  	-1.86018   	0.0732838  
  3.1678  	-1.85949   	0.0732464  
  3.1679  	-1.85881   	0.073209   
  3.168   	-1.85813   	0.0731716  
  3.1681  	-1.85744   	0.0731343  
  3.1682  	-1.85676   	0.0730969  
  3.1683  	-1.85608   	0.0730596  
  3.1684  	-1.85539   	0.0730224  
  3.1685  	-1.85471   	0.0729852  
  3.1686  	-1.85403   	0.072948   
  3.1687  	-1.85335   	0.0729108  
  3.1688  	-1.85267   	0.0728736  
  3.1689  	-1.85199   	0.0728365  
  3.169   	-1.85131   	0.0727994  
  3.1691  	-1.85063   	0.0727624  
  3.1692  	-1.84995   	0.0727253  
  3.1693  	-1.84927   	0.0726883  
  3.1694  	-1.84859   	0.0726514  
  3.1695  	-1.84791   	0.0726144  
  3.1696  	-1.84723   	0.0725775  
  3.1697  	-1.84655   	0.0725406  
  3.1698  	-1.84588   	0.0725037  
  3.1699  	-1.8452    	0.0724669  
  3.17    	-1.84452   	0.0724301  
  3.1701  	-1.84385   	0.0723933  
  3.1702  	-1.84317   	0.0723566  
  3.1703  	-1.8425    	0.0723199  
  3.1704  	-1.84182   	0.0722832  
  3.1705  	-1.84115   	0.0722465  
  3.1706  	-1.84047   	0.0722099  
  3.1707  	-1.8398    	0.0721733  
  3.1708  	-1.83912   	0.0721367  
  3.1709  	-1.83845   	0.0721002  
  3.171   	-1.83778   	0.0720636  
  3.1711  	-1.8371    	0.0720271  
  3.1712  	-1.83643   	0.0719907  
  3.1713  	-1.83576   	0.0719542  
  3.1714  	-1.83509   	0.0719178  
  3.1715  	-1.83442   	0.0718815  
  3.1716  	-1.83375   	0.0718451  
  3.1717  	-1.83307   	0.0718088  
  3.1718  	-1.8324    	0.0717725  
  3.1719  	-1.83173   	0.0717362  
  3.172   	-1.83107   	0.0717     
  3.1721  	-1.8304    	0.0716638  
  3.1722  	-1.82973   	0.0716276  
  3.1723  	-1.82906   	0.0715914  
  3.1724  	-1.82839   	0.0715553  
  3.1725  	-1.82772   	0.0715192  
  3.1726  	-1.82706   	0.0714831  
  3.1727  	-1.82639   	0.0714471  
  3.1728  	-1.82572   	0.0714111  
  3.1729  	-1.82506   	0.0713751  
  3.173   	-1.82439   	0.0713391  
  3.1731  	-1.82372   	0.0713032  
  3.1732  	-1.82306   	0.0712673  
  3.1733  	-1.82239   	0.0712314  
  3.1734  	-1.82173   	0.0711955  
  3.1735  	-1.82107   	0.0711597  
  3.1736  	-1.8204    	0.0711239  
  3.1737  	-1.81974   	0.0710881  
  3.1738  	-1.81907   	0.0710524  
  3.1739  	-1.81841   	0.0710167  
  3.174   	-1.81775   	0.070981   
  3.1741  	-1.81709   	0.0709453  
  3.1742  	-1.81643   	0.0709097  
  3.1743  	-1.81576   	0.0708741  
  3.1744  	-1.8151    	0.0708385  
  3.1745  	-1.81444   	0.070803   
  3.1746  	-1.81378   	0.0707674  
  3.1747  	-1.81312   	0.0707319  
  3.1748  	-1.81246   	0.0706965  
  3.1749  	-1.8118    	0.070661   
  3.175   	-1.81114   	0.0706256  
  3.1751  	-1.81049   	0.0705902  
  3.1752  	-1.80983   	0.0705549  
  3.1753  	-1.80917   	0.0705195  
  3.1754  	-1.80851   	0.0704842  
  3.1755  	-1.80785   	0.0704489  
  3.1756  	-1.8072    	0.0704137  
  3.1757  	-1.80654   	0.0703785  
  3.1758  	-1.80589   	0.0703433  
  3.1759  	-1.80523   	0.0703081  
  3.176   	-1.80457   	0.0702729  
  3.1761  	-1.80392   	0.0702378  
  3.1762  	-1.80326   	0.0702027  
  3.1763  	-1.80261   	0.0701677  
  3.1764  	-1.80196   	0.0701326  
  3.1765  	-1.8013    	0.0700976  
  3.1766  	-1.80065   	0.0700626  
  3.1767  	-1.8       	0.0700277  
  3.1768  	-1.79934   	0.0699927  
  3.1769  	-1.79869   	0.0699578  
  3.177   	-1.79804   	0.0699229  
  3.1771  	-1.79739   	0.0698881  
  3.1772  	-1.79673   	0.0698533  
  3.1773  	-1.79608   	0.0698185  
  3.1774  	-1.79543   	0.0697837  
  3.1775  	-1.79478   	0.0697489  
  3.1776  	-1.79413   	0.0697142  
  3.1777  	-1.79348   	0.0696795  
  3.1778  	-1.79283   	0.0696448  
  3.1779  	-1.79218   	0.0696102  
  3.178   	-1.79154   	0.0695756  
  3.1781  	-1.79089   	0.069541   
  3.1782  	-1.79024   	0.0695064  
  3.1783  	-1.78959   	0.0694719  
  3.1784  	-1.78894   	0.0694374  
  3.1785  	-1.7883    	0.0694029  
  3.1786  	-1.78765   	0.0693684  
  3.1787  	-1.787     	0.069334   
  3.1788  	-1.78636   	0.0692996  
  3.1789  	-1.78571   	0.0692652  
  3.179   	-1.78507   	0.0692309  
  3.1791  	-1.78442   	0.0691965  
  3.1792  	-1.78378   	0.0691622  
  3.1793  	-1.78313   	0.069128   
  3.1794  	-1.78249   	0.0690937  
  3.1795  	-1.78185   	0.0690595  
  3.1796  	-1.7812    	0.0690253  
  3.1797  	-1.78056   	0.0689911  
  3.1798  	-1.77992   	0.068957   
  3.1799  	-1.77928   	0.0689229  
  3.18    	-1.77863   	0.0688888  
  3.1801  	-1.77799   	0.0688547  
  3.1802  	-1.77735   	0.0688206  
  3.1803  	-1.77671   	0.0687866  
  3.1804  	-1.77607   	0.0687526  
  3.1805  	-1.77543   	0.0687187  
  3.1806  	-1.77479   	0.0686847  
  3.1807  	-1.77415   	0.0686508  
  3.1808  	-1.77351   	0.0686169  
  3.1809  	-1.77287   	0.0685831  
  3.181   	-1.77223   	0.0685492  
  3.1811  	-1.77159   	0.0685154  
  3.1812  	-1.77096   	0.0684816  
  3.1813  	-1.77032   	0.0684479  
  3.1814  	-1.76968   	0.0684141  
  3.1815  	-1.76904   	0.0683804  
  3.1816  	-1.76841   	0.0683467  
  3.1817  	-1.76777   	0.0683131  
  3.1818  	-1.76714   	0.0682794  
  3.1819  	-1.7665    	0.0682458  
  3.182   	-1.76586   	0.0682122  
  3.1821  	-1.76523   	0.0681787  
  3.1822  	-1.7646    	0.0681451  
  3.1823  	-1.76396   	0.0681116  
  3.1824  	-1.76333   	0.0680781  
  3.1825  	-1.76269   	0.0680447  
  3.1826  	-1.76206   	0.0680113  
  3.1827  	-1.76143   	0.0679779  
  3.1828  	-1.76079   	0.0679445  
  3.1829  	-1.76016   	0.0679111  
  3.183   	-1.75953   	0.0678778  
  3.1831  	-1.7589    	0.0678445  
  3.1832  	-1.75827   	0.0678112  
  3.1833  	-1.75764   	0.0677779  
  3.1834  	-1.757     	0.0677447  
  3.1835  	-1.75637   	0.0677115  
  3.1836  	-1.75574   	0.0676783  
  3.1837  	-1.75511   	0.0676451  
  3.1838  	-1.75448   	0.067612   
  3.1839  	-1.75386   	0.0675789  
  3.184   	-1.75323   	0.0675458  
  3.1841  	-1.7526    	0.0675128  
  3.1842  	-1.75197   	0.0674797  
  3.1843  	-1.75134   	0.0674467  
  3.1844  	-1.75071   	0.0674137  
  3.1845  	-1.75009   	0.0673808  
  3.1846  	-1.74946   	0.0673478  
  3.1847  	-1.74883   	0.0673149  
  3.1848  	-1.74821   	0.0672821  
  3.1849  	-1.74758   	0.0672492  
  3.185   	-1.74696   	0.0672164  
  3.1851  	-1.74633   	0.0671835  
  3.1852  	-1.74571   	0.0671508  
  3.1853  	-1.74508   	0.067118   
  3.1854  	-1.74446   	0.0670853  
  3.1855  	-1.74383   	0.0670525  
  3.1856  	-1.74321   	0.0670199  
  3.1857  	-1.74259   	0.0669872  
  3.1858  	-1.74196   	0.0669545  
  3.1859  	-1.74134   	0.0669219  
  3.186   	-1.74072   	0.0668893  
  3.1861  	-1.7401    	0.0668568  
  3.1862  	-1.73947   	0.0668242  
  3.1863  	-1.73885   	0.0667917  
  3.1864  	-1.73823   	0.0667592  
  3.1865  	-1.73761   	0.0667267  
  3.1866  	-1.73699   	0.0666943  
  3.1867  	-1.73637   	0.0666619  
  3.1868  	-1.73575   	0.0666295  
  3.1869  	-1.73513   	0.0665971  
  3.187   	-1.73451   	0.0665648  
  3.1871  	-1.73389   	0.0665324  
  3.1872  	-1.73327   	0.0665001  
  3.1873  	-1.73266   	0.0664679  
  3.1874  	-1.73204   	0.0664356  
  3.1875  	-1.73142   	0.0664034  
  3.1876  	-1.7308    	0.0663712  
  3.1877  	-1.73019   	0.066339   
  3.1878  	-1.72957   	0.0663068  
  3.1879  	-1.72895   	0.0662747  
  3.188   	-1.72834   	0.0662426  
  3.1881  	-1.72772   	0.0662105  
  3.1882  	-1.72711   	0.0661784  
  3.1883  	-1.72649   	0.0661464  
  3.1884  	-1.72588   	0.0661144  
  3.1885  	-1.72526   	0.0660824  
  3.1886  	-1.72465   	0.0660504  
  3.1887  	-1.72403   	0.0660185  
  3.1888  	-1.72342   	0.0659866  
  3.1889  	-1.72281   	0.0659547  
  3.189   	-1.72219   	0.0659228  
  3.1891  	-1.72158   	0.065891   
  3.1892  	-1.72097   	0.0658591  
  3.1893  	-1.72036   	0.0658273  
  3.1894  	-1.71974   	0.0657956  
  3.1895  	-1.71913   	0.0657638  
  3.1896  	-1.71852   	0.0657321  
  3.1897  	-1.71791   	0.0657004  
  3.1898  	-1.7173    	0.0656687  
  3.1899  	-1.71669   	0.065637   
  3.19    	-1.71608   	0.0656054  
  3.1901  	-1.71547   	0.0655738  
  3.1902  	-1.71486   	0.0655422  
  3.1903  	-1.71425   	0.0655106  
  3.1904  	-1.71364   	0.0654791  
  3.1905  	-1.71304   	0.0654476  
  3.1906  	-1.71243   	0.0654161  
  3.1907  	-1.71182   	0.0653846  
  3.1908  	-1.71121   	0.0653531  
  3.1909  	-1.7106    	0.0653217  
  3.191   	-1.71      	0.0652903  
  3.1911  	-1.70939   	0.0652589  
  3.1912  	-1.70879   	0.0652276  
  3.1913  	-1.70818   	0.0651963  
  3.1914  	-1.70757   	0.0651649  
  3.1915  	-1.70697   	0.0651337  
  3.1916  	-1.70636   	0.0651024  
  3.1917  	-1.70576   	0.0650712  
  3.1918  	-1.70515   	0.0650399  
  3.1919  	-1.70455   	0.0650087  
  3.192   	-1.70395   	0.0649776  
  3.1921  	-1.70334   	0.0649464  
  3.1922  	-1.70274   	0.0649153  
  3.1923  	-1.70214   	0.0648842  
  3.1924  	-1.70153   	0.0648531  
  3.1925  	-1.70093   	0.0648221  
  3.1926  	-1.70033   	0.064791   
  3.1927  	-1.69973   	0.06476    
  3.1928  	-1.69913   	0.064729   
  3.1929  	-1.69853   	0.0646981  
  3.193   	-1.69793   	0.0646671  
  3.1931  	-1.69733   	0.0646362  
  3.1932  	-1.69672   	0.0646053  
  3.1933  	-1.69613   	0.0645744  
  3.1934  	-1.69553   	0.0645436  
  3.1935  	-1.69493   	0.0645127  
  3.1936  	-1.69433   	0.0644819  
  3.1937  	-1.69373   	0.0644512  
  3.1938  	-1.69313   	0.0644204  
  3.1939  	-1.69253   	0.0643897  
  3.194   	-1.69193   	0.0643589  
  3.1941  	-1.69134   	0.0643283  
  3.1942  	-1.69074   	0.0642976  
  3.1943  	-1.69014   	0.0642669  
  3.1944  	-1.68955   	0.0642363  
  3.1945  	-1.68895   	0.0642057  
  3.1946  	-1.68835   	0.0641751  
  3.1947  	-1.68776   	0.0641446  
  3.1948  	-1.68716   	0.064114   
  3.1949  	-1.68657   	0.0640835  
  3.195   	-1.68597   	0.064053   
  3.1951  	-1.68538   	0.0640226  
  3.1952  	-1.68478   	0.0639921  
  3.1953  	-1.68419   	0.0639617  
  3.1954  	-1.6836    	0.0639313  
  3.1955  	-1.683     	0.0639009  
  3.1956  	-1.68241   	0.0638706  
  3.1957  	-1.68182   	0.0638402  
  3.1958  	-1.68123   	0.0638099  
  3.1959  	-1.68063   	0.0637796  
  3.196   	-1.68004   	0.0637494  
  3.1961  	-1.67945   	0.0637191  
  3.1962  	-1.67886   	0.0636889  
  3.1963  	-1.67827   	0.0636587  
  3.1964  	-1.67768   	0.0636285  
  3.1965  	-1.67709   	0.0635983  
  3.1966  	-1.6765    	0.0635682  
  3.1967  	-1.67591   	0.0635381  
  3.1968  	-1.67532   	0.063508   
  3.1969  	-1.67473   	0.0634779  
  3.197   	-1.67414   	0.0634479  
  3.1971  	-1.67355   	0.0634179  
  3.1972  	-1.67296   	0.0633879  
  3.1973  	-1.67237   	0.0633579  
  3.1974  	-1.67179   	0.0633279  
  3.1975  	-1.6712    	0.063298   
  3.1976  	-1.67061   	0.0632681  
  3.1977  	-1.67003   	0.0632382  
  3.1978  	-1.66944   	0.0632083  
  3.1979  	-1.66885   	0.0631785  
  3.198   	-1.66827   	0.0631486  
  3.1981  	-1.66768   	0.0631188  
  3.1982  	-1.6671    	0.063089   
  3.1983  	-1.66651   	0.0630593  
  3.1984  	-1.66593   	0.0630295  
  3.1985  	-1.66534   	0.0629998  
  3.1986  	-1.66476   	0.0629701  
  3.1987  	-1.66417   	0.0629404  
  3.1988  	-1.66359   	0.0629108  
  3.1989  	-1.66301   	0.0628811  
  3.199   	-1.66242   	0.0628515  
  3.1991  	-1.66184   	0.0628219  
  3.1992  	-1.66126   	0.0627924  
  3.1993  	-1.66067   	0.0627628  
  3.1994  	-1.66009   	0.0627333  
  3.1995  	-1.65951   	0.0627038  
  3.1996  	-1.65893   	0.0626743  
  3.1997  	-1.65835   	0.0626448  
  3.1998  	-1.65777   	0.0626154  
  3.1999  	-1.65719   	0.062586   
  3.2     	-1.65661   	0.0625566  
  3.2001  	-1.65603   	0.0625272  
  3.2002  	-1.65545   	0.0624979  
  3.2003  	-1.65487   	0.0624685  
  3.2004  	-1.65429   	0.0624392  
  3.2005  	-1.65371   	0.0624099  
  3.2006  	-1.65313   	0.0623807  
  3.2007  	-1.65255   	0.0623514  
  3.2008  	-1.65197   	0.0623222  
  3.2009  	-1.6514    	0.062293   
  3.201   	-1.65082   	0.0622638  
  3.2011  	-1.65024   	0.0622346  
  3.2012  	-1.64967   	0.0622055  
  3.2013  	-1.64909   	0.0621764  
  3.2014  	-1.64851   	0.0621473  
  3.2015  	-1.64794   	0.0621182  
  3.2016  	-1.64736   	0.0620891  
  3.2017  	-1.64679   	0.0620601  
  3.2018  	-1.64621   	0.0620311  
  3.2019  	-1.64564   	0.0620021  
  3.202   	-1.64506   	0.0619731  
  3.2021  	-1.64449   	0.0619441  
  3.2022  	-1.64391   	0.0619152  
  3.2023  	-1.64334   	0.0618863  
  3.2024  	-1.64277   	0.0618574  
  3.2025  	-1.64219   	0.0618285  
  3.2026  	-1.64162   	0.0617997  
  3.2027  	-1.64105   	0.0617709  
  3.2028  	-1.64047   	0.0617421  
  3.2029  	-1.6399    	0.0617133  
  3.203   	-1.63933   	0.0616845  
  3.2031  	-1.63876   	0.0616558  
  3.2032  	-1.63819   	0.061627   
  3.2033  	-1.63762   	0.0615983  
  3.2034  	-1.63705   	0.0615697  
  3.2035  	-1.63648   	0.061541   
  3.2036  	-1.63591   	0.0615124  
  3.2037  	-1.63534   	0.0614837  
  3.2038  	-1.63477   	0.0614551  
  3.2039  	-1.6342    	0.0614266  
  3.204   	-1.63363   	0.061398   
  3.2041  	-1.63306   	0.0613695  
  3.2042  	-1.63249   	0.0613409  
  3.2043  	-1.63192   	0.0613124  
  3.2044  	-1.63135   	0.061284   
  3.2045  	-1.63079   	0.0612555  
  3.2046  	-1.63022   	0.0612271  
  3.2047  	-1.62965   	0.0611987  
  3.2048  	-1.62909   	0.0611703  
  3.2049  	-1.62852   	0.0611419  
  3.205   	-1.62795   	0.0611135  
  3.2051  	-1.62739   	0.0610852  
  3.2052  	-1.62682   	0.0610569  
  3.2053  	-1.62626   	0.0610286  
  3.2054  	-1.62569   	0.0610003  
  3.2055  	-1.62513   	0.0609721  
  3.2056  	-1.62456   	0.0609439  
  3.2057  	-1.624     	0.0609156  
  3.2058  	-1.62343   	0.0608874  
  3.2059  	-1.62287   	0.0608593  
  3.206   	-1.6223    	0.0608311  
  3.2061  	-1.62174   	0.060803   
  3.2062  	-1.62118   	0.0607749  
  3.2063  	-1.62062   	0.0607468  
  3.2064  	-1.62005   	0.0607187  
  3.2065  	-1.61949   	0.0606907  
  3.2066  	-1.61893   	0.0606626  
  3.2067  	-1.61837   	0.0606346  
  3.2068  	-1.61781   	0.0606067  
  3.2069  	-1.61724   	0.0605787  
  3.207   	-1.61668   	0.0605507  
  3.2071  	-1.61612   	0.0605228  
  3.2072  	-1.61556   	0.0604949  
  3.2073  	-1.615     	0.060467   
  3.2074  	-1.61444   	0.0604391  
  3.2075  	-1.61388   	0.0604113  
  3.2076  	-1.61332   	0.0603835  
  3.2077  	-1.61277   	0.0603557  
  3.2078  	-1.61221   	0.0603279  
  3.2079  	-1.61165   	0.0603001  
  3.208   	-1.61109   	0.0602723  
  3.2081  	-1.61053   	0.0602446  
  3.2082  	-1.60998   	0.0602169  
  3.2083  	-1.60942   	0.0601892  
  3.2084  	-1.60886   	0.0601615  
  3.2085  	-1.6083    	0.0601339  
  3.2086  	-1.60775   	0.0601063  
  3.2087  	-1.60719   	0.0600787  
  3.2088  	-1.60663   	0.0600511  
  3.2089  	-1.60608   	0.0600235  
  3.209   	-1.60552   	0.0599959  
  3.2091  	-1.60497   	0.0599684  
  3.2092  	-1.60441   	0.0599409  
  3.2093  	-1.60386   	0.0599134  
  3.2094  	-1.6033    	0.0598859  
  3.2095  	-1.60275   	0.0598585  
  3.2096  	-1.6022    	0.059831   
  3.2097  	-1.60164   	0.0598036  
  3.2098  	-1.60109   	0.0597762  
  3.2099  	-1.60054   	0.0597489  
  3.21    	-1.59998   	0.0597215  
  3.2101  	-1.59943   	0.0596942  
  3.2102  	-1.59888   	0.0596668  
  3.2103  	-1.59833   	0.0596395  
  3.2104  	-1.59777   	0.0596123  
  3.2105  	-1.59722   	0.059585   
  3.2106  	-1.59667   	0.0595578  
  3.2107  	-1.59612   	0.0595306  
  3.2108  	-1.59557   	0.0595034  
  3.2109  	-1.59502   	0.0594762  
  3.211   	-1.59447   	0.059449   
  3.2111  	-1.59392   	0.0594219  
  3.2112  	-1.59337   	0.0593947  
  3.2113  	-1.59282   	0.0593676  
  3.2114  	-1.59227   	0.0593406  
  3.2115  	-1.59172   	0.0593135  
  3.2116  	-1.59117   	0.0592864  
  3.2117  	-1.59063   	0.0592594  
  3.2118  	-1.59008   	0.0592324  
  3.2119  	-1.58953   	0.0592054  
  3.212   	-1.58898   	0.0591785  
  3.2121  	-1.58843   	0.0591515  
  3.2122  	-1.58789   	0.0591246  
  3.2123  	-1.58734   	0.0590977  
  3.2124  	-1.58679   	0.0590708  
  3.2125  	-1.58625   	0.0590439  
  3.2126  	-1.5857    	0.059017   
  3.2127  	-1.58516   	0.0589902  
  3.2128  	-1.58461   	0.0589634  
  3.2129  	-1.58407   	0.0589366  
  3.213   	-1.58352   	0.0589098  
  3.2131  	-1.58298   	0.058883   
  3.2132  	-1.58243   	0.0588563  
  3.2133  	-1.58189   	0.0588296  
  3.2134  	-1.58134   	0.0588029  
  3.2135  	-1.5808    	0.0587762  
  3.2136  	-1.58026   	0.0587495  
  3.2137  	-1.57971   	0.0587229  
  3.2138  	-1.57917   	0.0586963  
  3.2139  	-1.57863   	0.0586697  
  3.214   	-1.57808   	0.0586431  
  3.2141  	-1.57754   	0.0586165  
  3.2142  	-1.577     	0.0585899  
  3.2143  	-1.57646   	0.0585634  
  3.2144  	-1.57592   	0.0585369  
  3.2145  	-1.57538   	0.0585104  
  3.2146  	-1.57484   	0.0584839  
  3.2147  	-1.5743    	0.0584575  
  3.2148  	-1.57375   	0.058431   
  3.2149  	-1.57321   	0.0584046  
  3.215   	-1.57267   	0.0583782  
  3.2151  	-1.57214   	0.0583518  
  3.2152  	-1.5716    	0.0583255  
  3.2153  	-1.57106   	0.0582991  
  3.2154  	-1.57052   	0.0582728  
  3.2155  	-1.56998   	0.0582465  
  3.2156  	-1.56944   	0.0582202  
  3.2157  	-1.5689    	0.0581939  
  3.2158  	-1.56836   	0.0581677  
  3.2159  	-1.56783   	0.0581414  
  3.216   	-1.56729   	0.0581152  
  3.2161  	-1.56675   	0.058089   
  3.2162  	-1.56622   	0.0580628  
  3.2163  	-1.56568   	0.0580367  
  3.2164  	-1.56514   	0.0580105  
  3.2165  	-1.56461   	0.0579844  
  3.2166  	-1.56407   	0.0579583  
  3.2167  	-1.56354   	0.0579322  
  3.2168  	-1.563     	0.0579061  
  3.2169  	-1.56247   	0.0578801  
  3.217   	-1.56193   	0.057854   
  3.2171  	-1.5614    	0.057828   
  3.2172  	-1.56086   	0.057802   
  3.2173  	-1.56033   	0.0577761  
  3.2174  	-1.55979   	0.0577501  
  3.2175  	-1.55926   	0.0577242  
  3.2176  	-1.55873   	0.0576982  
  3.2177  	-1.55819   	0.0576723  
  3.2178  	-1.55766   	0.0576464  
  3.2179  	-1.55713   	0.0576206  
  3.218   	-1.5566    	0.0575947  
  3.2181  	-1.55606   	0.0575689  
  3.2182  	-1.55553   	0.0575431  
  3.2183  	-1.555     	0.0575173  
  3.2184  	-1.55447   	0.0574915  
  3.2185  	-1.55394   	0.0574657  
  3.2186  	-1.55341   	0.05744    
  3.2187  	-1.55288   	0.0574143  
  3.2188  	-1.55235   	0.0573886  
  3.2189  	-1.55182   	0.0573629  
  3.219   	-1.55129   	0.0573372  
  3.2191  	-1.55076   	0.0573116  
  3.2192  	-1.55023   	0.0572859  
  3.2193  	-1.5497    	0.0572603  
  3.2194  	-1.54917   	0.0572347  
  3.2195  	-1.54864   	0.0572091  
  3.2196  	-1.54811   	0.0571836  
  3.2197  	-1.54758   	0.057158   
  3.2198  	-1.54706   	0.0571325  
  3.2199  	-1.54653   	0.057107   
  3.22    	-1.546     	0.0570815  
  3.2201  	-1.54547   	0.057056   
  3.2202  	-1.54495   	0.0570306  
  3.2203  	-1.54442   	0.0570051  
  3.2204  	-1.54389   	0.0569797  
  3.2205  	-1.54337   	0.0569543  
  3.2206  	-1.54284   	0.0569289  
  3.2207  	-1.54232   	0.0569036  
  3.2208  	-1.54179   	0.0568782  
  3.2209  	-1.54127   	0.0568529  
  3.221   	-1.54074   	0.0568276  
  3.2211  	-1.54022   	0.0568023  
  3.2212  	-1.53969   	0.056777   
  3.2213  	-1.53917   	0.0567518  
  3.2214  	-1.53864   	0.0567265  
  3.2215  	-1.53812   	0.0567013  
  3.2216  	-1.5376    	0.0566761  
  3.2217  	-1.53707   	0.0566509  
  3.2218  	-1.53655   	0.0566257  
  3.2219  	-1.53603   	0.0566006  
  3.222   	-1.53551   	0.0565754  
  3.2221  	-1.53498   	0.0565503  
  3.2222  	-1.53446   	0.0565252  
  3.2223  	-1.53394   	0.0565001  
  3.2224  	-1.53342   	0.0564751  
  3.2225  	-1.5329    	0.05645    
  3.2226  	-1.53238   	0.056425   
  3.2227  	-1.53185   	0.0564     
  3.2228  	-1.53133   	0.056375   
  3.2229  	-1.53081   	0.05635    
  3.223   	-1.53029   	0.056325   
  3.2231  	-1.52977   	0.0563001  
  3.2232  	-1.52925   	0.0562752  
  3.2233  	-1.52873   	0.0562502  
  3.2234  	-1.52822   	0.0562254  
  3.2235  	-1.5277    	0.0562005  
  3.2236  	-1.52718   	0.0561756  
  3.2237  	-1.52666   	0.0561508  
  3.2238  	-1.52614   	0.056126   
  3.2239  	-1.52562   	0.0561012  
  3.224   	-1.52511   	0.0560764  
  3.2241  	-1.52459   	0.0560516  
  3.2242  	-1.52407   	0.0560268  
  3.2243  	-1.52355   	0.0560021  
  3.2244  	-1.52304   	0.0559774  
  3.2245  	-1.52252   	0.0559527  
  3.2246  	-1.522     	0.055928   
  3.2247  	-1.52149   	0.0559033  
  3.2248  	-1.52097   	0.0558787  
  3.2249  	-1.52046   	0.055854   
  3.225   	-1.51994   	0.0558294  
  3.2251  	-1.51943   	0.0558048  
  3.2252  	-1.51891   	0.0557802  
  3.2253  	-1.5184    	0.0557557  
  3.2254  	-1.51788   	0.0557311  
  3.2255  	-1.51737   	0.0557066  
  3.2256  	-1.51685   	0.0556821  
  3.2257  	-1.51634   	0.0556576  
  3.2258  	-1.51583   	0.0556331  
  3.2259  	-1.51531   	0.0556086  
  3.226   	-1.5148    	0.0555842  
  3.2261  	-1.51429   	0.0555598  
  3.2262  	-1.51378   	0.0555353  
  3.2263  	-1.51326   	0.0555109  
  3.2264  	-1.51275   	0.0554866  
  3.2265  	-1.51224   	0.0554622  
  3.2266  	-1.51173   	0.0554379  
  3.2267  	-1.51122   	0.0554135  
  3.2268  	-1.51071   	0.0553892  
  3.2269  	-1.51019   	0.0553649  
  3.227   	-1.50968   	0.0553406  
  3.2271  	-1.50917   	0.0553164  
  3.2272  	-1.50866   	0.0552921  
  3.2273  	-1.50815   	0.0552679  
  3.2274  	-1.50764   	0.0552437  
  3.2275  	-1.50713   	0.0552195  
  3.2276  	-1.50662   	0.0551953  
  3.2277  	-1.50612   	0.0551712  
  3.2278  	-1.50561   	0.055147   
  3.2279  	-1.5051    	0.0551229  
  3.228   	-1.50459   	0.0550988  
  3.2281  	-1.50408   	0.0550747  
  3.2282  	-1.50357   	0.0550506  
  3.2283  	-1.50307   	0.0550265  
  3.2284  	-1.50256   	0.0550025  
  3.2285  	-1.50205   	0.0549785  
  3.2286  	-1.50154   	0.0549545  
  3.2287  	-1.50104   	0.0549305  
  3.2288  	-1.50053   	0.0549065  
  3.2289  	-1.50003   	0.0548825  
  3.229   	-1.49952   	0.0548586  
  3.2291  	-1.49901   	0.0548346  
  3.2292  	-1.49851   	0.0548107  
  3.2293  	-1.498     	0.0547868  
  3.2294  	-1.4975    	0.054763   
  3.2295  	-1.49699   	0.0547391  
  3.2296  	-1.49649   	0.0547152  
  3.2297  	-1.49598   	0.0546914  
  3.2298  	-1.49548   	0.0546676  
  3.2299  	-1.49498   	0.0546438  
  3.23    	-1.49447   	0.05462    
  3.2301  	-1.49397   	0.0545963  
  3.2302  	-1.49346   	0.0545725  
  3.2303  	-1.49296   	0.0545488  
  3.2304  	-1.49246   	0.0545251  
  3.2305  	-1.49196   	0.0545014  
  3.2306  	-1.49145   	0.0544777  
  3.2307  	-1.49095   	0.054454   
  3.2308  	-1.49045   	0.0544303  
  3.2309  	-1.48995   	0.0544067  
  3.231   	-1.48945   	0.0543831  
  3.2311  	-1.48895   	0.0543595  
  3.2312  	-1.48844   	0.0543359  
  3.2313  	-1.48794   	0.0543123  
  3.2314  	-1.48744   	0.0542888  
  3.2315  	-1.48694   	0.0542652  
  3.2316  	-1.48644   	0.0542417  
  3.2317  	-1.48594   	0.0542182  
  3.2318  	-1.48544   	0.0541947  
  3.2319  	-1.48494   	0.0541713  
  3.232   	-1.48444   	0.0541478  
  3.2321  	-1.48395   	0.0541244  
  3.2322  	-1.48345   	0.0541009  
  3.2323  	-1.48295   	0.0540775  
  3.2324  	-1.48245   	0.0540541  
  3.2325  	-1.48195   	0.0540308  
  3.2326  	-1.48145   	0.0540074  
  3.2327  	-1.48096   	0.053984   
  3.2328  	-1.48046   	0.0539607  
  3.2329  	-1.47996   	0.0539374  
  3.233   	-1.47946   	0.0539141  
  3.2331  	-1.47897   	0.0538908  
  3.2332  	-1.47847   	0.0538676  
  3.2333  	-1.47797   	0.0538443  
  3.2334  	-1.47748   	0.0538211  
  3.2335  	-1.47698   	0.0537979  
  3.2336  	-1.47649   	0.0537747  
  3.2337  	-1.47599   	0.0537515  
  3.2338  	-1.4755    	0.0537283  
  3.2339  	-1.475     	0.0537051  
  3.234   	-1.47451   	0.053682   
  3.2341  	-1.47401   	0.0536589  
  3.2342  	-1.47352   	0.0536358  
  3.2343  	-1.47302   	0.0536127  
  3.2344  	-1.47253   	0.0535896  
  3.2345  	-1.47204   	0.0535666  
  3.2346  	-1.47154   	0.0535435  
  3.2347  	-1.47105   	0.0535205  
  3.2348  	-1.47056   	0.0534975  
  3.2349  	-1.47006   	0.0534745  
  3.235   	-1.46957   	0.0534515  
  3.2351  	-1.46908   	0.0534285  
  3.2352  	-1.46859   	0.0534056  
  3.2353  	-1.4681    	0.0533826  
  3.2354  	-1.4676    	0.0533597  
  3.2355  	-1.46711   	0.0533368  
  3.2356  	-1.46662   	0.0533139  
  3.2357  	-1.46613   	0.0532911  
  3.2358  	-1.46564   	0.0532682  
  3.2359  	-1.46515   	0.0532454  
  3.236   	-1.46466   	0.0532225  
  3.2361  	-1.46417   	0.0531997  
  3.2362  	-1.46368   	0.0531769  
  3.2363  	-1.46319   	0.0531542  
  3.2364  	-1.4627    	0.0531314  
  3.2365  	-1.46221   	0.0531086  
  3.2366  	-1.46172   	0.0530859  
  3.2367  	-1.46123   	0.0530632  
  3.2368  	-1.46074   	0.0530405  
  3.2369  	-1.46025   	0.0530178  
  3.237   	-1.45977   	0.0529951  
  3.2371  	-1.45928   	0.0529725  
  3.2372  	-1.45879   	0.0529498  
  3.2373  	-1.4583    	0.0529272  
  3.2374  	-1.45782   	0.0529046  
  3.2375  	-1.45733   	0.052882   
  3.2376  	-1.45684   	0.0528594  
  3.2377  	-1.45636   	0.0528369  
  3.2378  	-1.45587   	0.0528143  
  3.2379  	-1.45538   	0.0527918  
  3.238   	-1.4549    	0.0527693  
  3.2381  	-1.45441   	0.0527468  
  3.2382  	-1.45393   	0.0527243  
  3.2383  	-1.45344   	0.0527018  
  3.2384  	-1.45295   	0.0526794  
  3.2385  	-1.45247   	0.0526569  
  3.2386  	-1.45199   	0.0526345  
  3.2387  	-1.4515    	0.0526121  
  3.2388  	-1.45102   	0.0525897  
  3.2389  	-1.45053   	0.0525673  
  3.239   	-1.45005   	0.0525449  
  3.2391  	-1.44956   	0.0525226  
  3.2392  	-1.44908   	0.0525003  
  3.2393  	-1.4486    	0.0524779  
  3.2394  	-1.44811   	0.0524556  
  3.2395  	-1.44763   	0.0524333  
  3.2396  	-1.44715   	0.0524111  
  3.2397  	-1.44667   	0.0523888  
  3.2398  	-1.44618   	0.0523666  
  3.2399  	-1.4457    	0.0523443  
  3.24    	-1.44522   	0.0523221  
  3.2401  	-1.44474   	0.0522999  
  3.2402  	-1.44426   	0.0522777  
  3.2403  	-1.44378   	0.0522556  
  3.2404  	-1.4433    	0.0522334  
  3.2405  	-1.44282   	0.0522113  
  3.2406  	-1.44234   	0.0521892  
  3.2407  	-1.44185   	0.052167   
  3.2408  	-1.44137   	0.052145   
  3.2409  	-1.4409    	0.0521229  
  3.241   	-1.44042   	0.0521008  
  3.2411  	-1.43994   	0.0520788  
  3.2412  	-1.43946   	0.0520567  
  3.2413  	-1.43898   	0.0520347  
  3.2414  	-1.4385    	0.0520127  
  3.2415  	-1.43802   	0.0519907  
  3.2416  	-1.43754   	0.0519687  
  3.2417  	-1.43706   	0.0519468  
  3.2418  	-1.43659   	0.0519248  
  3.2419  	-1.43611   	0.0519029  
  3.242   	-1.43563   	0.051881   
  3.2421  	-1.43515   	0.0518591  
  3.2422  	-1.43468   	0.0518372  
  3.2423  	-1.4342    	0.0518153  
  3.2424  	-1.43372   	0.0517935  
  3.2425  	-1.43325   	0.0517716  
  3.2426  	-1.43277   	0.0517498  
  3.2427  	-1.43229   	0.051728   
  3.2428  	-1.43182   	0.0517062  
  3.2429  	-1.43134   	0.0516844  
  3.243   	-1.43087   	0.0516626  
  3.2431  	-1.43039   	0.0516409  
  3.2432  	-1.42992   	0.0516191  
  3.2433  	-1.42944   	0.0515974  
  3.2434  	-1.42897   	0.0515757  
  3.2435  	-1.42849   	0.051554   
  3.2436  	-1.42802   	0.0515323  
  3.2437  	-1.42754   	0.0515107  
  3.2438  	-1.42707   	0.051489   
  3.2439  	-1.4266    	0.0514674  
  3.244   	-1.42612   	0.0514457  
  3.2441  	-1.42565   	0.0514241  
  3.2442  	-1.42518   	0.0514025  
  3.2443  	-1.4247    	0.051381   
  3.2444  	-1.42423   	0.0513594  
  3.2445  	-1.42376   	0.0513378  
  3.2446  	-1.42329   	0.0513163  
  3.2447  	-1.42282   	0.0512948  
  3.2448  	-1.42234   	0.0512733  
  3.2449  	-1.42187   	0.0512518  
  3.245   	-1.4214    	0.0512303  
  3.2451  	-1.42093   	0.0512088  
  3.2452  	-1.42046   	0.0511874  
  3.2453  	-1.41999   	0.051166   
  3.2454  	-1.41952   	0.0511445  
  3.2455  	-1.41905   	0.0511231  
  3.2456  	-1.41858   	0.0511017  
  3.2457  	-1.41811   	0.0510804  
  3.2458  	-1.41764   	0.051059   
  3.2459  	-1.41717   	0.0510376  
  3.246   	-1.4167    	0.0510163  
  3.2461  	-1.41623   	0.050995   
  3.2462  	-1.41576   	0.0509737  
  3.2463  	-1.41529   	0.0509524  
  3.2464  	-1.41482   	0.0509311  
  3.2465  	-1.41436   	0.0509098  
  3.2466  	-1.41389   	0.0508886  
  3.2467  	-1.41342   	0.0508674  
  3.2468  	-1.41295   	0.0508461  
  3.2469  	-1.41248   	0.0508249  
  3.247   	-1.41202   	0.0508037  
  3.2471  	-1.41155   	0.0507826  
  3.2472  	-1.41108   	0.0507614  
  3.2473  	-1.41062   	0.0507402  
  3.2474  	-1.41015   	0.0507191  
  3.2475  	-1.40968   	0.050698   
  3.2476  	-1.40922   	0.0506769  
  3.2477  	-1.40875   	0.0506558  
  3.2478  	-1.40829   	0.0506347  
  3.2479  	-1.40782   	0.0506136  
  3.248   	-1.40736   	0.0505926  
  3.2481  	-1.40689   	0.0505716  
  3.2482  	-1.40643   	0.0505505  
  3.2483  	-1.40596   	0.0505295  
  3.2484  	-1.4055    	0.0505085  
  3.2485  	-1.40503   	0.0504875  
  3.2486  	-1.40457   	0.0504666  
  3.2487  	-1.40411   	0.0504456  
  3.2488  	-1.40364   	0.0504247  
  3.2489  	-1.40318   	0.0504038  
  3.249   	-1.40271   	0.0503828  
  3.2491  	-1.40225   	0.0503619  
  3.2492  	-1.40179   	0.0503411  
  3.2493  	-1.40133   	0.0503202  
  3.2494  	-1.40086   	0.0502993  
  3.2495  	-1.4004    	0.0502785  
  3.2496  	-1.39994   	0.0502577  
  3.2497  	-1.39948   	0.0502369  
  3.2498  	-1.39902   	0.0502161  
  3.2499  	-1.39855   	0.0501953  
  3.25    	-1.39809   	0.0501745  
  3.2501  	-1.39763   	0.0501537  
  3.2502  	-1.39717   	0.050133   
  3.2503  	-1.39671   	0.0501123  
  3.2504  	-1.39625   	0.0500915  
  3.2505  	-1.39579   	0.0500708  
  3.2506  	-1.39533   	0.0500501  
  3.2507  	-1.39487   	0.0500295  
  3.2508  	-1.39441   	0.0500088  
  3.2509  	-1.39395   	0.0499882  
  3.251   	-1.39349   	0.0499675  
  3.2511  	-1.39303   	0.0499469  
  3.2512  	-1.39257   	0.0499263  
  3.2513  	-1.39211   	0.0499057  
  3.2514  	-1.39166   	0.0498851  
  3.2515  	-1.3912    	0.0498645  
  3.2516  	-1.39074   	0.049844   
  3.2517  	-1.39028   	0.0498235  
  3.2518  	-1.38982   	0.0498029  
  3.2519  	-1.38937   	0.0497824  
  3.252   	-1.38891   	0.0497619  
  3.2521  	-1.38845   	0.0497414  
  3.2522  	-1.388     	0.049721   
  3.2523  	-1.38754   	0.0497005  
  3.2524  	-1.38708   	0.0496801  
  3.2525  	-1.38663   	0.0496596  
  3.2526  	-1.38617   	0.0496392  
  3.2527  	-1.38571   	0.0496188  
  3.2528  	-1.38526   	0.0495984  
  3.2529  	-1.3848    	0.049578   
  3.253   	-1.38435   	0.0495577  
  3.2531  	-1.38389   	0.0495373  
  3.2532  	-1.38344   	0.049517   
  3.2533  	-1.38298   	0.0494967  
  3.2534  	-1.38253   	0.0494764  
  3.2535  	-1.38207   	0.0494561  
  3.2536  	-1.38162   	0.0494358  
  3.2537  	-1.38116   	0.0494155  
  3.2538  	-1.38071   	0.0493953  
  3.2539  	-1.38026   	0.049375   
  3.254   	-1.3798    	0.0493548  
  3.2541  	-1.37935   	0.0493346  
  3.2542  	-1.3789    	0.0493144  
  3.2543  	-1.37844   	0.0492942  
  3.2544  	-1.37799   	0.049274   
  3.2545  	-1.37754   	0.0492538  
  3.2546  	-1.37709   	0.0492337  
  3.2547  	-1.37664   	0.0492136  
  3.2548  	-1.37618   	0.0491934  
  3.2549  	-1.37573   	0.0491733  
  3.255   	-1.37528   	0.0491532  
  3.2551  	-1.37483   	0.0491331  
  3.2552  	-1.37438   	0.0491131  
  3.2553  	-1.37393   	0.049093   
  3.2554  	-1.37348   	0.049073   
  3.2555  	-1.37303   	0.0490529  
  3.2556  	-1.37257   	0.0490329  
  3.2557  	-1.37212   	0.0490129  
  3.2558  	-1.37167   	0.0489929  
  3.2559  	-1.37122   	0.048973   
  3.256   	-1.37078   	0.048953   
  3.2561  	-1.37033   	0.048933   
  3.2562  	-1.36988   	0.0489131  
  3.2563  	-1.36943   	0.0488932  
  3.2564  	-1.36898   	0.0488733  
  3.2565  	-1.36853   	0.0488534  
  3.2566  	-1.36808   	0.0488335  
  3.2567  	-1.36763   	0.0488136  
  3.2568  	-1.36718   	0.0487938  
  3.2569  	-1.36674   	0.0487739  
  3.257   	-1.36629   	0.0487541  
  3.2571  	-1.36584   	0.0487343  
  3.2572  	-1.36539   	0.0487145  
  3.2573  	-1.36495   	0.0486947  
  3.2574  	-1.3645    	0.0486749  
  3.2575  	-1.36405   	0.0486551  
  3.2576  	-1.36361   	0.0486354  
  3.2577  	-1.36316   	0.0486156  
  3.2578  	-1.36271   	0.0485959  
  3.2579  	-1.36227   	0.0485762  
  3.258   	-1.36182   	0.0485565  
  3.2581  	-1.36138   	0.0485368  
  3.2582  	-1.36093   	0.0485171  
  3.2583  	-1.36049   	0.0484974  
  3.2584  	-1.36004   	0.0484778  
  3.2585  	-1.3596    	0.0484581  
  3.2586  	-1.35915   	0.0484385  
  3.2587  	-1.35871   	0.0484189  
  3.2588  	-1.35826   	0.0483993  
  3.2589  	-1.35782   	0.0483797  
  3.259   	-1.35737   	0.0483602  
  3.2591  	-1.35693   	0.0483406  
  3.2592  	-1.35649   	0.048321   
  3.2593  	-1.35604   	0.0483015  
  3.2594  	-1.3556    	0.048282   
  3.2595  	-1.35516   	0.0482625  
  3.2596  	-1.35471   	0.048243   
  3.2597  	-1.35427   	0.0482235  
  3.2598  	-1.35383   	0.048204   
  3.2599  	-1.35339   	0.0481846  
  3.26    	-1.35294   	0.0481651  
  3.2601  	-1.3525    	0.0481457  
  3.2602  	-1.35206   	0.0481263  
  3.2603  	-1.35162   	0.0481069  
  3.2604  	-1.35118   	0.0480875  
  3.2605  	-1.35074   	0.0480681  
  3.2606  	-1.3503    	0.0480487  
  3.2607  	-1.34985   	0.0480294  
  3.2608  	-1.34941   	0.04801    
  3.2609  	-1.34897   	0.0479907  
  3.261   	-1.34853   	0.0479714  
  3.2611  	-1.34809   	0.0479521  
  3.2612  	-1.34765   	0.0479328  
  3.2613  	-1.34721   	0.0479135  
  3.2614  	-1.34677   	0.0478942  
  3.2615  	-1.34633   	0.047875   
  3.2616  	-1.3459    	0.0478557  
  3.2617  	-1.34546   	0.0478365  
  3.2618  	-1.34502   	0.0478173  
  3.2619  	-1.34458   	0.0477981  
  3.262   	-1.34414   	0.0477789  
  3.2621  	-1.3437    	0.0477597  
  3.2622  	-1.34326   	0.0477405  
  3.2623  	-1.34283   	0.0477214  
  3.2624  	-1.34239   	0.0477022  
  3.2625  	-1.34195   	0.0476831  
  3.2626  	-1.34151   	0.047664   
  3.2627  	-1.34108   	0.0476449  
  3.2628  	-1.34064   	0.0476258  
  3.2629  	-1.3402    	0.0476067  
  3.263   	-1.33977   	0.0475876  
  3.2631  	-1.33933   	0.0475686  
  3.2632  	-1.33889   	0.0475495  
  3.2633  	-1.33846   	0.0475305  
  3.2634  	-1.33802   	0.0475115  
  3.2635  	-1.33758   	0.0474925  
  3.2636  	-1.33715   	0.0474735  
  3.2637  	-1.33671   	0.0474545  
  3.2638  	-1.33628   	0.0474355  
  3.2639  	-1.33584   	0.0474166  
  3.264   	-1.33541   	0.0473976  
  3.2641  	-1.33497   	0.0473787  
  3.2642  	-1.33454   	0.0473598  
  3.2643  	-1.33411   	0.0473409  
  3.2644  	-1.33367   	0.047322   
  3.2645  	-1.33324   	0.0473031  
  3.2646  	-1.3328    	0.0472842  
  3.2647  	-1.33237   	0.0472654  
  3.2648  	-1.33194   	0.0472465  
  3.2649  	-1.3315    	0.0472277  
  3.265   	-1.33107   	0.0472089  
  3.2651  	-1.33064   	0.0471901  
  3.2652  	-1.3302    	0.0471713  
  3.2653  	-1.32977   	0.0471525  
  3.2654  	-1.32934   	0.0471337  
  3.2655  	-1.32891   	0.0471149  
  3.2656  	-1.32848   	0.0470962  
  3.2657  	-1.32804   	0.0470775  
  3.2658  	-1.32761   	0.0470587  
  3.2659  	-1.32718   	0.04704    
  3.266   	-1.32675   	0.0470213  
  3.2661  	-1.32632   	0.0470026  
  3.2662  	-1.32589   	0.046984   
  3.2663  	-1.32546   	0.0469653  
  3.2664  	-1.32503   	0.0469466  
  3.2665  	-1.3246    	0.046928   
  3.2666  	-1.32417   	0.0469094  
  3.2667  	-1.32374   	0.0468908  
  3.2668  	-1.32331   	0.0468722  
  3.2669  	-1.32288   	0.0468536  
  3.267   	-1.32245   	0.046835   
  3.2671  	-1.32202   	0.0468164  
  3.2672  	-1.32159   	0.0467979  
  3.2673  	-1.32116   	0.0467793  
  3.2674  	-1.32073   	0.0467608  
  3.2675  	-1.3203    	0.0467423  
  3.2676  	-1.31987   	0.0467238  
  3.2677  	-1.31944   	0.0467053  
  3.2678  	-1.31902   	0.0466868  
  3.2679  	-1.31859   	0.0466683  
  3.268   	-1.31816   	0.0466499  
  3.2681  	-1.31773   	0.0466314  
  3.2682  	-1.31731   	0.046613   
  3.2683  	-1.31688   	0.0465946  
  3.2684  	-1.31645   	0.0465762  
  3.2685  	-1.31602   	0.0465578  
  3.2686  	-1.3156    	0.0465394  
  3.2687  	-1.31517   	0.046521   
  3.2688  	-1.31475   	0.0465026  
  3.2689  	-1.31432   	0.0464843  
  3.269   	-1.31389   	0.0464659  
  3.2691  	-1.31347   	0.0464476  
  3.2692  	-1.31304   	0.0464293  
  3.2693  	-1.31262   	0.046411   
  3.2694  	-1.31219   	0.0463927  
  3.2695  	-1.31177   	0.0463744  
  3.2696  	-1.31134   	0.0463562  
  3.2697  	-1.31092   	0.0463379  
  3.2698  	-1.31049   	0.0463197  
  3.2699  	-1.31007   	0.0463014  
  3.27    	-1.30964   	0.0462832  
  3.2701  	-1.30922   	0.046265   
  3.2702  	-1.30879   	0.0462468  
  3.2703  	-1.30837   	0.0462286  
  3.2704  	-1.30795   	0.0462104  
  3.2705  	-1.30752   	0.0461923  
  3.2706  	-1.3071    	0.0461741  
  3.2707  	-1.30668   	0.046156   
  3.2708  	-1.30625   	0.0461379  
  3.2709  	-1.30583   	0.0461197  
  3.271   	-1.30541   	0.0461016  
  3.2711  	-1.30499   	0.0460836  
  3.2712  	-1.30456   	0.0460655  
  3.2713  	-1.30414   	0.0460474  
  3.2714  	-1.30372   	0.0460293  
  3.2715  	-1.3033    	0.0460113  
  3.2716  	-1.30288   	0.0459933  
  3.2717  	-1.30246   	0.0459752  
  3.2718  	-1.30203   	0.0459572  
  3.2719  	-1.30161   	0.0459392  
  3.272   	-1.30119   	0.0459212  
  3.2721  	-1.30077   	0.0459033  
  3.2722  	-1.30035   	0.0458853  
  3.2723  	-1.29993   	0.0458674  
  3.2724  	-1.29951   	0.0458494  
  3.2725  	-1.29909   	0.0458315  
  3.2726  	-1.29867   	0.0458136  
  3.2727  	-1.29825   	0.0457957  
  3.2728  	-1.29783   	0.0457778  
  3.2729  	-1.29741   	0.0457599  
  3.273   	-1.29699   	0.045742   
  3.2731  	-1.29657   	0.0457241  
  3.2732  	-1.29616   	0.0457063  
  3.2733  	-1.29574   	0.0456885  
  3.2734  	-1.29532   	0.0456706  
  3.2735  	-1.2949    	0.0456528  
  3.2736  	-1.29448   	0.045635   
  3.2737  	-1.29406   	0.0456172  
  3.2738  	-1.29365   	0.0455994  
  3.2739  	-1.29323   	0.0455817  
  3.274   	-1.29281   	0.0455639  
  3.2741  	-1.29239   	0.0455462  
  3.2742  	-1.29198   	0.0455284  
  3.2743  	-1.29156   	0.0455107  
  3.2744  	-1.29114   	0.045493   
  3.2745  	-1.29073   	0.0454753  
  3.2746  	-1.29031   	0.0454576  
  3.2747  	-1.28989   	0.0454399  
  3.2748  	-1.28948   	0.0454223  
  3.2749  	-1.28906   	0.0454046  
  3.275   	-1.28865   	0.045387   
  3.2751  	-1.28823   	0.0453693  
  3.2752  	-1.28781   	0.0453517  
  3.2753  	-1.2874    	0.0453341  
  3.2754  	-1.28698   	0.0453165  
  3.2755  	-1.28657   	0.0452989  
  3.2756  	-1.28615   	0.0452813  
  3.2757  	-1.28574   	0.0452638  
  3.2758  	-1.28533   	0.0452462  
  3.2759  	-1.28491   	0.0452287  
  3.276   	-1.2845    	0.0452112  
  3.2761  	-1.28408   	0.0451936  
  3.2762  	-1.28367   	0.0451761  
  3.2763  	-1.28326   	0.0451586  
  3.2764  	-1.28284   	0.0451411  
  3.2765  	-1.28243   	0.0451237  
  3.2766  	-1.28202   	0.0451062  
  3.2767  	-1.2816    	0.0450888  
  3.2768  	-1.28119   	0.0450713  
  3.2769  	-1.28078   	0.0450539  
  3.277   	-1.28036   	0.0450365  
  3.2771  	-1.27995   	0.0450191  
  3.2772  	-1.27954   	0.0450017  
  3.2773  	-1.27913   	0.0449843  
  3.2774  	-1.27872   	0.0449669  
  3.2775  	-1.2783    	0.0449495  
  3.2776  	-1.27789   	0.0449322  
  3.2777  	-1.27748   	0.0449148  
  3.2778  	-1.27707   	0.0448975  
  3.2779  	-1.27666   	0.0448802  
  3.278   	-1.27625   	0.0448629  
  3.2781  	-1.27584   	0.0448456  
  3.2782  	-1.27543   	0.0448283  
  3.2783  	-1.27502   	0.044811   
  3.2784  	-1.27461   	0.0447938  
  3.2785  	-1.2742    	0.0447765  
  3.2786  	-1.27379   	0.0447593  
  3.2787  	-1.27338   	0.044742   
  3.2788  	-1.27297   	0.0447248  
  3.2789  	-1.27256   	0.0447076  
  3.279   	-1.27215   	0.0446904  
  3.2791  	-1.27174   	0.0446732  
  3.2792  	-1.27133   	0.044656   
  3.2793  	-1.27092   	0.0446389  
  3.2794  	-1.27051   	0.0446217  
  3.2795  	-1.27011   	0.0446046  
  3.2796  	-1.2697    	0.0445874  
  3.2797  	-1.26929   	0.0445703  
  3.2798  	-1.26888   	0.0445532  
  3.2799  	-1.26847   	0.0445361  
  3.28    	-1.26807   	0.044519   
  3.2801  	-1.26766   	0.0445019  
  3.2802  	-1.26725   	0.0444849  
  3.2803  	-1.26684   	0.0444678  
  3.2804  	-1.26644   	0.0444508  
  3.2805  	-1.26603   	0.0444337  
  3.2806  	-1.26562   	0.0444167  
  3.2807  	-1.26522   	0.0443997  
  3.2808  	-1.26481   	0.0443827  
  3.2809  	-1.26441   	0.0443657  
  3.281   	-1.264     	0.0443487  
  3.2811  	-1.26359   	0.0443318  
  3.2812  	-1.26319   	0.0443148  
  3.2813  	-1.26278   	0.0442979  
  3.2814  	-1.26238   	0.0442809  
  3.2815  	-1.26197   	0.044264   
  3.2816  	-1.26157   	0.0442471  
  3.2817  	-1.26116   	0.0442302  
  3.2818  	-1.26076   	0.0442133  
  3.2819  	-1.26035   	0.0441964  
  3.282   	-1.25995   	0.0441795  
  3.2821  	-1.25954   	0.0441627  
  3.2822  	-1.25914   	0.0441458  
  3.2823  	-1.25874   	0.044129   
  3.2824  	-1.25833   	0.0441121  
  3.2825  	-1.25793   	0.0440953  
  3.2826  	-1.25753   	0.0440785  
  3.2827  	-1.25712   	0.0440617  
  3.2828  	-1.25672   	0.0440449  
  3.2829  	-1.25632   	0.0440282  
  3.283   	-1.25591   	0.0440114  
  3.2831  	-1.25551   	0.0439946  
  3.2832  	-1.25511   	0.0439779  
  3.2833  	-1.25471   	0.0439612  
  3.2834  	-1.2543    	0.0439444  
  3.2835  	-1.2539    	0.0439277  
  3.2836  	-1.2535    	0.043911   
  3.2837  	-1.2531    	0.0438943  
  3.2838  	-1.2527    	0.0438776  
  3.2839  	-1.2523    	0.043861   
  3.284   	-1.25189   	0.0438443  
  3.2841  	-1.25149   	0.0438277  
  3.2842  	-1.25109   	0.043811   
  3.2843  	-1.25069   	0.0437944  
  3.2844  	-1.25029   	0.0437778  
  3.2845  	-1.24989   	0.0437612  
  3.2846  	-1.24949   	0.0437446  
  3.2847  	-1.24909   	0.043728   
  3.2848  	-1.24869   	0.0437114  
  3.2849  	-1.24829   	0.0436949  
  3.285   	-1.24789   	0.0436783  
  3.2851  	-1.24749   	0.0436618  
  3.2852  	-1.24709   	0.0436452  
  3.2853  	-1.24669   	0.0436287  
  3.2854  	-1.24629   	0.0436122  
  3.2855  	-1.2459    	0.0435957  
  3.2856  	-1.2455    	0.0435792  
  3.2857  	-1.2451    	0.0435627  
  3.2858  	-1.2447    	0.0435462  
  3.2859  	-1.2443    	0.0435298  
  3.286   	-1.2439    	0.0435133  
  3.2861  	-1.24351   	0.0434969  
  3.2862  	-1.24311   	0.0434805  
  3.2863  	-1.24271   	0.043464   
  3.2864  	-1.24231   	0.0434476  
  3.2865  	-1.24192   	0.0434312  
  3.2866  	-1.24152   	0.0434149  
  3.2867  	-1.24112   	0.0433985  
  3.2868  	-1.24072   	0.0433821  
  3.2869  	-1.24033   	0.0433658  
  3.287   	-1.23993   	0.0433494  
  3.2871  	-1.23953   	0.0433331  
  3.2872  	-1.23914   	0.0433167  
  3.2873  	-1.23874   	0.0433004  
  3.2874  	-1.23835   	0.0432841  
  3.2875  	-1.23795   	0.0432678  
  3.2876  	-1.23756   	0.0432515  
  3.2877  	-1.23716   	0.0432353  
  3.2878  	-1.23676   	0.043219   
  3.2879  	-1.23637   	0.0432028  
  3.288   	-1.23597   	0.0431865  
  3.2881  	-1.23558   	0.0431703  
  3.2882  	-1.23518   	0.0431541  
  3.2883  	-1.23479   	0.0431378  
  3.2884  	-1.2344    	0.0431216  
  3.2885  	-1.234     	0.0431054  
  3.2886  	-1.23361   	0.0430893  
  3.2887  	-1.23321   	0.0430731  
  3.2888  	-1.23282   	0.0430569  
  3.2889  	-1.23243   	0.0430408  
  3.289   	-1.23203   	0.0430246  
  3.2891  	-1.23164   	0.0430085  
  3.2892  	-1.23125   	0.0429924  
  3.2893  	-1.23085   	0.0429763  
  3.2894  	-1.23046   	0.0429602  
  3.2895  	-1.23007   	0.0429441  
  3.2896  	-1.22967   	0.042928   
  3.2897  	-1.22928   	0.0429119  
  3.2898  	-1.22889   	0.0428959  
  3.2899  	-1.2285    	0.0428798  
  3.29    	-1.22811   	0.0428638  
  3.2901  	-1.22771   	0.0428478  
  3.2902  	-1.22732   	0.0428317  
  3.2903  	-1.22693   	0.0428157  
  3.2904  	-1.22654   	0.0427997  
  3.2905  	-1.22615   	0.0427837  
  3.2906  	-1.22576   	0.0427678  
  3.2907  	-1.22537   	0.0427518  
  3.2908  	-1.22498   	0.0427358  
  3.2909  	-1.22459   	0.0427199  
  3.291   	-1.22419   	0.0427039  
  3.2911  	-1.2238    	0.042688   
  3.2912  	-1.22341   	0.0426721  
  3.2913  	-1.22302   	0.0426562  
  3.2914  	-1.22263   	0.0426403  
  3.2915  	-1.22224   	0.0426244  
  3.2916  	-1.22186   	0.0426085  
  3.2917  	-1.22147   	0.0425926  
  3.2918  	-1.22108   	0.0425768  
  3.2919  	-1.22069   	0.0425609  
  3.292   	-1.2203    	0.0425451  
  3.2921  	-1.21991   	0.0425293  
  3.2922  	-1.21952   	0.0425134  
  3.2923  	-1.21913   	0.0424976  
  3.2924  	-1.21874   	0.0424818  
  3.2925  	-1.21836   	0.042466   
  3.2926  	-1.21797   	0.0424503  
  3.2927  	-1.21758   	0.0424345  
  3.2928  	-1.21719   	0.0424187  
  3.2929  	-1.2168    	0.042403   
  3.293   	-1.21642   	0.0423872  
  3.2931  	-1.21603   	0.0423715  
  3.2932  	-1.21564   	0.0423558  
  3.2933  	-1.21526   	0.0423401  
  3.2934  	-1.21487   	0.0423244  
  3.2935  	-1.21448   	0.0423087  
  3.2936  	-1.2141    	0.042293   
  3.2937  	-1.21371   	0.0422773  
  3.2938  	-1.21332   	0.0422617  
  3.2939  	-1.21294   	0.042246   
  3.294   	-1.21255   	0.0422304  
  3.2941  	-1.21217   	0.0422148  
  3.2942  	-1.21178   	0.0421991  
  3.2943  	-1.21139   	0.0421835  
  3.2944  	-1.21101   	0.0421679  
  3.2945  	-1.21062   	0.0421523  
  3.2946  	-1.21024   	0.0421367  
  3.2947  	-1.20985   	0.0421212  
  3.2948  	-1.20947   	0.0421056  
  3.2949  	-1.20908   	0.04209    
  3.295   	-1.2087    	0.0420745  
  3.2951  	-1.20831   	0.042059   
  3.2952  	-1.20793   	0.0420434  
  3.2953  	-1.20755   	0.0420279  
  3.2954  	-1.20716   	0.0420124  
  3.2955  	-1.20678   	0.0419969  
  3.2956  	-1.2064    	0.0419814  
  3.2957  	-1.20601   	0.041966   
  3.2958  	-1.20563   	0.0419505  
  3.2959  	-1.20525   	0.041935   
  3.296   	-1.20486   	0.0419196  
  3.2961  	-1.20448   	0.0419042  
  3.2962  	-1.2041    	0.0418887  
  3.2963  	-1.20371   	0.0418733  
  3.2964  	-1.20333   	0.0418579  
  3.2965  	-1.20295   	0.0418425  
  3.2966  	-1.20257   	0.0418271  
  3.2967  	-1.20218   	0.0418117  
  3.2968  	-1.2018    	0.0417964  
  3.2969  	-1.20142   	0.041781   
  3.297   	-1.20104   	0.0417656  
  3.2971  	-1.20066   	0.0417503  
  3.2972  	-1.20028   	0.041735   
  3.2973  	-1.1999    	0.0417197  
  3.2974  	-1.19951   	0.0417043  
  3.2975  	-1.19913   	0.041689   
  3.2976  	-1.19875   	0.0416737  
  3.2977  	-1.19837   	0.0416585  
  3.2978  	-1.19799   	0.0416432  
  3.2979  	-1.19761   	0.0416279  
  3.298   	-1.19723   	0.0416127  
  3.2981  	-1.19685   	0.0415974  
  3.2982  	-1.19647   	0.0415822  
  3.2983  	-1.19609   	0.041567   
  3.2984  	-1.19571   	0.0415517  
  3.2985  	-1.19533   	0.0415365  
  3.2986  	-1.19495   	0.0415213  
  3.2987  	-1.19457   	0.0415061  
  3.2988  	-1.1942    	0.041491   
  3.2989  	-1.19382   	0.0414758  
  3.299   	-1.19344   	0.0414606  
  3.2991  	-1.19306   	0.0414455  
  3.2992  	-1.19268   	0.0414303  
  3.2993  	-1.1923    	0.0414152  
  3.2994  	-1.19192   	0.0414001  
  3.2995  	-1.19155   	0.041385   
  3.2996  	-1.19117   	0.0413699  
  3.2997  	-1.19079   	0.0413548  
  3.2998  	-1.19041   	0.0413397  
  3.2999  	-1.19004   	0.0413246  
  3.3     	-1.18966   	0.0413095  
